,waldStat_1,df_1,pvalue_1,fdr_1,gene_id
Potri.004G169300,5008.584718,8,0,0,Potri.004G169300
Potri.010G141600,3291.379231,8,0,0,Potri.010G141600
Potri.002G049400,2945.597299,8,0,0,Potri.002G049400
Potri.010G137300,2854.797514,8,0,0,Potri.010G137300
Potri.008G094700,2645.774028,8,0,0,Potri.008G094700
Potri.002G257900,2620.103942,8,0,0,Potri.002G257900
Potri.011G122700,2449.662982,8,0,0,Potri.011G122700
Potri.001G079600,2442.059696,8,0,0,Potri.001G079600
Potri.002G008800,2103.094303,8,0,0,Potri.002G008800
Potri.010G132500,2097.695482,8,0,0,Potri.010G132500
Potri.016G086400,2069.307839,8,0,0,Potri.016G086400
Potri.001G416300,2020.761575,8,0,0,Potri.001G416300
Potri.011G069600,1966.055516,8,0,0,Potri.011G069600
Potri.013G127200,1954.437969,8,0,0,Potri.013G127200
Potri.015G060100,1940.580522,8,0,0,Potri.015G060100
Potri.008G084100,1928.483224,8,0,0,Potri.008G084100
Potri.017G000300,1916.364664,8,0,0,Potri.017G000300
Potri.005G129500,1854.31715,8,0,0,Potri.005G129500
Potri.001G352300,1834.19337,8,0,0,Potri.001G352300
Potri.019G053300,1814.252989,8,0,0,Potri.019G053300
Potri.005G061600,1811.491168,8,0,0,Potri.005G061600
Potri.003G173300,1801.543417,8,0,0,Potri.003G173300
Potri.006G056300,1799.716149,8,0,0,Potri.006G056300
Potri.003G070200,1696.525978,8,0,0,Potri.003G070200
Potri.014G108300,1632.795737,8,0,0,Potri.014G108300
Potri.009G009500,1587.603131,8,0,0,Potri.009G009500
Potri.008G144900,1576.334676,8,0,0,Potri.008G144900
Potri.010G224100,1560.373855,8,0,0,Potri.010G224100
Potri.006G072900,1552.058069,8,0,0,Potri.006G072900
Potri.001G162100,1529.916071,8,0,0,Potri.001G162100
Potri.013G157900,1512.007569,8,0,0,Potri.013G157900
Potri.009G006500,1508.849108,8,0,0,Potri.009G006500
Potri.015G012500,1487.551538,8,0,0,Potri.015G012500
Potri.009G092300,1470.578229,8,0,0,Potri.009G092300
Potri.003G074700,1435.482215,8,0,0,Potri.003G074700
Potri.005G001100,1381.671944,8,0,0,Potri.005G001100
Potri.001G416800,1327.100652,8,0,0,Potri.001G416800
Potri.001G361500,1303.930938,8,0,0,Potri.001G361500
Potri.006G136700,1297.809416,8,0,0,Potri.006G136700
Potri.015G034700,1279.634731,8,0,0,Potri.015G034700
Potri.015G143600,1273.715946,8,0,0,Potri.015G143600
Potri.003G006000,1258.21296,8,0,0,Potri.003G006000
Potri.008G156800,1222.121239,8,0,0,Potri.008G156800
Potri.001G403600,1215.44794,8,0,0,Potri.001G403600
Potri.010G076200,1212.658538,8,0,0,Potri.010G076200
Potri.008G182700,1187.511497,8,0,0,Potri.008G182700
Potri.011G068300,1174.919792,8,0,0,Potri.011G068300
Potri.001G304800,1160.255716,8,0,0,Potri.001G304800
Potri.002G109200,1151.421183,8,0,0,Potri.002G109200
Potri.004G007600,1147.54812,8,0,0,Potri.004G007600
Potri.016G033200,1143.871765,8,0,0,Potri.016G033200
Potri.003G183900,1102.460678,8,0,0,Potri.003G183900
Potri.010G184000,1095.794309,8,0,0,Potri.010G184000
Potri.009G099800,1095.257659,8,0,0,Potri.009G099800
Potri.016G051900,1075.9264,8,0,0,Potri.016G051900
Potri.006G120400,1068.435668,8,0,0,Potri.006G120400
Potri.008G136600,1061.477047,8,0,0,Potri.008G136600
Potri.014G027900,1050.798176,8,0,0,Potri.014G027900
Potri.014G092300,1031.0447,8,0,0,Potri.014G092300
Potri.006G033300,1024.138866,8,0,0,Potri.006G033300
Potri.009G152800,1019.50046,8,0,0,Potri.009G152800
Potri.008G038100,1019.397169,8,0,0,Potri.008G038100
Potri.007G032700,989.8812157,8,0,0,Potri.007G032700
Potri.008G201600,961.6366829,8,0,0,Potri.008G201600
Potri.008G060600,949.522664,8,0,0,Potri.008G060600
Potri.011G165100,932.9352406,8,0,0,Potri.011G165100
Potri.001G237200,930.6539543,8,0,0,Potri.001G237200
Potri.006G067000,906.7284573,8,0,0,Potri.006G067000
Potri.007G107200,904.4224294,8,0,0,Potri.007G107200
Potri.007G012200,893.1090087,8,0,0,Potri.007G012200
Potri.001G112200,890.7231112,8,0,0,Potri.001G112200
Potri.008G006000,883.6722677,8,0,0,Potri.008G006000
Potri.013G083800,879.1638789,8,0,0,Potri.013G083800
Potri.001G049100,877.0625725,8,0,0,Potri.001G049100
Potri.008G188800,860.4503779,8,0,0,Potri.008G188800
Potri.004G190900,854.3607898,8,0,0,Potri.004G190900
Potri.018G018400,853.4666649,8,0,0,Potri.018G018400
Potri.009G074300,830.6978741,8,0,0,Potri.009G074300
Potri.012G080000,830.6080481,8,0,0,Potri.012G080000
Potri.012G142300,823.4105085,8,0,0,Potri.012G142300
Potri.011G096500,822.7472901,8,0,0,Potri.011G096500
Potri.019G130700,821.2572497,8,0,0,Potri.019G130700
Potri.010G095900,816.9752331,8,0,0,Potri.010G095900
Potri.010G174200,810.7389615,8,0,0,Potri.010G174200
Potri.001G107000,805.9011919,8,0,0,Potri.001G107000
Potri.010G001600,804.3723185,8,0,0,Potri.010G001600
Potri.007G098500,795.7784809,8,0,0,Potri.007G098500
Potri.006G152700,786.5379802,8,0,0,Potri.006G152700
Potri.003G084100,782.7597579,8,0,0,Potri.003G084100
Potri.001G361600,778.8221259,8,0,0,Potri.001G361600
Potri.004G138400,776.7793223,8,0,0,Potri.004G138400
Potri.002G101200,776.5139482,8,0,0,Potri.002G101200
Potri.001G121400,768.7614443,8,0,0,Potri.001G121400
Potri.010G042200,765.2676306,8,0,0,Potri.010G042200
Potri.017G143215,764.9403954,8,0,0,Potri.017G143215
Potri.003G073500,753.0265856,8,0,0,Potri.003G073500
Potri.007G038300,746.4065423,8,0,0,Potri.007G038300
Potri.T002066,741.9858659,8,0,0,Potri.T002066
Potri.002G036200,741.2041978,8,0,0,Potri.002G036200
Potri.011G079400,730.5866619,8,0,0,Potri.011G079400
Potri.019G049201,720.9238204,8,0,0,Potri.019G049201
Potri.004G058900,714.9402904,8,0,0,Potri.004G058900
Potri.016G125500,714.2811004,8,0,0,Potri.016G125500
Potri.017G029000,713.2379281,8,0,0,Potri.017G029000
Potri.005G199600,687.3918579,8,0,0,Potri.005G199600
Potri.019G072800,685.2649626,8,0,0,Potri.019G072800
Potri.003G132000,676.4950418,8,0,0,Potri.003G132000
Potri.008G152200,671.4580793,8,0,0,Potri.008G152200
Potri.014G035800,670.9892545,8,0,0,Potri.014G035800
Potri.014G029900,668.1327157,8,0,0,Potri.014G029900
Potri.008G038900,658.6017511,8,0,0,Potri.008G038900
Potri.001G443200,647.9373777,8,0,0,Potri.001G443200
Potri.003G100200,645.801056,8,0,0,Potri.003G100200
Potri.011G116300,641.1403946,8,0,0,Potri.011G116300
Potri.006G052600,638.9915441,8,0,0,Potri.006G052600
Potri.007G131300,634.1551208,8,0,0,Potri.007G131300
Potri.010G036200,632.1135173,8,0,0,Potri.010G036200
Potri.017G059300,630.7015372,8,0,0,Potri.017G059300
Potri.007G087200,627.1273302,8,0,0,Potri.007G087200
Potri.014G076800,626.6928536,8,0,0,Potri.014G076800
Potri.002G240900,624.8640589,8,0,0,Potri.002G240900
Potri.006G220700,624.6095059,8,0,0,Potri.006G220700
Potri.015G142000,611.3003846,8,0,0,Potri.015G142000
Potri.003G183700,611.2070854,8,0,0,Potri.003G183700
Potri.006G123200,606.8012841,8,0,0,Potri.006G123200
Potri.017G083000,604.7375057,8,0,0,Potri.017G083000
Potri.009G011000,600.3076928,8,0,0,Potri.009G011000
Potri.013G031400,600.0628134,8,0,0,Potri.013G031400
Potri.014G040300,597.3713728,8,0,0,Potri.014G040300
Potri.008G069000,590.0638481,8,0,0,Potri.008G069000
Potri.003G120600,589.7526448,8,0,0,Potri.003G120600
Potri.016G006200,588.8016734,8,0,0,Potri.016G006200
Potri.009G087200,586.3075869,8,0,0,Potri.009G087200
Potri.010G216200,585.038277,8,0,0,Potri.010G216200
Potri.011G136700,585.0033695,8,0,0,Potri.011G136700
Potri.011G094800,584.8190824,8,0,0,Potri.011G094800
Potri.009G068600,583.5705595,8,0,0,Potri.009G068600
Potri.001G025100,580.9501994,8,0,0,Potri.001G025100
Potri.015G033600,580.8288688,8,0,0,Potri.015G033600
Potri.007G011900,580.3416391,8,0,0,Potri.007G011900
Potri.017G057900,579.3338723,8,0,0,Potri.017G057900
Potri.013G078500,573.5904743,8,0,0,Potri.013G078500
Potri.011G153700,567.5986595,8,0,0,Potri.011G153700
Potri.001G448400,564.240787,8,0,0,Potri.001G448400
Potri.008G088300,562.4272446,8,0,0,Potri.008G088300
Potri.001G320500,561.2173795,8,0,0,Potri.001G320500
Potri.014G024700,561.1183133,8,0,0,Potri.014G024700
Potri.005G137500,559.1791734,8,0,0,Potri.005G137500
Potri.012G065750,558.4719132,8,0,0,Potri.012G065750
Potri.004G126800,550.3950995,8,0,0,Potri.004G126800
Potri.014G103600,550.2563878,8,0,0,Potri.014G103600
Potri.013G152400,548.1760595,8,0,0,Potri.013G152400
Potri.011G132600,544.2603368,8,0,0,Potri.011G132600
Potri.003G181400,543.72722,8,0,0,Potri.003G181400
Potri.001G028100,543.2605008,8,0,0,Potri.001G028100
Potri.010G105900,541.1208934,8,0,0,Potri.010G105900
Potri.003G162100,541.0118991,8,0,0,Potri.003G162100
Potri.002G146400,539.7881515,8,0,0,Potri.002G146400
Potri.017G059400,537.573297,8,0,0,Potri.017G059400
Potri.008G029800,535.6476315,8,0,0,Potri.008G029800
Potri.018G068700,535.1346039,8,0,0,Potri.018G068700
Potri.004G159300,529.3704883,8,0,0,Potri.004G159300
Potri.005G070400,528.817018,8,0,0,Potri.005G070400
Potri.005G024100,527.0551195,8,0,0,Potri.005G024100
Potri.019G038352,526.6031181,8,0,0,Potri.019G038352
Potri.001G158900,525.0576261,8,0,0,Potri.001G158900
Potri.015G075300,523.7365712,8,0,0,Potri.015G075300
Potri.001G432680,522.8382885,8,0,0,Potri.001G432680
Potri.015G135500,521.7281121,8,0,0,Potri.015G135500
Potri.005G115300,520.3412509,8,0,0,Potri.005G115300
Potri.009G163700,520.1193035,8,0,0,Potri.009G163700
Potri.005G021000,518.7667794,8,0,0,Potri.005G021000
Potri.001G407000,518.4647231,8,0,0,Potri.001G407000
Potri.014G013600,518.0005894,8,0,0,Potri.014G013600
Potri.002G072200,516.6562627,8,0,0,Potri.002G072200
Potri.008G170800,514.5715337,8,0,0,Potri.008G170800
Potri.013G060500,513.7436187,8,0,0,Potri.013G060500
Potri.006G003000,512.8817299,8,0,0,Potri.006G003000
Potri.016G071500,512.8491723,8,0,0,Potri.016G071500
Potri.010G003300,511.9560443,8,0,0,Potri.010G003300
Potri.012G049300,508.8773262,8,0,0,Potri.012G049300
Potri.018G091600,507.4882839,8,0,0,Potri.018G091600
Potri.007G007400,506.6314607,8,0,0,Potri.007G007400
Potri.003G101600,503.3559273,8,0,0,Potri.003G101600
Potri.010G188100,502.1970095,8,0,0,Potri.010G188100
Potri.006G005600,500.6267285,8,0,0,Potri.006G005600
Potri.002G029100,497.4996474,8,0,0,Potri.002G029100
Potri.008G105300,495.8494407,8,0,0,Potri.008G105300
Potri.012G123700,495.7481436,8,0,0,Potri.012G123700
Potri.009G053900,493.7803086,8,0,0,Potri.009G053900
Potri.008G020900,493.6597377,8,0,0,Potri.008G020900
Potri.005G168600,491.779124,8,0,0,Potri.005G168600
Potri.005G021100,490.6370943,8,0,0,Potri.005G021100
Potri.019G002100,488.009612,8,0,0,Potri.019G002100
Potri.018G083200,486.094085,8,0,0,Potri.018G083200
Potri.004G009600,484.2279228,8,0,0,Potri.004G009600
Potri.006G096900,483.6405616,8,0,0,Potri.006G096900
Potri.002G168100,481.007679,8,0,0,Potri.002G168100
Potri.001G024300,478.1559296,8,0,0,Potri.001G024300
Potri.006G129200,477.9067757,8,0,0,Potri.006G129200
Potri.015G056000,477.6937756,8,0,0,Potri.015G056000
Potri.005G188700,477.2659086,8,0,0,Potri.005G188700
Potri.001G227000,476.9965164,8,0,0,Potri.001G227000
Potri.002G031000,476.9371096,8,0,0,Potri.002G031000
Potri.004G143300,476.0142731,8,0,0,Potri.004G143300
Potri.008G092700,475.2300972,8,0,0,Potri.008G092700
Potri.003G177700,474.6979317,8,0,0,Potri.003G177700
Potri.005G086400,474.6662916,8,0,0,Potri.005G086400
Potri.001G120300,473.6782981,8,0,0,Potri.001G120300
Potri.002G239500,470.3499603,8,0,0,Potri.002G239500
Potri.006G086000,470.0187078,8,0,0,Potri.006G086000
Potri.011G066100,469.2200043,8,0,0,Potri.011G066100
Potri.009G027300,466.7664693,8,0,0,Potri.009G027300
Potri.015G099500,466.7080917,8,0,0,Potri.015G099500
Potri.008G203400,466.7035355,8,0,0,Potri.008G203400
Potri.015G071500,466.4244012,8,0,0,Potri.015G071500
Potri.003G003801,465.9699225,8,0,0,Potri.003G003801
Potri.005G187500,465.8919807,8,0,0,Potri.005G187500
Potri.006G116800,465.1645592,8,0,0,Potri.006G116800
Potri.017G119900,464.3525524,8,0,0,Potri.017G119900
Potri.002G239400,462.7326492,8,0,0,Potri.002G239400
Potri.012G088300,462.411184,8,0,0,Potri.012G088300
Potri.002G040600,462.1797605,8,0,0,Potri.002G040600
Potri.014G082100,461.6152614,8,0,0,Potri.014G082100
Potri.001G228100,461.0564456,8,0,0,Potri.001G228100
Potri.018G119500,460.2672874,8,0,0,Potri.018G119500
Potri.014G175200,460.0594202,8,0,0,Potri.014G175200
Potri.014G109200,459.0362261,8,0,0,Potri.014G109200
Potri.005G215400,458.8374182,8,0,0,Potri.005G215400
Potri.004G118600,458.7118798,8,0,0,Potri.004G118600
Potri.011G087500,455.0654438,8,0,0,Potri.011G087500
Potri.002G162900,454.8303683,8,0,0,Potri.002G162900
Potri.007G045300,454.335539,8,0,0,Potri.007G045300
Potri.003G124400,452.9720127,8,0,0,Potri.003G124400
Potri.010G121800,450.588148,8,0,0,Potri.010G121800
Potri.003G114100,448.4576476,8,0,0,Potri.003G114100
Potri.010G198800,446.0940948,8,0,0,Potri.010G198800
Potri.001G332300,443.2099418,8,0,0,Potri.001G332300
Potri.010G220700,443.0796223,8,0,0,Potri.010G220700
Potri.005G207000,437.409433,8,0,0,Potri.005G207000
Potri.003G164200,435.7735134,8,0,0,Potri.003G164200
Potri.002G233400,434.5266153,8,0,0,Potri.002G233400
Potri.006G099600,434.4303616,8,0,0,Potri.006G099600
Potri.006G143800,433.353728,8,0,0,Potri.006G143800
Potri.006G036400,431.562376,8,0,0,Potri.006G036400
Potri.003G003300,430.3192419,8,0,0,Potri.003G003300
Potri.004G203400,429.2288651,8,0,0,Potri.004G203400
Potri.012G126000,428.2707092,8,0,0,Potri.012G126000
Potri.004G013900,422.5898987,8,0,0,Potri.004G013900
Potri.005G243000,420.2803904,8,0,0,Potri.005G243000
Potri.011G132800,419.4132863,8,0,0,Potri.011G132800
Potri.001G444500,419.0532058,8,0,0,Potri.001G444500
Potri.002G104300,418.8940793,8,0,0,Potri.002G104300
Potri.008G124000,417.6728164,8,0,0,Potri.008G124000
Potri.007G046700,416.8312099,8,0,0,Potri.007G046700
Potri.011G156100,414.9584514,8,0,0,Potri.011G156100
Potri.003G143200,413.9924461,8,0,0,Potri.003G143200
Potri.002G122000,413.4560621,8,0,0,Potri.002G122000
Potri.006G279600,410.809667,8,0,0,Potri.006G279600
Potri.015G106000,407.5245406,8,0,0,Potri.015G106000
Potri.008G179700,407.3988584,8,0,0,Potri.008G179700
Potri.007G139300,407.2646435,8,0,0,Potri.007G139300
Potri.001G175000,404.8268029,8,0,0,Potri.001G175000
Potri.013G150500,404.4870184,8,0,0,Potri.013G150500
Potri.012G071100,402.0276002,8,0,0,Potri.012G071100
Potri.001G304200,400.092046,8,0,0,Potri.001G304200
Potri.014G109900,399.5621406,8,0,0,Potri.014G109900
Potri.002G250000,399.0974946,8,0,0,Potri.002G250000
Potri.010G003100,398.6604103,8,0,0,Potri.010G003100
Potri.005G237100,396.9302515,8,0,0,Potri.005G237100
Potri.001G370800,396.2262668,8,0,0,Potri.001G370800
Potri.014G004500,395.9302409,8,0,0,Potri.014G004500
Potri.002G223100,392.5156174,8,0,0,Potri.002G223100
Potri.010G249600,392.4499861,8,0,0,Potri.010G249600
Potri.008G049000,391.5677397,8,0,0,Potri.008G049000
Potri.001G320800,391.3733438,8,0,0,Potri.001G320800
Potri.011G057500,390.6588314,8,0,0,Potri.011G057500
Potri.018G083700,389.8892333,8,0,0,Potri.018G083700
Potri.001G061600,389.556245,8,0,0,Potri.001G061600
Potri.006G065700,387.6774082,8,0,0,Potri.006G065700
Potri.013G041300,387.5532162,8,0,0,Potri.013G041300
Potri.016G045500,386.8662571,8,0,0,Potri.016G045500
Potri.001G472800,385.1457256,8,0,0,Potri.001G472800
Potri.T011200,384.7813631,8,0,0,Potri.T011200
Potri.002G124100,378.7713316,8,0,0,Potri.002G124100
Potri.005G236200,378.4202977,8,0,0,Potri.005G236200
Potri.010G088200,378.0524781,8,0,0,Potri.010G088200
Potri.009G064300,377.7963933,8,0,0,Potri.009G064300
Potri.015G100700,377.3303812,8,0,0,Potri.015G100700
Potri.006G014066,376.6230252,8,0,0,Potri.006G014066
Potri.002G225200,376.4407251,8,0,0,Potri.002G225200
Potri.017G129200,375.9479354,8,0,0,Potri.017G129200
Potri.017G035800,374.6077646,8,0,0,Potri.017G035800
Potri.010G108100,373.1646529,8,0,0,Potri.010G108100
Potri.001G340000,371.9849718,8,0,0,Potri.001G340000
Potri.018G024400,370.8576509,8,0,0,Potri.018G024400
Potri.002G059000,370.5500822,8,0,0,Potri.002G059000
Potri.002G114800,370.3377209,8,0,0,Potri.002G114800
Potri.014G050000,369.8995191,8,0,0,Potri.014G050000
Potri.017G144241,369.2230788,8,0,0,Potri.017G144241
Potri.006G014400,367.7921593,8,0,0,Potri.006G014400
Potri.002G261900,366.6382589,8,0,0,Potri.002G261900
Potri.005G222500,366.3387505,8,0,0,Potri.005G222500
Potri.004G078200,364.3830776,8,0,0,Potri.004G078200
Potri.017G079600,363.6379678,8,0,0,Potri.017G079600
Potri.010G167200,362.6021361,8,0,0,Potri.010G167200
Potri.006G040700,361.5203208,8,0,0,Potri.006G040700
Potri.006G097000,360.2063362,8,0,0,Potri.006G097000
Potri.009G120800,359.9322263,8,0,0,Potri.009G120800
Potri.001G300900,359.5641673,8,0,0,Potri.001G300900
Potri.008G018400,358.439737,8,0,0,Potri.008G018400
Potri.009G160200,358.1868115,8,0,0,Potri.009G160200
Potri.002G242700,357.9144706,8,0,0,Potri.002G242700
Potri.015G035000,357.166639,8,0,0,Potri.015G035000
Potri.016G136500,355.8168372,8,0,0,Potri.016G136500
Potri.016G039100,353.7366005,8,0,0,Potri.016G039100
Potri.005G237700,353.3611913,8,0,0,Potri.005G237700
Potri.010G163600,349.864944,8,0,0,Potri.010G163600
Potri.005G211000,349.7591114,8,0,0,Potri.005G211000
Potri.011G152400,348.5291699,8,0,0,Potri.011G152400
Potri.001G127100,346.7376966,8,0,0,Potri.001G127100
Potri.004G023000,346.7007288,8,0,0,Potri.004G023000
Potri.005G082901,346.6075592,8,0,0,Potri.005G082901
Potri.001G009600,346.5585341,8,0,0,Potri.001G009600
Potri.018G058900,346.4827209,8,0,0,Potri.018G058900
Potri.018G021900,343.4043664,8,0,0,Potri.018G021900
Potri.016G111000,342.8061589,8,0,0,Potri.016G111000
Potri.008G110300,341.8783654,8,0,0,Potri.008G110300
Potri.010G157600,338.9221012,8,0,0,Potri.010G157600
Potri.006G168800,338.5641364,8,0,0,Potri.006G168800
Potri.006G040400,338.4633454,8,0,0,Potri.006G040400
Potri.010G199600,338.401974,8,0,0,Potri.010G199600
Potri.001G164100,338.37512,8,0,0,Potri.001G164100
Potri.002G094000,334.090411,8,0,0,Potri.002G094000
Potri.006G211200,333.7364067,8,0,0,Potri.006G211200
Potri.001G348400,333.4507119,8,0,0,Potri.001G348400
Potri.004G211200,332.2119469,8,0,0,Potri.004G211200
Potri.009G061300,332.1570172,8,0,0,Potri.009G061300
Potri.011G169300,331.4818935,8,0,0,Potri.011G169300
Potri.018G063901,331.1306872,8,0,0,Potri.018G063901
Potri.008G002300,330.3791901,8,0,0,Potri.008G002300
Potri.006G066100,330.3031675,8,0,0,Potri.006G066100
Potri.001G070500,330.2215541,8,0,0,Potri.001G070500
Potri.008G062200,328.9683336,8,0,0,Potri.008G062200
Potri.012G014500,327.1686802,8,0,0,Potri.012G014500
Potri.001G110300,326.5954039,8,0,0,Potri.001G110300
Potri.008G040500,325.091643,8,0,0,Potri.008G040500
Potri.005G233600,324.7916126,8,0,0,Potri.005G233600
Potri.002G112300,322.9700186,8,0,0,Potri.002G112300
Potri.016G006700,322.4980524,8,0,0,Potri.016G006700
Potri.008G088600,321.9814908,8,0,0,Potri.008G088600
Potri.001G233000,321.4314932,8,0,0,Potri.001G233000
Potri.002G123500,316.9639222,8,0,0,Potri.002G123500
Potri.005G062500,316.7189927,8,0,0,Potri.005G062500
Potri.001G131400,316.6945745,8,0,0,Potri.001G131400
Potri.001G366500,315.5302268,8,0,0,Potri.001G366500
Potri.009G011200,315.4498857,8,0,0,Potri.009G011200
Potri.018G113100,314.9796715,8,0,0,Potri.018G113100
Potri.002G009600,313.6320884,8,0,0,Potri.002G009600
Potri.002G206900,313.5507322,8,0,0,Potri.002G206900
Potri.004G049300,313.0583542,8,0,0,Potri.004G049300
Potri.002G246100,312.2962842,8,0,0,Potri.002G246100
Potri.007G121100,310.8712899,8,0,0,Potri.007G121100
Potri.012G077400,309.9294575,8,0,0,Potri.012G077400
Potri.006G117200,309.4290662,8,0,0,Potri.006G117200
Potri.005G093100,308.7740515,8,0,0,Potri.005G093100
Potri.007G041100,308.6091843,8,0,0,Potri.007G041100
Potri.001G009100,308.5227692,8,0,0,Potri.001G009100
Potri.010G212900,308.3966888,8,0,0,Potri.010G212900
Potri.003G139600,307.8658971,8,0,0,Potri.003G139600
Potri.010G180500,307.3310005,8,0,0,Potri.010G180500
Potri.001G041140,306.4235853,8,0,0,Potri.001G041140
Potri.007G032500,306.0160428,8,0,0,Potri.007G032500
Potri.014G039466,305.9704666,8,0,0,Potri.014G039466
Potri.019G080800,305.5228484,8,0,0,Potri.019G080800
Potri.002G024500,305.0760476,8,0,0,Potri.002G024500
Potri.019G081000,304.6578808,8,0,0,Potri.019G081000
Potri.001G200400,303.6291678,8,0,0,Potri.001G200400
Potri.015G122700,303.5685329,8,0,0,Potri.015G122700
Potri.008G034600,303.1379723,8,0,0,Potri.008G034600
Potri.002G201000,302.961729,8,0,0,Potri.002G201000
Potri.002G059600,302.9406004,8,0,0,Potri.002G059600
Potri.001G246200,302.7681365,8,0,0,Potri.001G246200
Potri.009G060600,302.1873274,8,0,0,Potri.009G060600
Potri.006G087500,300.839973,8,0,0,Potri.006G087500
Potri.014G014200,299.962335,8,0,0,Potri.014G014200
Potri.006G126800,299.3639714,8,0,0,Potri.006G126800
Potri.002G024400,299.1168434,8,0,0,Potri.002G024400
Potri.010G206700,298.8829359,8,0,0,Potri.010G206700
Potri.005G218900,298.3452953,8,0,0,Potri.005G218900
Potri.008G140900,298.0971461,8,0,0,Potri.008G140900
Potri.003G205400,297.2769751,8,0,0,Potri.003G205400
Potri.006G275700,297.2677192,8,0,0,Potri.006G275700
Potri.007G116400,296.2138926,8,0,0,Potri.007G116400
Potri.001G297500,296.2090536,8,0,0,Potri.001G297500
Potri.011G026900,296.1831825,8,0,0,Potri.011G026900
Potri.010G182700,295.5284906,8,0,0,Potri.010G182700
Potri.016G038000,295.2921796,8,0,0,Potri.016G038000
Potri.009G101500,294.1537511,8,0,0,Potri.009G101500
Potri.010G109300,294.0192007,8,0,0,Potri.010G109300
Potri.001G403700,293.5830625,8,0,0,Potri.001G403700
Potri.019G074400,292.683793,8,0,0,Potri.019G074400
Potri.002G160000,291.6272576,8,0,0,Potri.002G160000
Potri.002G223300,291.5352296,8,0,0,Potri.002G223300
Potri.008G196400,291.4018187,8,0,0,Potri.008G196400
Potri.007G082500,290.7885417,8,0,0,Potri.007G082500
Potri.003G107600,289.2981104,8,0,0,Potri.003G107600
Potri.018G087500,289.0506604,8,0,0,Potri.018G087500
Potri.003G015800,288.6606825,8,0,0,Potri.003G015800
Potri.006G006100,288.3522503,8,0,0,Potri.006G006100
Potri.004G118800,287.5930717,8,0,0,Potri.004G118800
Potri.001G072300,287.3144642,8,0,0,Potri.001G072300
Potri.001G262100,285.4120495,8,0,0,Potri.001G262100
Potri.011G010400,285.2774687,8,0,0,Potri.011G010400
Potri.015G091400,285.2485183,8,0,0,Potri.015G091400
Potri.001G399100,284.9652117,8,0,0,Potri.001G399100
Potri.002G100400,284.8357109,8,0,0,Potri.002G100400
Potri.002G262800,283.6925826,8,0,0,Potri.002G262800
Potri.002G138900,283.2513844,8,0,0,Potri.002G138900
Potri.009G120300,283.0319193,8,0,0,Potri.009G120300
Potri.002G101800,282.7196564,8,0,0,Potri.002G101800
Potri.016G006900,282.5350934,8,0,0,Potri.016G006900
Potri.012G086700,282.4603783,8,0,0,Potri.012G086700
Potri.001G247700,281.938099,8,0,0,Potri.001G247700
Potri.006G194900,281.7813584,8,0,0,Potri.006G194900
Potri.017G015700,281.0607009,8,0,0,Potri.017G015700
Potri.002G070900,280.648646,8,0,0,Potri.002G070900
Potri.001G059400,279.3580954,8,0,0,Potri.001G059400
Potri.018G114700,277.5013942,8,0,0,Potri.018G114700
Potri.018G107300,276.7421281,8,0,0,Potri.018G107300
Potri.009G106600,276.5323051,8,0,0,Potri.009G106600
Potri.013G008500,276.1325831,8,0,0,Potri.013G008500
Potri.016G024600,274.4958707,8,0,0,Potri.016G024600
Potri.005G195600,274.4437146,8,0,0,Potri.005G195600
Potri.008G074800,274.2582987,8,0,0,Potri.008G074800
Potri.008G107900,273.6617563,8,0,0,Potri.008G107900
Potri.005G001700,273.6009291,8,0,0,Potri.005G001700
Potri.005G177200,271.5318162,8,0,0,Potri.005G177200
Potri.003G098800,271.1458451,8,0,0,Potri.003G098800
Potri.006G228900,270.5740353,8,0,0,Potri.006G228900
Potri.008G092500,269.7889217,8,0,0,Potri.008G092500
Potri.008G087700,269.7154197,8,0,0,Potri.008G087700
Potri.015G040900,269.2412117,8,0,0,Potri.015G040900
Potri.008G055100,269.145003,8,0,0,Potri.008G055100
Potri.018G005600,268.6150959,8,0,0,Potri.018G005600
Potri.019G125000,267.9306702,8,0,0,Potri.019G125000
Potri.009G136400,267.844326,8,0,0,Potri.009G136400
Potri.010G113700,267.7867357,8,0,0,Potri.010G113700
Potri.004G086100,267.7330025,8,0,0,Potri.004G086100
Potri.001G041900,267.6365504,8,0,0,Potri.001G041900
Potri.010G227000,266.6814046,8,0,0,Potri.010G227000
Potri.008G102900,266.6430832,8,0,0,Potri.008G102900
Potri.005G141600,266.5449203,8,0,0,Potri.005G141600
Potri.003G169300,264.6504266,8,0,0,Potri.003G169300
Potri.005G001200,264.1331812,8,0,0,Potri.005G001200
Potri.008G077800,264.1252885,8,0,0,Potri.008G077800
Potri.015G096900,264.0775803,8,0,0,Potri.015G096900
Potri.010G067900,263.8110579,8,0,0,Potri.010G067900
Potri.006G137300,263.4831133,8,0,0,Potri.006G137300
Potri.009G122100,263.2965945,8,0,0,Potri.009G122100
Potri.002G127700,262.840844,8,0,0,Potri.002G127700
Potri.009G073600,262.7455735,8,0,0,Potri.009G073600
Potri.006G164632,261.5235549,8,0,0,Potri.006G164632
Potri.010G234100,261.1763229,8,0,0,Potri.010G234100
Potri.016G085900,260.2977797,8,0,0,Potri.016G085900
Potri.016G005300,259.8076374,8,0,0,Potri.016G005300
Potri.017G107500,259.4002377,8,0,0,Potri.017G107500
Potri.001G067700,259.3536408,8,0,0,Potri.001G067700
Potri.002G202300,259.2152866,8,0,0,Potri.002G202300
Potri.017G121100,259.1074951,8,0,0,Potri.017G121100
Potri.010G208300,256.4584081,8,0,0,Potri.010G208300
Potri.013G147800,256.1050284,8,0,0,Potri.013G147800
Potri.009G029000,255.8160703,8,0,0,Potri.009G029000
Potri.008G213900,255.0658393,8,0,0,Potri.008G213900
Potri.010G224300,253.4936821,8,0,0,Potri.010G224300
Potri.001G391400,253.4409059,8,0,0,Potri.001G391400
Potri.012G061100,253.0800067,8,0,0,Potri.012G061100
Potri.013G034800,252.5859131,8,0,0,Potri.013G034800
Potri.012G081600,252.2458365,8,0,0,Potri.012G081600
Potri.005G184500,251.8500894,8,0,0,Potri.005G184500
Potri.005G221600,251.8140548,8,0,0,Potri.005G221600
Potri.018G112800,251.8015217,8,0,0,Potri.018G112800
Potri.014G133500,251.7970935,8,0,0,Potri.014G133500
Potri.008G089900,251.7179762,8,0,0,Potri.008G089900
Potri.017G057400,251.4323273,8,0,0,Potri.017G057400
Potri.001G236100,251.0142518,8,0,0,Potri.001G236100
Potri.014G121701,250.9311074,8,0,0,Potri.014G121701
Potri.016G049700,250.7010904,8,0,0,Potri.016G049700
Potri.002G143400,250.5989682,8,0,0,Potri.002G143400
Potri.013G120300,250.244392,8,0,0,Potri.013G120300
Potri.001G450600,249.8090606,8,0,0,Potri.001G450600
Potri.008G095000,249.553737,8,0,0,Potri.008G095000
Potri.012G101600,249.0827236,8,0,0,Potri.012G101600
Potri.009G098000,249.0637842,8,0,0,Potri.009G098000
Potri.019G063101,248.1719829,8,0,0,Potri.019G063101
Potri.012G067800,248.0739993,8,0,0,Potri.012G067800
Potri.004G037000,247.7906107,8,0,0,Potri.004G037000
Potri.005G014200,246.6221314,8,0,0,Potri.005G014200
Potri.014G058200,246.3180298,8,0,0,Potri.014G058200
Potri.014G119900,246.1891763,8,0,0,Potri.014G119900
Potri.014G086300,246.1662895,8,0,0,Potri.014G086300
Potri.015G009200,245.3296912,8,0,0,Potri.015G009200
Potri.010G162400,245.2552049,8,0,0,Potri.010G162400
Potri.015G087800,245.2391044,8,0,0,Potri.015G087800
Potri.004G005900,244.0396856,8,0,0,Potri.004G005900
Potri.018G099800,243.9959334,8,0,0,Potri.018G099800
Potri.016G003700,243.2072752,8,0,0,Potri.016G003700
Potri.013G036300,242.961874,8,0,0,Potri.013G036300
Potri.006G203000,242.7725751,8,0,0,Potri.006G203000
Potri.003G195400,241.8584282,8,0,0,Potri.003G195400
Potri.010G013500,241.7729082,8,0,0,Potri.010G013500
Potri.005G141500,241.1532797,8,0,0,Potri.005G141500
Potri.019G128600,240.749288,8,0,0,Potri.019G128600
Potri.006G238900,240.4657938,8,0,0,Potri.006G238900
Potri.004G099200,240.3514746,8,0,0,Potri.004G099200
Potri.002G067100,240.2080016,8,0,0,Potri.002G067100
Potri.007G045700,239.6260472,8,0,0,Potri.007G045700
Potri.T011100,238.8980546,8,0,0,Potri.T011100
Potri.018G008600,238.4715981,8,0,0,Potri.018G008600
Potri.003G158500,237.806447,8,0,0,Potri.003G158500
Potri.001G232200,237.6283544,8,0,0,Potri.001G232200
Potri.014G158400,237.3849513,8,0,0,Potri.014G158400
Potri.002G179400,236.7310436,8,0,0,Potri.002G179400
Potri.014G041200,236.6794155,8,0,0,Potri.014G041200
Potri.002G259000,236.4979877,8,0,0,Potri.002G259000
Potri.001G470800,236.3460211,8,0,0,Potri.001G470800
Potri.005G140300,234.9260301,8,0,0,Potri.005G140300
Potri.010G184800,234.3054382,8,0,0,Potri.010G184800
Potri.014G111000,234.0138501,8,0,0,Potri.014G111000
Potri.001G120400,233.9380059,8,0,0,Potri.001G120400
Potri.001G372000,233.3347625,8,0,0,Potri.001G372000
Potri.006G121200,233.1759251,8,0,0,Potri.006G121200
Potri.009G134500,233.1001394,8,0,0,Potri.009G134500
Potri.001G133300,233.0224961,8,0,0,Potri.001G133300
Potri.011G142300,232.8817936,8,0,0,Potri.011G142300
Potri.002G074400,232.7098283,8,0,0,Potri.002G074400
Potri.001G070100,232.4169135,8,0,0,Potri.001G070100
Potri.009G132500,231.062808,8,0,0,Potri.009G132500
Potri.010G102900,231.0153989,8,0,0,Potri.010G102900
Potri.012G123900,230.9775798,8,0,0,Potri.012G123900
Potri.010G100200,230.8200412,8,0,0,Potri.010G100200
Potri.006G040000,230.8198165,8,0,0,Potri.006G040000
Potri.004G185700,230.7805315,8,0,0,Potri.004G185700
Potri.014G172400,230.5180229,8,0,0,Potri.014G172400
Potri.018G055001,230.4057187,8,0,0,Potri.018G055001
Potri.010G194600,229.9315417,8,0,0,Potri.010G194600
Potri.001G125000,229.8638324,8,0,0,Potri.001G125000
Potri.002G124600,229.5673113,8,0,0,Potri.002G124600
Potri.007G119600,229.4898288,8,0,0,Potri.007G119600
Potri.004G143700,229.3228595,8,0,0,Potri.004G143700
Potri.019G039200,229.1427657,8,0,0,Potri.019G039200
Potri.011G153600,229.0789889,8,0,0,Potri.011G153600
Potri.004G011450,228.8528322,8,0,0,Potri.004G011450
Potri.009G135300,228.8319576,8,0,0,Potri.009G135300
Potri.001G105900,228.7874144,8,0,0,Potri.001G105900
Potri.011G134200,228.6787148,8,0,0,Potri.011G134200
Potri.008G125100,228.6632174,8,0,0,Potri.008G125100
Potri.005G078900,228.6321957,8,0,0,Potri.005G078900
Potri.016G035300,227.9293703,8,0,0,Potri.016G035300
Potri.008G056100,227.9290367,8,0,0,Potri.008G056100
Potri.001G142100,227.6341205,8,0,0,Potri.001G142100
Potri.012G100700,227.5961359,8,0,0,Potri.012G100700
Potri.005G260300,227.1173429,8,0,0,Potri.005G260300
Potri.018G024800,226.7858051,8,0,0,Potri.018G024800
Potri.008G114400,226.722485,8,0,0,Potri.008G114400
Potri.001G392700,226.5531162,8,0,0,Potri.001G392700
Potri.015G075400,226.488026,8,0,0,Potri.015G075400
Potri.006G239700,226.4150015,8,0,0,Potri.006G239700
Potri.006G036300,226.1678281,8,0,0,Potri.006G036300
Potri.006G247500,223.8193377,8,0,0,Potri.006G247500
Potri.017G101300,223.7165349,8,0,0,Potri.017G101300
Potri.013G123800,223.6471882,8,0,0,Potri.013G123800
Potri.002G179100,223.4938401,8,0,0,Potri.002G179100
Potri.003G015300,223.1619929,8,0,0,Potri.003G015300
Potri.001G237700,222.9138367,8,0,0,Potri.001G237700
Potri.009G143700,222.4808056,8,0,0,Potri.009G143700
Potri.010G039233,222.0749659,8,0,0,Potri.010G039233
Potri.008G117500,222.0634711,8,0,0,Potri.008G117500
Potri.001G121700,222.0153111,8,0,0,Potri.001G121700
Potri.002G072400,221.9381325,8,0,0,Potri.002G072400
Potri.012G047200,221.548976,8,0,0,Potri.012G047200
Potri.001G185700,221.4663181,8,0,0,Potri.001G185700
Potri.015G132500,220.8954287,8,0,0,Potri.015G132500
Potri.017G081400,220.1575303,8,0,0,Potri.017G081400
Potri.015G143800,219.3568686,8,0,0,Potri.015G143800
Potri.014G092500,219.0430526,8,0,0,Potri.014G092500
Potri.013G151500,218.6313378,8,0,0,Potri.013G151500
Potri.005G226700,218.396642,8,0,0,Potri.005G226700
Potri.008G048800,218.3901,8,0,0,Potri.008G048800
Potri.005G243400,218.0689039,8,0,0,Potri.005G243400
Potri.004G044100,217.9307503,8,0,0,Potri.004G044100
Potri.007G043800,217.9089699,8,0,0,Potri.007G043800
Potri.003G178200,217.5081806,8,0,0,Potri.003G178200
Potri.012G078700,217.1060846,8,0,0,Potri.012G078700
Potri.003G038500,216.4420624,8,0,0,Potri.003G038500
Potri.007G008200,216.3172722,8,0,0,Potri.007G008200
Potri.T124508,215.9444274,8,0,0,Potri.T124508
Potri.004G174400,215.9255688,8,0,0,Potri.004G174400
Potri.016G129900,214.8239305,8,0,0,Potri.016G129900
Potri.005G214400,214.082616,8,0,0,Potri.005G214400
Potri.003G008300,213.7250139,8,0,0,Potri.003G008300
Potri.017G141000,213.6890967,8,0,0,Potri.017G141000
Potri.019G076900,213.6202514,8,0,0,Potri.019G076900
Potri.007G071100,213.3677644,8,0,0,Potri.007G071100
Potri.009G124400,213.2078402,8,0,0,Potri.009G124400
Potri.008G117000,213.1075878,8,0,0,Potri.008G117000
Potri.013G155100,212.5150221,8,0,0,Potri.013G155100
Potri.004G218500,212.2657053,8,0,0,Potri.004G218500
Potri.001G267300,212.1675311,8,0,0,Potri.001G267300
Potri.016G064600,212.1428713,8,0,0,Potri.016G064600
Potri.008G023866,211.8434353,8,0,0,Potri.008G023866
Potri.010G092300,211.8171509,8,0,0,Potri.010G092300
Potri.014G111200,211.7896969,8,0,0,Potri.014G111200
Potri.008G099800,211.526857,8,0,0,Potri.008G099800
Potri.005G257800,211.4875263,8,0,0,Potri.005G257800
Potri.009G132100,211.1720502,8,0,0,Potri.009G132100
Potri.012G017100,211.0533102,8,0,0,Potri.012G017100
Potri.008G019700,210.5220049,8,0,0,Potri.008G019700
Potri.014G075700,209.8198764,8,0,0,Potri.014G075700
Potri.004G115700,209.6452279,8,0,0,Potri.004G115700
Potri.003G051600,209.4604599,8,0,0,Potri.003G051600
Potri.004G117200,209.3632751,8,0,0,Potri.004G117200
Potri.010G031500,208.9327729,8,0,0,Potri.010G031500
Potri.013G072600,208.7952992,8,0,0,Potri.013G072600
Potri.012G007600,208.6324921,8,0,0,Potri.012G007600
Potri.016G020000,208.3044487,8,0,0,Potri.016G020000
Potri.004G155300,207.6939964,8,0,0,Potri.004G155300
Potri.011G071800,207.6569016,8,0,0,Potri.011G071800
Potri.013G081200,207.5996004,8,0,0,Potri.013G081200
Potri.016G008800,207.3853331,8,0,0,Potri.016G008800
Potri.018G139800,206.9860901,8,0,0,Potri.018G139800
Potri.006G056101,206.5882601,8,0,0,Potri.006G056101
Potri.005G087300,206.1113839,8,0,0,Potri.005G087300
Potri.016G113600,206.086824,8,0,0,Potri.016G113600
Potri.007G093200,206.0136667,8,0,0,Potri.007G093200
Potri.006G083201,205.9470313,8,0,0,Potri.006G083201
Potri.005G084651,205.6896201,8,0,0,Potri.005G084651
Potri.001G455000,204.7356644,8,0,0,Potri.001G455000
Potri.002G057700,204.5162552,8,0,0,Potri.002G057700
Potri.014G094300,203.3289931,8,0,0,Potri.014G094300
Potri.005G241100,203.0024382,8,0,0,Potri.005G241100
Potri.001G280400,202.6064349,8,0,0,Potri.001G280400
Potri.010G058200,202.5498313,8,0,0,Potri.010G058200
Potri.001G151900,201.9831418,8,0,0,Potri.001G151900
Potri.008G197400,200.9250489,8,0,0,Potri.008G197400
Potri.005G110000,200.8252609,8,0,0,Potri.005G110000
Potri.011G000100,200.7842712,8,0,0,Potri.011G000100
Potri.005G204300,199.9388959,8,0,0,Potri.005G204300
Potri.016G023000,199.8945848,8,0,0,Potri.016G023000
Potri.015G060900,198.6076736,8,0,0,Potri.015G060900
Potri.012G139800,198.5765448,8,0,0,Potri.012G139800
Potri.001G279000,198.3591021,8,0,0,Potri.001G279000
Potri.010G055900,197.9542233,8,0,0,Potri.010G055900
Potri.006G107300,197.1935203,8,0,0,Potri.006G107300
Potri.001G086400,196.7958305,8,0,0,Potri.001G086400
Potri.006G052700,196.257771,8,0,0,Potri.006G052700
Potri.004G118400,195.8607998,8,0,0,Potri.004G118400
Potri.002G078600,195.635271,8,0,0,Potri.002G078600
Potri.002G251700,195.6066351,8,0,0,Potri.002G251700
Potri.006G062800,195.5825675,8,0,0,Potri.006G062800
Potri.006G050200,195.5476443,8,0,0,Potri.006G050200
Potri.008G186200,195.5177938,8,0,0,Potri.008G186200
Potri.006G237200,195.4599937,8,0,0,Potri.006G237200
Potri.019G057000,195.4022012,8,0,0,Potri.019G057000
Potri.004G079900,195.0533137,8,0,0,Potri.004G079900
Potri.006G141500,194.4333169,8,0,0,Potri.006G141500
Potri.004G197900,194.3621261,8,0,0,Potri.004G197900
Potri.007G026200,194.2248057,8,0,0,Potri.007G026200
Potri.014G099200,194.1329707,8,0,0,Potri.014G099200
Potri.017G063800,193.8046149,8,0,0,Potri.017G063800
Potri.016G035400,193.7977417,8,0,0,Potri.016G035400
Potri.001G416400,193.3439263,8,0,0,Potri.001G416400
Potri.012G047800,192.6442444,8,0,0,Potri.012G047800
Potri.011G043100,192.5148571,8,0,0,Potri.011G043100
Potri.002G127600,192.4174443,8,0,0,Potri.002G127600
Potri.005G005866,192.4059487,8,0,0,Potri.005G005866
Potri.007G003600,192.0234619,8,0,0,Potri.007G003600
Potri.010G236200,191.6009052,8,0,0,Potri.010G236200
Potri.004G054300,191.4112009,8,0,0,Potri.004G054300
Potri.008G178100,191.2918143,8,0,0,Potri.008G178100
Potri.003G221000,191.2449603,8,0,0,Potri.003G221000
Potri.009G119200,191.2255527,8,0,0,Potri.009G119200
Potri.006G076900,191.1437188,8,0,0,Potri.006G076900
Potri.005G147500,191.0411432,8,0,0,Potri.005G147500
Potri.006G115300,190.9587225,8,0,0,Potri.006G115300
Potri.012G070500,190.6391314,8,0,0,Potri.012G070500
Potri.008G167800,190.4609249,8,0,0,Potri.008G167800
Potri.003G093400,190.4222943,8,0,0,Potri.003G093400
Potri.017G066300,190.0770547,8,0,0,Potri.017G066300
Potri.004G001300,190.0581444,8,0,0,Potri.004G001300
Potri.005G170700,190.0044728,8,0,0,Potri.005G170700
Potri.001G230000,189.8865469,8,0,0,Potri.001G230000
Potri.002G230600,189.8599136,8,0,0,Potri.002G230600
Potri.011G166250,189.8196374,8,0,0,Potri.011G166250
Potri.012G102800,189.4723707,8,0,0,Potri.012G102800
Potri.006G197700,189.4505153,8,0,0,Potri.006G197700
Potri.005G173500,189.3582204,8,0,0,Potri.005G173500
Potri.010G100700,189.0280041,8,0,0,Potri.010G100700
Potri.001G131500,188.898467,8,0,0,Potri.001G131500
Potri.005G105600,188.8735114,8,0,0,Potri.005G105600
Potri.014G038300,188.8639801,8,0,0,Potri.014G038300
Potri.008G137900,188.6611161,8,0,0,Potri.008G137900
Potri.008G086300,188.5408147,8,0,0,Potri.008G086300
Potri.009G151400,188.2268634,8,0,0,Potri.009G151400
Potri.008G047200,188.1991813,8,0,0,Potri.008G047200
Potri.014G106800,188.1416956,8,0,0,Potri.014G106800
Potri.002G075400,187.8950355,8,0,0,Potri.002G075400
Potri.002G190800,187.596227,8,0,0,Potri.002G190800
Potri.005G110200,187.4770198,8,0,0,Potri.005G110200
Potri.010G046800,187.3387544,8,0,0,Potri.010G046800
Potri.007G026500,187.319873,8,0,0,Potri.007G026500
Potri.016G086300,187.0890726,8,0,0,Potri.016G086300
Potri.006G131300,186.9440445,8,0,0,Potri.006G131300
Potri.003G164800,186.635077,8,0,0,Potri.003G164800
Potri.001G263900,186.5050424,8,0,0,Potri.001G263900
Potri.014G122200,186.5016565,8,0,0,Potri.014G122200
Potri.006G092000,186.482104,8,0,0,Potri.006G092000
Potri.016G034400,186.320293,8,0,0,Potri.016G034400
Potri.005G024400,186.2436468,8,0,0,Potri.005G024400
Potri.006G181600,185.9387156,8,0,0,Potri.006G181600
Potri.006G188700,185.8091523,8,0,0,Potri.006G188700
Potri.010G038100,185.7856064,8,0,0,Potri.010G038100
Potri.003G192900,185.4547354,8,0,0,Potri.003G192900
Potri.005G042400,185.1627389,8,0,0,Potri.005G042400
Potri.013G076800,184.4280472,8,0,0,Potri.013G076800
Potri.011G164400,183.7703635,8,0,0,Potri.011G164400
Potri.012G070900,183.7696746,8,0,0,Potri.012G070900
Potri.010G190000,183.7256268,8,0,0,Potri.010G190000
Potri.006G129100,183.6274012,8,0,0,Potri.006G129100
Potri.005G015100,183.5073921,8,0,0,Potri.005G015100
Potri.010G223200,183.3392132,8,0,0,Potri.010G223200
Potri.005G237900,182.9233833,8,0,0,Potri.005G237900
Potri.004G206600,182.6714717,8,0,0,Potri.004G206600
Potri.010G239200,182.6411601,8,0,0,Potri.010G239200
Potri.017G032800,182.5592837,8,0,0,Potri.017G032800
Potri.014G153700,182.3554525,8,0,0,Potri.014G153700
Potri.005G138100,182.3482677,8,0,0,Potri.005G138100
Potri.006G175161,182.2116211,8,0,0,Potri.006G175161
Potri.009G149200,182.183685,8,0,0,Potri.009G149200
Potri.012G143100,182.1762231,8,0,0,Potri.012G143100
Potri.006G140000,182.1719597,8,0,0,Potri.006G140000
Potri.001G402400,181.9417695,8,0,0,Potri.001G402400
Potri.015G012800,181.8729393,8,0,0,Potri.015G012800
Potri.013G009500,181.760721,8,0,0,Potri.013G009500
Potri.001G326600,181.5122789,8,0,0,Potri.001G326600
Potri.003G207900,181.3942166,8,0,0,Potri.003G207900
Potri.001G398600,180.9919096,8,0,0,Potri.001G398600
Potri.015G073800,180.8723092,8,0,0,Potri.015G073800
Potri.005G161800,180.7679422,8,0,0,Potri.005G161800
Potri.003G052100,180.7648216,8,0,0,Potri.003G052100
Potri.013G068800,180.6744732,8,0,0,Potri.013G068800
Potri.005G169100,180.5927537,8,0,0,Potri.005G169100
Potri.004G158400,180.5529452,8,0,0,Potri.004G158400
Potri.005G234100,180.2536383,8,0,0,Potri.005G234100
Potri.001G163100,180.2152714,8,0,0,Potri.001G163100
Potri.006G121801,180.1387942,8,0,0,Potri.006G121801
Potri.009G116400,179.9324222,8,0,0,Potri.009G116400
Potri.003G130100,179.8742169,8,0,0,Potri.003G130100
Potri.005G070700,179.3218956,8,0,0,Potri.005G070700
Potri.012G119600,179.2182819,8,0,0,Potri.012G119600
Potri.004G075450,179.2017179,8,0,0,Potri.004G075450
Potri.003G204300,179.0619632,8,0,0,Potri.003G204300
Potri.006G025900,178.7288728,8,0,0,Potri.006G025900
Potri.014G162000,178.5255961,8,0,0,Potri.014G162000
Potri.013G126800,178.2861493,8,0,0,Potri.013G126800
Potri.016G105000,177.2266563,8,0,0,Potri.016G105000
Potri.006G015700,177.0675941,8,0,0,Potri.006G015700
Potri.005G120700,176.6910295,8,0,0,Potri.005G120700
Potri.003G171300,176.3657288,8,0,0,Potri.003G171300
Potri.016G015500,176.0997722,8,0,0,Potri.016G015500
Potri.002G043500,176.0571368,8,0,0,Potri.002G043500
Potri.015G126800,175.8785624,8,0,0,Potri.015G126800
Potri.002G045400,175.3383408,8,0,0,Potri.002G045400
Potri.017G144001,175.3159516,8,0,0,Potri.017G144001
Potri.006G093000,174.8913102,8,0,0,Potri.006G093000
Potri.003G143600,174.7344466,8,0,0,Potri.003G143600
Potri.014G075600,174.6445717,8,0,0,Potri.014G075600
Potri.005G071900,174.4953071,8,0,0,Potri.005G071900
Potri.019G056700,174.3600141,8,0,0,Potri.019G056700
Potri.002G261500,174.0450841,8,0,0,Potri.002G261500
Potri.002G033000,173.977443,8,0,0,Potri.002G033000
Potri.011G135000,173.7857076,8,0,0,Potri.011G135000
Potri.018G142900,173.5397513,8,0,0,Potri.018G142900
Potri.001G133800,173.2623873,8,0,0,Potri.001G133800
Potri.005G218400,172.7800216,8,0,0,Potri.005G218400
Potri.001G177000,172.6398375,8,0,0,Potri.001G177000
Potri.016G000400,172.5865395,8,0,0,Potri.016G000400
Potri.010G090400,172.3263396,8,0,0,Potri.010G090400
Potri.004G021500,172.058003,8,0,0,Potri.004G021500
Potri.006G113800,171.7808392,8,0,0,Potri.006G113800
Potri.009G169800,171.7382553,8,0,0,Potri.009G169800
Potri.013G144100,171.6252076,8,0,0,Potri.013G144100
Potri.018G081000,171.6105256,8,0,0,Potri.018G081000
Potri.005G083200,171.1957903,8,0,0,Potri.005G083200
Potri.007G003000,171.170892,8,0,0,Potri.007G003000
Potri.006G058900,170.7760581,8,0,0,Potri.006G058900
Potri.003G215800,170.7149503,8,0,0,Potri.003G215800
Potri.014G082400,170.2875352,8,0,0,Potri.014G082400
Potri.001G293150,170.067416,8,0,0,Potri.001G293150
Potri.015G147500,169.7237391,8,0,0,Potri.015G147500
Potri.008G208200,169.6422862,8,0,0,Potri.008G208200
Potri.009G132200,169.5800942,8,0,0,Potri.009G132200
Potri.004G059900,169.3592765,8,0,0,Potri.004G059900
Potri.004G086000,169.2737564,8,0,0,Potri.004G086000
Potri.012G115500,169.2364806,8,0,0,Potri.012G115500
Potri.010G019000,168.8287506,8,0,0,Potri.010G019000
Potri.003G097300,168.7193315,8,0,0,Potri.003G097300
Potri.001G219300,168.4047287,8,0,0,Potri.001G219300
Potri.008G043900,168.333891,8,0,0,Potri.008G043900
Potri.010G199400,168.3104634,8,0,0,Potri.010G199400
Potri.008G197600,168.2707398,8,0,0,Potri.008G197600
Potri.013G014400,168.1083658,8,0,0,Potri.013G014400
Potri.001G174900,167.8496794,8,0,0,Potri.001G174900
Potri.007G126700,167.8285687,8,0,0,Potri.007G126700
Potri.016G020100,167.6795632,8,0,0,Potri.016G020100
Potri.012G043000,167.1864263,8,0,0,Potri.012G043000
Potri.007G134800,167.1062656,8,0,0,Potri.007G134800
Potri.016G084000,167.0291755,8,0,0,Potri.016G084000
Potri.002G154400,166.9134574,8,0,0,Potri.002G154400
Potri.016G041000,166.7843972,8,0,0,Potri.016G041000
Potri.001G412900,166.7544568,8,0,0,Potri.001G412900
Potri.005G182500,166.689135,8,0,0,Potri.005G182500
Potri.005G027200,166.6506042,8,0,0,Potri.005G027200
Potri.001G020300,166.3145662,8,0,0,Potri.001G020300
Potri.002G155400,166.206873,8,0,0,Potri.002G155400
Potri.011G053800,166.1638729,8,0,0,Potri.011G053800
Potri.001G278300,166.10537,8,0,0,Potri.001G278300
Potri.001G273700,165.8427462,8,0,0,Potri.001G273700
Potri.001G181300,165.7784668,8,0,0,Potri.001G181300
Potri.014G158900,165.7716355,8,0,0,Potri.014G158900
Potri.018G140300,165.5716682,8,0,0,Potri.018G140300
Potri.006G250300,165.3547701,8,0,0,Potri.006G250300
Potri.010G056500,165.25092,8,0,0,Potri.010G056500
Potri.015G054350,165.2072349,8,0,0,Potri.015G054350
Potri.011G117700,165.1736878,8,0,0,Potri.011G117700
Potri.002G149500,164.9190011,8,0,0,Potri.002G149500
Potri.014G070900,164.8902549,8,0,0,Potri.014G070900
Potri.016G056500,164.8593554,8,0,0,Potri.016G056500
Potri.003G122100,164.6428989,8,0,0,Potri.003G122100
Potri.012G089700,164.6355863,8,0,0,Potri.012G089700
Potri.013G109600,164.5877608,8,0,0,Potri.013G109600
Potri.003G179900,164.5125417,8,0,0,Potri.003G179900
Potri.012G002600,163.9530987,8,0,0,Potri.012G002600
Potri.001G152800,163.9267505,8,0,0,Potri.001G152800
Potri.010G216300,163.9017497,8,0,0,Potri.010G216300
Potri.003G141100,163.5224909,8,0,0,Potri.003G141100
Potri.016G055400,163.3515639,8,0,0,Potri.016G055400
Potri.008G149300,163.2573587,8,0,0,Potri.008G149300
Potri.001G345100,163.0351693,8,0,0,Potri.001G345100
Potri.010G081800,163.031383,8,0,0,Potri.010G081800
Potri.007G086250,162.5154358,8,0,0,Potri.007G086250
Potri.006G094300,162.484554,8,0,0,Potri.006G094300
Potri.006G037100,162.4642985,8,0,0,Potri.006G037100
Potri.010G076500,161.7111884,8,0,0,Potri.010G076500
Potri.016G013000,161.6557856,8,0,0,Potri.016G013000
Potri.004G019500,161.3294275,8,0,0,Potri.004G019500
Potri.012G036500,161.2496727,8,0,0,Potri.012G036500
Potri.018G066500,160.7980562,8,0,0,Potri.018G066500
Potri.013G014700,160.5531962,8,0,0,Potri.013G014700
Potri.012G124400,160.5274738,8,0,0,Potri.012G124400
Potri.005G094700,160.4938873,8,0,0,Potri.005G094700
Potri.007G088800,160.4701154,8,0,0,Potri.007G088800
Potri.010G024600,160.3574927,8,0,0,Potri.010G024600
Potri.010G050900,160.2445547,8,0,0,Potri.010G050900
Potri.014G068300,160.1863431,8,0,0,Potri.014G068300
Potri.005G074066,160.1490362,8,0,0,Potri.005G074066
Potri.001G301800,160.1312058,8,0,0,Potri.001G301800
Potri.005G084600,160.1249686,8,0,0,Potri.005G084600
Potri.015G122100,160.0540395,8,0,0,Potri.015G122100
Potri.003G207200,159.7450205,8,0,0,Potri.003G207200
Potri.011G083700,159.7329968,8,0,0,Potri.011G083700
Potri.004G216100,159.6223527,8,0,0,Potri.004G216100
Potri.018G070100,158.4305118,8,0,0,Potri.018G070100
Potri.006G006000,158.2543052,8,0,0,Potri.006G006000
Potri.017G075600,158.2294984,8,0,0,Potri.017G075600
Potri.008G073800,158.2211316,8,0,0,Potri.008G073800
Potri.010G056200,158.2141112,8,0,0,Potri.010G056200
Potri.016G093600,158.1862178,8,0,0,Potri.016G093600
Potri.015G069700,158.000145,8,0,0,Potri.015G069700
Potri.007G076700,157.8811721,8,0,0,Potri.007G076700
Potri.006G138500,157.8742384,8,0,0,Potri.006G138500
Potri.013G151366,157.7305991,8,0,0,Potri.013G151366
Potri.003G157900,157.5859764,8,0,0,Potri.003G157900
Potri.015G073200,157.2837466,8,0,0,Potri.015G073200
Potri.002G222400,156.8180953,8,0,0,Potri.002G222400
Potri.010G133900,156.6892052,8,0,0,Potri.010G133900
Potri.006G142200,156.6602482,8,0,0,Potri.006G142200
Potri.018G082900,156.4552052,8,0,0,Potri.018G082900
Potri.010G053100,156.3711009,8,0,0,Potri.010G053100
Potri.015G097000,155.8675125,8,0,0,Potri.015G097000
Potri.018G104000,155.7254994,8,0,0,Potri.018G104000
Potri.002G032900,155.6977741,8,0,0,Potri.002G032900
Potri.001G443025,155.6665802,8,0,0,Potri.001G443025
Potri.018G037500,155.6609401,8,0,0,Potri.018G037500
Potri.013G131900,155.6231273,8,0,0,Potri.013G131900
Potri.014G056600,155.3902363,8,0,0,Potri.014G056600
Potri.001G358300,155.3433187,8,0,0,Potri.001G358300
Potri.001G066700,155.2241312,8,0,0,Potri.001G066700
Potri.015G058600,155.2079693,8,0,0,Potri.015G058600
Potri.008G025900,155.1351305,8,0,0,Potri.008G025900
Potri.016G077200,154.9479046,8,0,0,Potri.016G077200
Potri.001G404800,154.942504,8,0,0,Potri.001G404800
Potri.001G067300,154.8511899,8,0,0,Potri.001G067300
Potri.002G241100,154.6541422,8,0,0,Potri.002G241100
Potri.006G258600,154.2724855,8,0,0,Potri.006G258600
Potri.005G098500,153.8804106,8,0,0,Potri.005G098500
Potri.007G017900,153.8679431,8,0,0,Potri.007G017900
Potri.008G103500,153.8039268,8,0,0,Potri.008G103500
Potri.017G082900,153.7438936,8,0,0,Potri.017G082900
Potri.010G126000,153.6389037,8,0,0,Potri.010G126000
Potri.005G021900,153.5675522,8,0,0,Potri.005G021900
Potri.007G013900,152.9026579,8,0,0,Potri.007G013900
Potri.006G264500,152.6709255,8,0,0,Potri.006G264500
Potri.006G273733,152.5595523,8,0,0,Potri.006G273733
Potri.019G025200,152.4696566,8,0,0,Potri.019G025200
Potri.016G082400,152.3606779,8,0,0,Potri.016G082400
Potri.002G082000,152.3550422,8,0,0,Potri.002G082000
Potri.011G138700,152.2942422,8,0,0,Potri.011G138700
Potri.002G133500,152.1987165,8,0,0,Potri.002G133500
Potri.008G110100,152.1796042,8,0,0,Potri.008G110100
Potri.001G100000,152.1296439,8,0,0,Potri.001G100000
Potri.005G033500,151.7242154,8,0,0,Potri.005G033500
Potri.006G024000,151.7029226,8,0,0,Potri.006G024000
Potri.009G012100,151.6814064,8,0,0,Potri.009G012100
Potri.010G113300,151.6592937,8,0,0,Potri.010G113300
Potri.010G064300,151.419735,8,0,0,Potri.010G064300
Potri.007G006900,151.211471,8,0,0,Potri.007G006900
Potri.005G177000,151.1832619,8,0,0,Potri.005G177000
Potri.012G127900,150.873243,8,0,0,Potri.012G127900
Potri.005G222700,150.5458858,8,0,0,Potri.005G222700
Potri.015G003000,150.4820324,8,0,0,Potri.015G003000
Potri.003G095500,150.4701563,8,0,0,Potri.003G095500
Potri.011G154600,150.2996652,8,0,0,Potri.011G154600
Potri.005G136900,150.1631571,8,0,0,Potri.005G136900
Potri.001G406600,150.1101072,8,0,0,Potri.001G406600
Potri.001G143400,150.0828119,8,0,0,Potri.001G143400
Potri.007G040400,149.9927108,8,0,0,Potri.007G040400
Potri.006G169700,149.9911467,8,0,0,Potri.006G169700
Potri.006G056400,149.9513251,8,0,0,Potri.006G056400
Potri.019G121200,149.8840404,8,0,0,Potri.019G121200
Potri.017G142700,149.7198952,8,0,0,Potri.017G142700
Potri.006G115700,149.5095927,8,0,0,Potri.006G115700
Potri.010G185000,149.3878237,8,0,0,Potri.010G185000
Potri.002G066200,149.0788809,8,0,0,Potri.002G066200
Potri.003G163200,149.0404013,8,0,0,Potri.003G163200
Potri.005G049400,149.0098454,8,0,0,Potri.005G049400
Potri.010G202500,148.988454,8,0,0,Potri.010G202500
Potri.001G269900,148.8669393,8,0,0,Potri.001G269900
Potri.006G106500,148.7585479,8,0,0,Potri.006G106500
Potri.016G106650,148.3540922,8,0,0,Potri.016G106650
Potri.008G150500,148.2932758,8,0,0,Potri.008G150500
Potri.003G195500,148.2042314,8,0,0,Potri.003G195500
Potri.001G129000,148.0149244,8,0,0,Potri.001G129000
Potri.013G073900,148.0119614,8,0,0,Potri.013G073900
Potri.011G003000,147.9937949,8,0,0,Potri.011G003000
Potri.002G249500,147.7385875,8,0,0,Potri.002G249500
Potri.013G005100,147.6698324,8,0,0,Potri.013G005100
Potri.017G039000,147.5540059,8,0,0,Potri.017G039000
Potri.004G010400,147.5068632,8,0,0,Potri.004G010400
Potri.004G001800,147.4498218,8,0,0,Potri.004G001800
Potri.012G039000,147.2777068,8,0,0,Potri.012G039000
Potri.001G188000,147.2019184,8,0,0,Potri.001G188000
Potri.006G216500,147.0267936,8,0,0,Potri.006G216500
Potri.010G070600,146.8075527,8,0,0,Potri.010G070600
Potri.016G047500,146.6574569,8,0,0,Potri.016G047500
Potri.005G057300,146.654385,8,0,0,Potri.005G057300
Potri.008G008300,146.5888064,8,0,0,Potri.008G008300
Potri.014G125700,146.4283867,8,0,0,Potri.014G125700
Potri.004G210600,146.0597419,8,0,0,Potri.004G210600
Potri.006G252100,146.0380695,8,0,0,Potri.006G252100
Potri.003G086000,145.9443164,8,0,0,Potri.003G086000
Potri.002G174300,145.5583161,8,0,0,Potri.002G174300
Potri.002G168900,145.5393591,8,0,0,Potri.002G168900
Potri.009G031800,145.5368245,8,0,0,Potri.009G031800
Potri.002G167800,145.3015952,8,0,0,Potri.002G167800
Potri.006G021500,145.2673245,8,0,0,Potri.006G021500
Potri.012G088100,145.1361699,8,0,0,Potri.012G088100
Potri.015G076400,145.0442219,8,0,0,Potri.015G076400
Potri.013G136200,145.0296647,8,0,0,Potri.013G136200
Potri.004G223800,144.7992923,8,0,0,Potri.004G223800
Potri.004G048201,144.6333912,8,0,0,Potri.004G048201
Potri.014G080500,144.4498279,8,0,0,Potri.014G080500
Potri.010G217100,144.2368763,8,0,0,Potri.010G217100
Potri.004G200800,144.1972878,8,0,0,Potri.004G200800
Potri.016G063200,144.1354735,8,0,0,Potri.016G063200
Potri.005G170500,144.1346508,8,0,0,Potri.005G170500
Potri.015G069000,144.0914626,8,0,0,Potri.015G069000
Potri.006G021600,143.9638517,8,0,0,Potri.006G021600
Potri.010G152700,143.7113506,8,0,0,Potri.010G152700
Potri.005G043400,143.7018209,8,0,0,Potri.005G043400
Potri.019G055800,143.6563501,8,0,0,Potri.019G055800
Potri.014G038200,143.530819,8,0,0,Potri.014G038200
Potri.003G152950,143.5061376,8,0,0,Potri.003G152950
Potri.004G019700,143.3408476,8,0,0,Potri.004G019700
Potri.015G005400,143.1874816,8,0,0,Potri.015G005400
Potri.001G255700,142.6796768,8,0,0,Potri.001G255700
Potri.009G148100,142.5851225,8,0,0,Potri.009G148100
Potri.008G104300,142.4646193,8,0,0,Potri.008G104300
Potri.001G355100,142.4248547,8,0,0,Potri.001G355100
Potri.008G159200,142.3838836,8,0,0,Potri.008G159200
Potri.005G192000,142.2747349,8,0,0,Potri.005G192000
Potri.015G041400,142.1507605,8,0,0,Potri.015G041400
Potri.001G261000,141.9239194,8,0,0,Potri.001G261000
Potri.005G112900,141.9183341,8,0,0,Potri.005G112900
Potri.006G152000,141.8845803,8,0,0,Potri.006G152000
Potri.008G159300,141.7742079,8,0,0,Potri.008G159300
Potri.002G250800,141.6211393,8,0,0,Potri.002G250800
Potri.005G179200,141.5143927,8,0,0,Potri.005G179200
Potri.002G076900,141.4338455,8,0,0,Potri.002G076900
Potri.017G000800,141.4098544,8,0,0,Potri.017G000800
Potri.004G185800,141.344771,8,0,0,Potri.004G185800
Potri.007G046900,141.157408,8,0,0,Potri.007G046900
Potri.002G102100,140.9086681,8,0,0,Potri.002G102100
Potri.001G172100,140.8336868,8,0,0,Potri.001G172100
Potri.006G060600,140.8044286,8,0,0,Potri.006G060600
Potri.006G192400,140.7187056,8,0,0,Potri.006G192400
Potri.014G151300,140.7072748,8,0,0,Potri.014G151300
Potri.004G226900,140.6063225,8,0,0,Potri.004G226900
Potri.003G050400,140.4407786,8,0,0,Potri.003G050400
Potri.009G089800,140.4306126,8,0,0,Potri.009G089800
Potri.008G058400,140.3492263,8,0,0,Potri.008G058400
Potri.001G272800,140.3399041,8,0,0,Potri.001G272800
Potri.008G175500,140.1979825,8,0,0,Potri.008G175500
Potri.004G159800,140.1946394,8,0,0,Potri.004G159800
Potri.013G112300,140.1543249,8,0,0,Potri.013G112300
Potri.019G085800,139.9411342,8,0,0,Potri.019G085800
Potri.002G241700,139.7519873,8,0,0,Potri.002G241700
Potri.017G112900,139.6796841,8,0,0,Potri.017G112900
Potri.007G022600,139.6688663,8,0,0,Potri.007G022600
Potri.009G005700,139.6655074,8,0,0,Potri.009G005700
Potri.015G059000,139.332568,8,0,0,Potri.015G059000
Potri.001G335400,139.297682,8,0,0,Potri.001G335400
Potri.014G003200,139.2170119,8,0,0,Potri.014G003200
Potri.006G066600,139.1252654,8,0,0,Potri.006G066600
Potri.016G004800,139.0146142,8,0,0,Potri.016G004800
Potri.008G055800,139.00756,8,0,0,Potri.008G055800
Potri.001G057800,138.5644799,8,0,0,Potri.001G057800
Potri.019G061700,138.5303017,8,0,0,Potri.019G061700
Potri.005G063200,138.5242191,8,0,0,Potri.005G063200
Potri.016G041200,138.4686142,8,0,0,Potri.016G041200
Potri.004G228300,138.4472749,8,0,0,Potri.004G228300
Potri.018G109500,138.3655554,8,0,0,Potri.018G109500
Potri.011G082900,138.2853776,8,0,0,Potri.011G082900
Potri.014G024200,138.2575172,8,0,0,Potri.014G024200
Potri.016G083900,138.2441668,8,0,0,Potri.016G083900
Potri.003G215201,137.8941708,8,0,0,Potri.003G215201
Potri.004G048900,137.8868208,8,0,0,Potri.004G048900
Potri.007G115000,137.7174501,8,0,0,Potri.007G115000
Potri.004G069400,137.6659282,8,0,0,Potri.004G069400
Potri.011G067000,137.5110611,8,0,0,Potri.011G067000
Potri.007G017000,137.4901809,8,0,0,Potri.007G017000
Potri.001G331200,137.4781782,8,0,0,Potri.001G331200
Potri.017G140000,137.3469794,8,0,0,Potri.017G140000
Potri.012G111600,137.2388122,8,0,0,Potri.012G111600
Potri.019G064000,136.9261773,8,0,0,Potri.019G064000
Potri.003G062200,136.6663193,8,0,0,Potri.003G062200
Potri.002G209700,136.6588186,8,0,0,Potri.002G209700
Potri.012G116210,136.6560921,8,0,0,Potri.012G116210
Potri.003G223200,136.5841625,8,0,0,Potri.003G223200
Potri.009G006000,136.3870063,8,0,0,Potri.009G006000
Potri.008G198100,136.3008063,8,0,0,Potri.008G198100
Potri.016G045800,136.2569587,8,0,0,Potri.016G045800
Potri.002G073500,136.2212192,8,0,0,Potri.002G073500
Potri.010G090800,136.027915,8,0,0,Potri.010G090800
Potri.001G248100,135.7837154,8,0,0,Potri.001G248100
Potri.009G075900,135.7376179,8,0,0,Potri.009G075900
Potri.006G072300,135.691099,8,0,0,Potri.006G072300
Potri.003G031000,135.5700578,8,0,0,Potri.003G031000
Potri.013G085300,135.1074027,8,0,0,Potri.013G085300
Potri.010G121600,135.0047168,8,0,0,Potri.010G121600
Potri.002G143300,135.0009866,8,0,0,Potri.002G143300
Potri.018G102400,134.9781559,8,0,0,Potri.018G102400
Potri.002G248500,134.9770824,8,0,0,Potri.002G248500
Potri.008G151100,134.8771275,8,0,0,Potri.008G151100
Potri.017G019400,134.7650482,8,0,0,Potri.017G019400
Potri.009G124900,134.4904694,8,0,0,Potri.009G124900
Potri.014G120600,134.4427946,8,0,0,Potri.014G120600
Potri.001G215000,134.3709017,8,0,0,Potri.001G215000
Potri.005G026200,134.1765622,8,0,0,Potri.005G026200
Potri.006G185700,134.0416371,8,0,0,Potri.006G185700
Potri.006G133500,134.033102,8,0,0,Potri.006G133500
Potri.002G044100,133.9565447,8,0,0,Potri.002G044100
Potri.007G010800,133.912394,8,0,0,Potri.007G010800
Potri.008G120100,133.7440498,8,0,0,Potri.008G120100
Potri.012G033800,133.6720686,8,0,0,Potri.012G033800
Potri.014G080000,133.6398336,8,0,0,Potri.014G080000
Potri.013G107950,133.5014096,8,0,0,Potri.013G107950
Potri.002G228200,133.4850318,8,0,0,Potri.002G228200
Potri.017G129100,133.4640737,8,0,0,Potri.017G129100
Potri.014G076100,133.345562,8,0,0,Potri.014G076100
Potri.005G251800,133.3066922,8,0,0,Potri.005G251800
Potri.013G027000,133.2521597,8,0,0,Potri.013G027000
Potri.004G197500,133.2351717,8,0,0,Potri.004G197500
Potri.001G102900,133.2287452,8,0,0,Potri.001G102900
Potri.001G466800,133.1610595,8,0,0,Potri.001G466800
Potri.019G079500,133.0988447,8,0,0,Potri.019G079500
Potri.010G191200,133.0238643,8,0,0,Potri.010G191200
Potri.007G035200,133.0022514,8,0,0,Potri.007G035200
Potri.018G062300,132.9794134,8,0,0,Potri.018G062300
Potri.017G144121,132.973012,8,0,0,Potri.017G144121
Potri.007G085900,132.9206161,8,0,0,Potri.007G085900
Potri.001G358600,132.8985592,8,0,0,Potri.001G358600
Potri.014G041700,132.7832117,8,0,0,Potri.014G041700
Potri.017G140800,132.7135868,8,0,0,Potri.017G140800
Potri.003G180900,132.6801046,8,0,0,Potri.003G180900
Potri.009G115300,132.6449349,8,0,0,Potri.009G115300
Potri.010G168100,132.3682997,8,0,0,Potri.010G168100
Potri.007G089200,132.3585727,8,0,0,Potri.007G089200
Potri.002G065100,132.3573407,8,0,0,Potri.002G065100
Potri.015G007300,132.2424802,8,0,0,Potri.015G007300
Potri.010G119400,132.0502144,8,0,0,Potri.010G119400
Potri.005G210000,131.97818,8,0,0,Potri.005G210000
Potri.006G011701,131.9513228,8,0,0,Potri.006G011701
Potri.004G113900,131.6198656,8,0,0,Potri.004G113900
Potri.012G094900,131.5599171,8,0,0,Potri.012G094900
Potri.005G019700,131.4635181,8,0,0,Potri.005G019700
Potri.001G167100,131.3847103,8,0,0,Potri.001G167100
Potri.002G105600,131.1691114,8,0,0,Potri.002G105600
Potri.001G050100,131.0036603,8,0,0,Potri.001G050100
Potri.010G076800,130.9754098,8,0,0,Potri.010G076800
Potri.002G046400,130.9197948,8,0,0,Potri.002G046400
Potri.015G105500,130.6065315,8,0,0,Potri.015G105500
Potri.006G231000,130.5365441,8,0,0,Potri.006G231000
Potri.011G058100,130.3556228,8,0,0,Potri.011G058100
Potri.002G253200,130.2392343,8,0,0,Potri.002G253200
Potri.013G159500,130.2226798,8,0,0,Potri.013G159500
Potri.007G033400,130.2162265,8,0,0,Potri.007G033400
Potri.004G199400,130.211735,8,0,0,Potri.004G199400
Potri.018G069800,130.0849583,8,0,0,Potri.018G069800
Potri.007G095300,130.0460252,8,0,0,Potri.007G095300
Potri.009G089500,130.0163277,8,0,0,Potri.009G089500
Potri.006G274700,129.9344036,8,0,0,Potri.006G274700
Potri.012G039300,129.8900382,8,0,0,Potri.012G039300
Potri.008G204400,129.8419313,8,0,0,Potri.008G204400
Potri.001G233100,129.7241311,8,0,0,Potri.001G233100
Potri.007G041000,129.7082684,8,0,0,Potri.007G041000
Potri.019G120800,129.5314336,8,0,0,Potri.019G120800
Potri.010G133800,129.3747309,8,0,0,Potri.010G133800
Potri.006G264300,129.3127799,8,0,0,Potri.006G264300
Potri.006G135200,129.2332644,8,0,0,Potri.006G135200
Potri.010G035500,129.1966343,8,0,0,Potri.010G035500
Potri.001G166800,129.1754814,8,0,0,Potri.001G166800
Potri.006G232900,129.1704504,8,0,0,Potri.006G232900
Potri.002G074900,129.0293833,8,0,0,Potri.002G074900
Potri.004G154000,128.9247397,8,0,0,Potri.004G154000
Potri.005G106400,128.917735,8,0,0,Potri.005G106400
Potri.012G087800,128.8198142,8,0,0,Potri.012G087800
Potri.011G148700,128.788797,8,0,0,Potri.011G148700
Potri.005G156600,128.5658362,8,0,0,Potri.005G156600
Potri.005G227300,128.528358,8,0,0,Potri.005G227300
Potri.010G019150,128.4210565,8,0,0,Potri.010G019150
Potri.009G142900,128.3955862,8,0,0,Potri.009G142900
Potri.010G140100,128.0556056,8,0,0,Potri.010G140100
Potri.005G194500,127.914913,8,0,0,Potri.005G194500
Potri.010G038400,127.9028843,8,0,0,Potri.010G038400
Potri.006G135600,127.7358783,8,0,0,Potri.006G135600
Potri.016G087000,127.7285485,8,0,0,Potri.016G087000
Potri.009G034700,127.5522824,8,0,0,Potri.009G034700
Potri.011G143400,127.5393164,8,0,0,Potri.011G143400
Potri.009G053700,127.4741057,8,0,0,Potri.009G053700
Potri.014G127000,127.4477114,8,0,0,Potri.014G127000
Potri.006G092800,127.4438344,8,0,0,Potri.006G092800
Potri.004G157500,127.2365671,8,0,0,Potri.004G157500
Potri.001G344600,127.2180222,8,0,0,Potri.001G344600
Potri.012G015032,127.1253672,8,0,0,Potri.012G015032
Potri.009G105400,126.9691342,8,0,0,Potri.009G105400
Potri.007G011700,126.9291689,8,0,0,Potri.007G011700
Potri.010G199100,126.5749335,8,0,0,Potri.010G199100
Potri.015G031400,126.5156094,8,0,0,Potri.015G031400
Potri.002G051300,126.4774354,8,0,0,Potri.002G051300
Potri.008G168600,126.4654762,8,0,0,Potri.008G168600
Potri.002G178500,126.4637321,8,0,0,Potri.002G178500
Potri.016G060400,126.4298124,8,0,0,Potri.016G060400
Potri.004G184200,126.4154825,8,0,0,Potri.004G184200
Potri.009G054200,126.3024329,8,0,0,Potri.009G054200
Potri.016G046802,126.2857979,8,0,0,Potri.016G046802
Potri.006G072400,126.1116532,8,0,0,Potri.006G072400
Potri.001G206800,126.0596181,8,0,0,Potri.001G206800
Potri.003G136100,126.0453331,8,0,0,Potri.003G136100
Potri.001G356800,126.0387263,8,0,0,Potri.001G356800
Potri.003G156700,125.9816522,8,0,0,Potri.003G156700
Potri.015G105000,125.9300056,8,0,0,Potri.015G105000
Potri.014G146100,125.8717772,8,0,0,Potri.014G146100
Potri.001G246400,125.8296556,8,0,0,Potri.001G246400
Potri.003G162700,125.7916954,8,0,0,Potri.003G162700
Potri.004G207100,125.7680397,8,0,0,Potri.004G207100
Potri.015G029200,125.6797405,8,0,0,Potri.015G029200
Potri.010G100900,125.6745334,8,0,0,Potri.010G100900
Potri.002G101400,125.6291759,8,0,0,Potri.002G101400
Potri.002G140400,125.6233068,8,0,0,Potri.002G140400
Potri.001G300700,125.4868013,8,0,0,Potri.001G300700
Potri.002G048666,125.4858937,8,0,0,Potri.002G048666
Potri.001G111700,125.3525969,8,0,0,Potri.001G111700
Potri.001G081500,125.3511549,8,0,0,Potri.001G081500
Potri.010G237700,125.2327558,8,0,0,Potri.010G237700
Potri.002G237500,124.9895955,8,0,0,Potri.002G237500
Potri.016G051000,124.8928384,8,0,0,Potri.016G051000
Potri.002G220566,124.8359496,8,0,0,Potri.002G220566
Potri.002G098100,124.7888118,8,0,0,Potri.002G098100
Potri.005G202400,124.72399,8,0,0,Potri.005G202400
Potri.001G280700,124.6354436,8,0,0,Potri.001G280700
Potri.006G066150,124.6351728,8,0,0,Potri.006G066150
Potri.018G087100,124.4938887,8,0,0,Potri.018G087100
Potri.006G041800,124.3831239,8,0,0,Potri.006G041800
Potri.008G021400,124.2273458,8,0,0,Potri.008G021400
Potri.015G045800,124.0267051,8,0,0,Potri.015G045800
Potri.018G146100,123.9674779,8,0,0,Potri.018G146100
Potri.008G097700,123.7868465,8,0,0,Potri.008G097700
Potri.016G084500,123.6939489,8,0,0,Potri.016G084500
Potri.006G229900,123.3211216,8,0,0,Potri.006G229900
Potri.006G115400,123.274284,8,0,0,Potri.006G115400
Potri.001G444050,123.1412026,8,0,0,Potri.001G444050
Potri.013G105900,123.0994954,8,0,0,Potri.013G105900
Potri.016G089000,122.7333267,8,0,0,Potri.016G089000
Potri.013G039000,122.6964866,8,0,0,Potri.013G039000
Potri.010G010448,122.6642238,8,0,0,Potri.010G010448
Potri.013G083000,122.4787302,8,0,0,Potri.013G083000
Potri.018G046100,122.4296787,8,0,0,Potri.018G046100
Potri.012G111200,122.1719403,8,0,0,Potri.012G111200
Potri.008G059200,121.9884763,8,0,0,Potri.008G059200
Potri.019G055600,121.942936,8,0,0,Potri.019G055600
Potri.014G150000,121.8268423,8,0,0,Potri.014G150000
Potri.006G281900,121.8174958,8,0,0,Potri.006G281900
Potri.008G156200,121.63635,8,0,0,Potri.008G156200
Potri.001G086800,121.5083658,8,0,0,Potri.001G086800
Potri.012G069400,121.2233839,8,0,0,Potri.012G069400
Potri.002G142100,121.2160686,8,0,0,Potri.002G142100
Potri.014G197500,121.2011641,8,0,0,Potri.014G197500
Potri.014G019900,121.1607781,8,0,0,Potri.014G019900
Potri.005G053500,121.1581503,8,0,0,Potri.005G053500
Potri.005G024250,120.9395097,8,0,0,Potri.005G024250
Potri.016G124100,120.9165134,8,0,0,Potri.016G124100
Potri.002G194700,120.8994119,8,0,0,Potri.002G194700
Potri.001G135300,120.8507228,8,0,0,Potri.001G135300
Potri.009G069700,120.8287464,8,0,0,Potri.009G069700
Potri.011G078900,120.8117824,8,0,0,Potri.011G078900
Potri.010G177900,120.7999984,8,0,0,Potri.010G177900
Potri.009G061700,120.7992986,8,0,0,Potri.009G061700
Potri.015G007100,120.5565786,8,0,0,Potri.015G007100
Potri.005G115500,120.3685474,8,0,0,Potri.005G115500
Potri.011G118200,120.1635584,8,0,0,Potri.011G118200
Potri.010G138100,120.0769054,8,0,0,Potri.010G138100
Potri.010G060400,119.9048564,8,0,0,Potri.010G060400
Potri.016G125901,119.6313468,8,0,0,Potri.016G125901
Potri.009G009300,119.5740696,8,0,0,Potri.009G009300
Potri.003G180300,119.3989939,8,0,0,Potri.003G180300
Potri.002G072100,119.3356775,8,0,0,Potri.002G072100
Potri.013G062401,119.2584047,8,0,0,Potri.013G062401
Potri.004G107000,119.1028318,8,0,0,Potri.004G107000
Potri.002G000200,119.0207328,8,0,0,Potri.002G000200
Potri.014G137700,118.9253345,8,0,0,Potri.014G137700
Potri.016G019201,118.7320818,8,0,0,Potri.016G019201
Potri.006G068200,118.6990103,8,0,0,Potri.006G068200
Potri.010G011900,118.5653861,8,0,0,Potri.010G011900
Potri.016G143700,118.5183141,8,0,0,Potri.016G143700
Potri.006G110400,118.294998,8,0,0,Potri.006G110400
Potri.016G024800,118.2362841,8,0,0,Potri.016G024800
Potri.008G029400,118.0977884,8,0,0,Potri.008G029400
Potri.015G103400,118.070908,8,0,0,Potri.015G103400
Potri.019G047300,118.0383047,8,0,0,Potri.019G047300
Potri.003G102800,117.973898,8,0,0,Potri.003G102800
Potri.011G077700,117.9381898,8,0,0,Potri.011G077700
Potri.011G106300,117.933631,8,0,0,Potri.011G106300
Potri.014G087900,117.8272825,8,0,0,Potri.014G087900
Potri.006G137200,117.6869822,8,0,0,Potri.006G137200
Potri.001G409900,117.6776246,8,0,0,Potri.001G409900
Potri.015G044500,117.6753633,8,0,0,Potri.015G044500
Potri.008G051900,117.6464624,8,0,0,Potri.008G051900
Potri.015G078700,117.6312004,8,0,0,Potri.015G078700
Potri.010G220900,117.6282745,8,0,0,Potri.010G220900
Potri.002G003100,117.5006036,8,0,0,Potri.002G003100
Potri.008G063200,117.4782301,8,0,0,Potri.008G063200
Potri.005G226400,117.3972571,8,0,0,Potri.005G226400
Potri.006G263000,117.3560569,8,0,0,Potri.006G263000
Potri.011G057200,117.3428405,8,0,0,Potri.011G057200
Potri.001G112900,117.3361916,8,0,0,Potri.001G112900
Potri.006G234400,117.3009634,8,0,0,Potri.006G234400
Potri.014G161600,117.1868545,8,0,0,Potri.014G161600
Potri.002G016700,117.1046548,8,0,0,Potri.002G016700
Potri.012G105400,117.0196546,8,0,0,Potri.012G105400
Potri.001G337400,117.0165781,8,0,0,Potri.001G337400
Potri.002G059700,116.9246827,8,0,0,Potri.002G059700
Potri.007G008500,116.8929833,8,0,0,Potri.007G008500
Potri.005G147801,116.8798604,8,0,0,Potri.005G147801
Potri.015G004200,116.8224125,8,0,0,Potri.015G004200
Potri.002G155600,116.6727163,8,0,0,Potri.002G155600
Potri.010G006000,116.583655,8,0,0,Potri.010G006000
Potri.001G248800,116.5268185,8,0,0,Potri.001G248800
Potri.003G158000,116.4888057,8,0,0,Potri.003G158000
Potri.008G154600,116.45199,8,0,0,Potri.008G154600
Potri.005G051200,116.4311179,8,0,0,Potri.005G051200
Potri.003G100300,116.248649,8,0,0,Potri.003G100300
Potri.011G117600,116.1264971,8,0,0,Potri.011G117600
Potri.007G031400,116.065407,8,0,0,Potri.007G031400
Potri.011G022900,116.0607481,8,0,0,Potri.011G022900
Potri.017G099200,116.0447602,8,0,0,Potri.017G099200
Potri.016G001700,116.0376247,8,0,0,Potri.016G001700
Potri.016G030900,116.0057331,8,0,0,Potri.016G030900
Potri.015G048300,115.9871988,8,0,0,Potri.015G048300
Potri.012G142600,115.8279582,8,0,0,Potri.012G142600
Potri.001G024100,115.6263426,8,0,0,Potri.001G024100
Potri.008G177100,115.5600103,8,0,0,Potri.008G177100
Potri.001G046600,115.5502432,8,0,0,Potri.001G046600
Potri.007G026900,115.5156057,8,0,0,Potri.007G026900
Potri.001G367100,115.511297,8,0,0,Potri.001G367100
Potri.012G080100,115.4746583,8,0,0,Potri.012G080100
Potri.002G170900,115.4639237,8,0,0,Potri.002G170900
Potri.002G208251,115.4056828,8,0,0,Potri.002G208251
Potri.003G025200,115.3725993,8,0,0,Potri.003G025200
Potri.001G012300,115.3144809,8,0,0,Potri.001G012300
Potri.005G180100,115.295225,8,0,0,Potri.005G180100
Potri.007G022000,115.1159429,8,0,0,Potri.007G022000
Potri.001G267400,115.0763838,8,0,0,Potri.001G267400
Potri.002G157000,115.0262248,8,0,0,Potri.002G157000
Potri.001G459700,115.0048839,8,0,0,Potri.001G459700
Potri.010G122400,114.9196348,8,0,0,Potri.010G122400
Potri.008G103800,114.8403088,8,0,0,Potri.008G103800
Potri.002G072900,114.6800711,8,0,0,Potri.002G072900
Potri.019G011600,114.6764886,8,0,0,Potri.019G011600
Potri.001G109300,114.6755016,8,0,0,Potri.001G109300
Potri.001G403000,114.6115716,8,0,0,Potri.001G403000
Potri.005G086700,114.5579113,8,0,0,Potri.005G086700
Potri.001G371800,114.4574942,8,0,0,Potri.001G371800
Potri.007G052500,114.4521391,8,0,0,Potri.007G052500
Potri.013G069900,114.4449981,8,0,0,Potri.013G069900
Potri.008G130500,114.383041,8,0,0,Potri.008G130500
Potri.013G112500,114.3021334,8,0,0,Potri.013G112500
Potri.001G024200,114.287669,8,0,0,Potri.001G024200
Potri.017G084100,114.0845137,8,0,0,Potri.017G084100
Potri.002G141500,114.0512878,8,0,0,Potri.002G141500
Potri.016G090400,113.9831196,8,0,0,Potri.016G090400
Potri.017G100800,113.9601193,8,0,0,Potri.017G100800
Potri.007G097900,113.9375072,8,0,0,Potri.007G097900
Potri.001G442600,113.9023863,8,0,0,Potri.001G442600
Potri.010G251500,113.7784495,8,0,0,Potri.010G251500
Potri.008G070200,113.5696424,8,0,0,Potri.008G070200
Potri.011G156300,113.4506332,8,0,0,Potri.011G156300
Potri.004G152000,113.4112023,8,0,0,Potri.004G152000
Potri.018G073925,113.3569841,8,0,0,Potri.018G073925
Potri.001G205500,112.7843951,8,0,0,Potri.001G205500
Potri.005G136200,112.6737724,8,0,0,Potri.005G136200
Potri.002G113800,112.4943651,8,0,0,Potri.002G113800
Potri.014G066000,112.434185,8,0,0,Potri.014G066000
Potri.011G116400,112.3828674,8,0,0,Potri.011G116400
Potri.006G275200,112.3794078,8,0,0,Potri.006G275200
Potri.012G132832,112.3514647,8,0,0,Potri.012G132832
Potri.007G007000,112.2801265,8,0,0,Potri.007G007000
Potri.011G165600,111.946006,8,0,0,Potri.011G165600
Potri.005G141900,111.9014373,8,0,0,Potri.005G141900
Potri.008G056200,111.8876569,8,0,0,Potri.008G056200
Potri.001G295600,111.7556171,8,0,0,Potri.001G295600
Potri.002G036300,111.5865482,8,0,0,Potri.002G036300
Potri.017G063900,111.4964314,8,0,0,Potri.017G063900
Potri.012G046400,111.2091628,8,0,0,Potri.012G046400
Potri.006G087800,111.0936266,8,0,0,Potri.006G087800
Potri.006G047700,110.9770857,8,0,0,Potri.006G047700
Potri.011G002900,110.9378195,8,0,0,Potri.011G002900
Potri.014G042200,110.8352776,8,0,0,Potri.014G042200
Potri.013G127100,110.8302145,8,0,0,Potri.013G127100
Potri.001G059700,110.7420123,8,0,0,Potri.001G059700
Potri.016G097100,110.6614534,8,0,0,Potri.016G097100
Potri.001G191200,110.6199101,8,0,0,Potri.001G191200
Potri.014G038100,110.5803908,8,0,0,Potri.014G038100
Potri.014G066600,110.5724693,8,0,0,Potri.014G066600
Potri.004G074400,110.5354847,8,0,0,Potri.004G074400
Potri.001G259900,110.2996526,8,0,0,Potri.001G259900
Potri.001G182600,110.2912074,8,0,0,Potri.001G182600
Potri.005G206700,110.2488325,8,0,0,Potri.005G206700
Potri.004G123800,110.2470968,8,0,0,Potri.004G123800
Potri.015G091100,110.197603,8,0,0,Potri.015G091100
Potri.002G248900,110.1723992,8,0,0,Potri.002G248900
Potri.001G233700,110.1040896,8,0,0,Potri.001G233700
Potri.005G098900,110.0762719,8,0,0,Potri.005G098900
Potri.006G114400,109.9298798,8,0,0,Potri.006G114400
Potri.017G091100,109.8302536,8,0,0,Potri.017G091100
Potri.001G346900,109.5622433,8,0,0,Potri.001G346900
Potri.001G005400,109.418078,8,0,0,Potri.001G005400
Potri.006G064900,109.3582039,8,0,0,Potri.006G064900
Potri.002G240232,109.334883,8,0,0,Potri.002G240232
Potri.016G104700,109.3237536,8,0,0,Potri.016G104700
Potri.014G097800,109.2985564,8,0,0,Potri.014G097800
Potri.002G011200,109.1411671,8,0,0,Potri.002G011200
Potri.006G200600,109.1195314,8,0,0,Potri.006G200600
Potri.017G017700,109.002988,8,0,0,Potri.017G017700
Potri.001G016700,108.7264653,8,0,0,Potri.001G016700
Potri.001G356500,108.6976268,8,0,0,Potri.001G356500
Potri.013G068700,108.5925809,8,0,0,Potri.013G068700
Potri.003G144500,108.4705552,8,0,0,Potri.003G144500
Potri.003G168800,108.4130392,8,0,0,Potri.003G168800
Potri.002G254900,108.2561446,8,0,0,Potri.002G254900
Potri.001G073100,108.2344546,8,0,0,Potri.001G073100
Potri.003G028089,108.222118,8,0,0,Potri.003G028089
Potri.015G063600,107.9401512,8,0,0,Potri.015G063600
Potri.009G099500,107.8467842,8,0,0,Potri.009G099500
Potri.017G094500,107.8379347,8,0,0,Potri.017G094500
Potri.001G082700,107.6894713,8,0,0,Potri.001G082700
Potri.005G021800,107.5103186,8,0,0,Potri.005G021800
Potri.003G196200,107.4424182,8,0,0,Potri.003G196200
Potri.006G060900,107.3983689,8,0,0,Potri.006G060900
Potri.004G061200,107.3970415,8,0,0,Potri.004G061200
Potri.008G008100,107.3952403,8,0,0,Potri.008G008100
Potri.005G190200,107.3905002,8,0,0,Potri.005G190200
Potri.008G058500,107.3233252,8,0,0,Potri.008G058500
Potri.019G044500,106.9811401,8,0,0,Potri.019G044500
Potri.010G024700,106.9157803,8,0,0,Potri.010G024700
Potri.003G198100,106.9024353,8,0,0,Potri.003G198100
Potri.012G024500,106.6513235,8,0,0,Potri.012G024500
Potri.012G032900,106.6364809,8,0,0,Potri.012G032900
Potri.007G051500,106.6310964,8,0,0,Potri.007G051500
Potri.006G142800,106.581814,8,0,0,Potri.006G142800
Potri.006G091300,106.5782224,8,0,0,Potri.006G091300
Potri.012G131900,106.4651474,8,0,0,Potri.012G131900
Potri.010G005500,106.4376467,8,0,0,Potri.010G005500
Potri.010G152000,106.4321151,8,0,0,Potri.010G152000
Potri.001G240000,106.3808454,8,0,0,Potri.001G240000
Potri.009G024500,106.1370624,8,0,0,Potri.009G024500
Potri.001G304000,106.0831069,8,0,0,Potri.001G304000
Potri.010G109600,106.0058071,8,0,0,Potri.010G109600
Potri.001G229300,105.8822913,8,0,0,Potri.001G229300
Potri.005G064300,105.8800951,8,0,0,Potri.005G064300
Potri.003G218500,105.7846258,8,0,0,Potri.003G218500
Potri.014G159400,105.5533429,8,0,0,Potri.014G159400
Potri.010G250600,105.4153928,8,0,0,Potri.010G250600
Potri.002G017600,105.1856163,8,0,0,Potri.002G017600
Potri.010G066400,105.1792242,8,0,0,Potri.010G066400
Potri.018G067900,105.1245684,8,0,0,Potri.018G067900
Potri.005G013000,105.0800634,8,0,0,Potri.005G013000
Potri.002G204400,105.0720823,8,0,0,Potri.002G204400
Potri.019G111700,105.0503095,8,0,0,Potri.019G111700
Potri.010G141400,105.0326169,8,0,0,Potri.010G141400
Potri.018G129500,104.9672521,8,0,0,Potri.018G129500
Potri.001G210100,104.9545993,8,0,0,Potri.001G210100
Potri.001G342000,104.903314,8,0,0,Potri.001G342000
Potri.013G072800,104.8838463,8,0,0,Potri.013G072800
Potri.005G091200,104.8134094,8,0,0,Potri.005G091200
Potri.005G114500,104.7622959,8,0,0,Potri.005G114500
Potri.015G144400,104.6884019,8,0,0,Potri.015G144400
Potri.009G036450,104.6727916,8,0,0,Potri.009G036450
Potri.007G026300,104.6110603,8,0,0,Potri.007G026300
Potri.012G132200,104.5830537,8,0,0,Potri.012G132200
Potri.001G355600,104.5687063,8,0,0,Potri.001G355600
Potri.014G043800,104.5017138,8,0,0,Potri.014G043800
Potri.010G170000,104.4955595,8,0,0,Potri.010G170000
Potri.006G043092,104.4702087,8,0,0,Potri.006G043092
Potri.011G139500,104.3656062,8,0,0,Potri.011G139500
Potri.013G120800,104.1747138,8,0,0,Potri.013G120800
Potri.002G120100,104.1247177,8,0,0,Potri.002G120100
Potri.008G112800,104.1196081,8,0,0,Potri.008G112800
Potri.002G043200,104.085376,8,0,0,Potri.002G043200
Potri.008G068000,104.0361257,8,0,0,Potri.008G068000
Potri.006G170400,103.8346891,8,0,0,Potri.006G170400
Potri.016G118300,103.8117337,8,0,0,Potri.016G118300
Potri.002G052300,103.7988199,8,0,0,Potri.002G052300
Potri.012G051500,103.7731976,8,0,0,Potri.012G051500
Potri.013G058400,103.7074248,8,0,0,Potri.013G058400
Potri.010G230600,103.3831017,8,0,0,Potri.010G230600
Potri.016G001800,103.3526567,8,0,0,Potri.016G001800
Potri.006G221000,103.1638353,8,0,0,Potri.006G221000
Potri.012G105500,102.9857585,8,0,0,Potri.012G105500
Potri.015G075800,102.6262886,8,0,0,Potri.015G075800
Potri.006G170900,102.4389171,8,0,0,Potri.006G170900
Potri.008G129100,102.4222637,8,0,0,Potri.008G129100
Potri.012G087100,102.3862073,8,0,0,Potri.012G087100
Potri.004G209700,102.3393378,8,0,0,Potri.004G209700
Potri.014G094800,102.3268647,8,0,0,Potri.014G094800
Potri.014G164900,102.2601373,8,0,0,Potri.014G164900
Potri.005G026400,102.0705931,8,0,0,Potri.005G026400
Potri.014G057300,102.0161881,8,0,0,Potri.014G057300
Potri.013G046900,101.7952871,8,0,0,Potri.013G046900
Potri.011G080400,101.732353,8,0,0,Potri.011G080400
Potri.007G129700,101.6939303,8,0,0,Potri.007G129700
Potri.009G162900,101.6881024,8,0,0,Potri.009G162900
Potri.003G144900,101.6640489,8,0,0,Potri.003G144900
Potri.001G177500,101.6330889,8,0,0,Potri.001G177500
Potri.001G387300,101.6036567,8,0,0,Potri.001G387300
Potri.005G025200,101.5446561,8,0,0,Potri.005G025200
Potri.015G041500,101.5395992,8,0,0,Potri.015G041500
Potri.010G203900,101.5113467,8,0,0,Potri.010G203900
Potri.009G149900,101.3373783,8,0,0,Potri.009G149900
Potri.012G101500,101.2953161,8,0,0,Potri.012G101500
Potri.003G214700,101.2230762,8,0,0,Potri.003G214700
Potri.001G018700,101.1937415,8,0,0,Potri.001G018700
Potri.002G095800,101.1688542,8,0,0,Potri.002G095800
Potri.006G108400,101.0792774,8,0,0,Potri.006G108400
Potri.002G175000,100.930548,8,0,0,Potri.002G175000
Potri.016G083500,100.915206,8,0,0,Potri.016G083500
Potri.011G045600,100.8882498,8,0,0,Potri.011G045600
Potri.009G136600,100.8548881,8,0,0,Potri.009G136600
Potri.011G087900,100.7440112,8,0,0,Potri.011G087900
Potri.005G123800,100.6604204,8,0,0,Potri.005G123800
Potri.T011101,100.6124143,8,0,0,Potri.T011101
Potri.011G119400,100.5519121,8,0,0,Potri.011G119400
Potri.003G138000,100.4638822,8,0,0,Potri.003G138000
Potri.001G251000,100.4495244,8,0,0,Potri.001G251000
Potri.014G096200,100.33268,8,0,0,Potri.014G096200
Potri.007G095200,100.2945496,8,0,0,Potri.007G095200
Potri.011G004000,100.2632879,8,0,0,Potri.011G004000
Potri.005G083300,100.2607634,8,0,0,Potri.005G083300
Potri.006G108600,100.2295823,8,0,0,Potri.006G108600
Potri.001G087500,100.1928991,8,0,0,Potri.001G087500
Potri.015G078801,100.1488982,8,0,0,Potri.015G078801
Potri.004G117700,100.1449925,8,0,0,Potri.004G117700
Potri.005G170066,100.0980546,8,0,0,Potri.005G170066
Potri.016G029100,100.0706514,8,0,0,Potri.016G029100
Potri.002G092100,100.0652768,8,0,0,Potri.002G092100
Potri.010G129600,100.0172771,8,0,0,Potri.010G129600
Potri.001G373700,99.96955265,8,0,0,Potri.001G373700
Potri.004G020500,99.96221929,8,0,0,Potri.004G020500
Potri.002G158800,99.95857526,8,0,0,Potri.002G158800
Potri.009G070700,99.94514022,8,0,0,Potri.009G070700
Potri.015G013700,99.92466034,8,0,0,Potri.015G013700
Potri.006G072500,99.83272793,8,0,0,Potri.006G072500
Potri.010G147301,99.82313241,8,0,0,Potri.010G147301
Potri.006G082300,99.80629398,8,0,0,Potri.006G082300
Potri.015G047100,99.60904347,8,0,0,Potri.015G047100
Potri.008G077400,99.42434315,8,0,0,Potri.008G077400
Potri.013G026300,99.35598207,8,0,0,Potri.013G026300
Potri.002G192300,99.12992918,8,0,0,Potri.002G192300
Potri.006G177900,99.09820249,8,0,0,Potri.006G177900
Potri.001G394000,98.94712726,8,0,0,Potri.001G394000
Potri.006G104000,98.88939342,8,0,0,Potri.006G104000
Potri.015G099100,98.83608046,8,0,0,Potri.015G099100
Potri.016G111400,98.77490243,8,0,0,Potri.016G111400
Potri.008G168800,98.7420335,8,0,0,Potri.008G168800
Potri.003G085600,98.63018885,8,0,0,Potri.003G085600
Potri.003G148000,98.54149444,8,0,0,Potri.003G148000
Potri.005G058501,98.43695965,8,0,0,Potri.005G058501
Potri.002G084800,98.2747381,8,0,0,Potri.002G084800
Potri.002G108100,98.08883571,8,0,0,Potri.002G108100
Potri.010G241200,97.86579233,8,0,0,Potri.010G241200
Potri.015G121000,97.77534646,8,0,0,Potri.015G121000
Potri.011G147400,97.74497559,8,0,0,Potri.011G147400
Potri.007G057200,97.66261329,8,0,0,Potri.007G057200
Potri.010G145000,97.55060844,8,0,0,Potri.010G145000
Potri.018G018600,97.52878425,8,0,0,Potri.018G018600
Potri.014G014400,97.45642501,8,0,0,Potri.014G014400
Potri.006G046000,97.45306414,8,0,0,Potri.006G046000
Potri.008G048900,97.36136073,8,0,0,Potri.008G048900
Potri.017G143700,97.28521826,8,0,0,Potri.017G143700
Potri.001G466000,97.14006239,8,0,0,Potri.001G466000
Potri.008G144300,97.11273984,8,0,0,Potri.008G144300
Potri.001G235400,97.09143607,8,0,0,Potri.001G235400
Potri.011G107900,97.05510145,8,0,0,Potri.011G107900
Potri.014G053300,97.03533982,8,0,0,Potri.014G053300
Potri.018G001000,97.02670039,8,0,0,Potri.018G001000
Potri.003G129800,96.97952659,8,0,0,Potri.003G129800
Potri.007G091100,96.91875569,8,0,0,Potri.007G091100
Potri.008G162600,96.81855999,8,0,0,Potri.008G162600
Potri.010G144900,96.81305867,8,0,0,Potri.010G144900
Potri.004G095000,96.79939309,8,0,0,Potri.004G095000
Potri.010G013300,96.7772992,8,0,0,Potri.010G013300
Potri.005G115601,96.57168889,8,0,0,Potri.005G115601
Potri.007G106200,96.55381069,8,0,0,Potri.007G106200
Potri.001G118500,96.5106012,8,0,0,Potri.001G118500
Potri.008G219900,96.49881171,8,0,0,Potri.008G219900
Potri.004G099100,96.43606035,8,0,0,Potri.004G099100
Potri.002G214400,96.40195777,8,0,0,Potri.002G214400
Potri.003G063900,96.14294336,8,0,0,Potri.003G063900
Potri.015G130800,96.13305866,8,0,0,Potri.015G130800
Potri.005G237800,96.0225832,8,0,0,Potri.005G237800
Potri.003G192400,95.93525289,8,0,0,Potri.003G192400
Potri.017G115400,95.71155634,8,0,0,Potri.017G115400
Potri.007G058050,95.70066456,8,0,0,Potri.007G058050
Potri.001G099600,95.57243626,8,0,0,Potri.001G099600
Potri.017G150500,95.55983792,8,0,0,Potri.017G150500
Potri.012G097800,95.46668522,8,0,0,Potri.012G097800
Potri.004G133340,95.41603874,8,0,0,Potri.004G133340
Potri.011G151300,95.3819893,8,0,0,Potri.011G151300
Potri.001G068000,95.38011965,8,0,0,Potri.001G068000
Potri.009G134000,95.3002717,8,0,0,Potri.009G134000
Potri.018G121100,95.28331111,8,0,0,Potri.018G121100
Potri.001G119000,95.0954211,8,0,0,Potri.001G119000
Potri.010G210300,95.0294071,8,0,0,Potri.010G210300
Potri.007G096000,94.99825377,8,0,0,Potri.007G096000
Potri.013G069700,94.92599275,8,0,0,Potri.013G069700
Potri.010G212300,94.89950472,8,0,0,Potri.010G212300
Potri.011G044100,94.89828236,8,0,0,Potri.011G044100
Potri.001G002300,94.7632269,8,0,0,Potri.001G002300
Potri.009G115800,94.68434578,8,0,0,Potri.009G115800
Potri.015G054500,94.55889808,8,0,0,Potri.015G054500
Potri.002G049700,94.48825918,8,1.11E-16,1.94E-15,Potri.002G049700
Potri.001G066400,94.3075458,8,1.11E-16,1.94E-15,Potri.001G066400
Potri.004G217700,94.23404413,8,1.11E-16,1.94E-15,Potri.004G217700
Potri.001G375500,94.20343687,8,1.11E-16,1.94E-15,Potri.001G375500
Potri.001G405100,94.20133361,8,1.11E-16,1.94E-15,Potri.001G405100
Potri.014G024000,94.17036766,8,1.11E-16,1.94E-15,Potri.014G024000
Potri.006G182100,94.16102508,8,1.11E-16,1.94E-15,Potri.006G182100
Potri.018G128400,94.12828752,8,1.11E-16,1.94E-15,Potri.018G128400
Potri.015G010600,94.03521214,8,1.11E-16,1.94E-15,Potri.015G010600
Potri.002G055600,94.00592856,8,1.11E-16,1.94E-15,Potri.002G055600
Potri.005G119500,93.94638541,8,1.11E-16,1.94E-15,Potri.005G119500
Potri.012G096400,93.91227487,8,1.11E-16,1.94E-15,Potri.012G096400
Potri.005G164550,93.90379214,8,1.11E-16,1.94E-15,Potri.005G164550
Potri.001G153000,93.82513101,8,1.11E-16,1.94E-15,Potri.001G153000
Potri.009G084000,93.80000882,8,1.11E-16,1.94E-15,Potri.009G084000
Potri.003G128500,93.71719713,8,1.11E-16,1.94E-15,Potri.003G128500
Potri.006G106400,93.70854611,8,1.11E-16,1.94E-15,Potri.006G106400
Potri.001G180600,93.67553867,8,1.11E-16,1.94E-15,Potri.001G180600
Potri.006G101901,93.66763394,8,1.11E-16,1.94E-15,Potri.006G101901
Potri.002G215800,93.61638518,8,1.11E-16,1.94E-15,Potri.002G215800
Potri.008G169300,93.4288637,8,1.11E-16,1.94E-15,Potri.008G169300
Potri.001G146200,93.42560541,8,1.11E-16,1.94E-15,Potri.001G146200
Potri.016G081600,93.24988276,8,1.11E-16,1.94E-15,Potri.016G081600
Potri.001G297200,93.2457243,8,1.11E-16,1.94E-15,Potri.001G297200
Potri.001G069100,93.1995081,8,1.11E-16,1.94E-15,Potri.001G069100
Potri.004G039100,93.15731981,8,1.11E-16,1.94E-15,Potri.004G039100
Potri.006G218300,93.14310922,8,1.11E-16,1.94E-15,Potri.006G218300
Potri.007G012000,93.09482137,8,1.11E-16,1.94E-15,Potri.007G012000
Potri.017G081600,93.08677555,8,1.11E-16,1.94E-15,Potri.017G081600
Potri.001G241300,93.04398215,8,1.11E-16,1.94E-15,Potri.001G241300
Potri.006G156314,92.89955996,8,1.11E-16,1.94E-15,Potri.006G156314
Potri.016G034100,92.8618155,8,1.11E-16,1.94E-15,Potri.016G034100
Potri.001G050400,92.85496274,8,1.11E-16,1.94E-15,Potri.001G050400
Potri.018G076600,92.81743917,8,1.11E-16,1.94E-15,Potri.018G076600
Potri.010G048600,92.81337119,8,1.11E-16,1.94E-15,Potri.010G048600
Potri.009G054900,92.55464271,8,1.11E-16,1.94E-15,Potri.009G054900
Potri.003G092300,92.51211404,8,1.11E-16,1.94E-15,Potri.003G092300
Potri.011G045100,92.50642956,8,1.11E-16,1.94E-15,Potri.011G045100
Potri.002G038200,92.44533002,8,1.11E-16,1.94E-15,Potri.002G038200
Potri.008G066900,92.1885265,8,2.22E-16,3.84E-15,Potri.008G066900
Potri.007G081700,92.02147834,8,2.22E-16,3.84E-15,Potri.007G081700
Potri.005G092500,91.99291474,8,2.22E-16,3.84E-15,Potri.005G092500
Potri.006G132100,91.96585387,8,2.22E-16,3.84E-15,Potri.006G132100
Potri.002G037700,91.86943604,8,2.22E-16,3.84E-15,Potri.002G037700
Potri.002G249300,91.7839338,8,2.22E-16,3.84E-15,Potri.002G249300
Potri.005G206600,91.71587288,8,2.22E-16,3.84E-15,Potri.005G206600
Potri.002G243000,91.70316618,8,2.22E-16,3.84E-15,Potri.002G243000
Potri.014G081300,91.6999826,8,2.22E-16,3.84E-15,Potri.014G081300
Potri.004G121500,91.68797344,8,2.22E-16,3.84E-15,Potri.004G121500
Potri.008G094000,91.6785953,8,2.22E-16,3.84E-15,Potri.008G094000
Potri.006G167000,91.48328786,8,2.22E-16,3.84E-15,Potri.006G167000
Potri.001G142500,91.47724299,8,2.22E-16,3.84E-15,Potri.001G142500
Potri.001G333902,91.37939245,8,2.22E-16,3.84E-15,Potri.001G333902
Potri.015G139500,91.25986959,8,2.22E-16,3.84E-15,Potri.015G139500
Potri.001G412077,91.22627134,8,2.22E-16,3.84E-15,Potri.001G412077
Potri.006G157800,91.16804197,8,2.22E-16,3.84E-15,Potri.006G157800
Potri.004G168800,91.05827677,8,3.33E-16,5.71E-15,Potri.004G168800
Potri.007G021400,91.05604338,8,3.33E-16,5.71E-15,Potri.007G021400
Potri.001G468800,90.99496309,8,3.33E-16,5.71E-15,Potri.001G468800
Potri.019G034500,90.9729703,8,3.33E-16,5.71E-15,Potri.019G034500
Potri.012G129900,90.94620295,8,3.33E-16,5.71E-15,Potri.012G129900
Potri.001G330300,90.83530502,8,3.33E-16,5.71E-15,Potri.001G330300
Potri.004G080600,90.82936244,8,3.33E-16,5.71E-15,Potri.004G080600
Potri.006G056800,90.73085655,8,3.33E-16,5.71E-15,Potri.006G056800
Potri.002G013700,90.65739874,8,3.33E-16,5.71E-15,Potri.002G013700
Potri.001G329700,90.56493914,8,3.33E-16,5.71E-15,Potri.001G329700
Potri.014G124900,90.538944,8,3.33E-16,5.71E-15,Potri.014G124900
Potri.004G112300,90.51942329,8,3.33E-16,5.71E-15,Potri.004G112300
Potri.003G192200,90.50455235,8,3.33E-16,5.71E-15,Potri.003G192200
Potri.001G251200,90.42843374,8,3.33E-16,5.71E-15,Potri.001G251200
Potri.005G131600,90.42277034,8,3.33E-16,5.71E-15,Potri.005G131600
Potri.006G079300,90.3561108,8,4.44E-16,7.55E-15,Potri.006G079300
Potri.011G125800,90.32023676,8,4.44E-16,7.55E-15,Potri.011G125800
Potri.016G143966,90.30992571,8,4.44E-16,7.55E-15,Potri.016G143966
Potri.015G132700,90.23302137,8,4.44E-16,7.55E-15,Potri.015G132700
Potri.008G192300,90.19772733,8,4.44E-16,7.55E-15,Potri.008G192300
Potri.007G051800,90.18764623,8,4.44E-16,7.55E-15,Potri.007G051800
Potri.006G217000,90.1465103,8,4.44E-16,7.55E-15,Potri.006G217000
Potri.001G073400,90.07827198,8,4.44E-16,7.55E-15,Potri.001G073400
Potri.018G135700,90.02028726,8,4.44E-16,7.55E-15,Potri.018G135700
Potri.002G231100,89.96385813,8,4.44E-16,7.55E-15,Potri.002G231100
Potri.004G029100,89.93410731,8,4.44E-16,7.55E-15,Potri.004G029100
Potri.013G072300,89.89908913,8,4.44E-16,7.55E-15,Potri.013G072300
Potri.002G056800,89.89014109,8,4.44E-16,7.55E-15,Potri.002G056800
Potri.001G250700,89.83680266,8,5.55E-16,9.40E-15,Potri.001G250700
Potri.007G119800,89.65443202,8,5.55E-16,9.40E-15,Potri.007G119800
Potri.007G110700,89.59506301,8,5.55E-16,9.40E-15,Potri.007G110700
Potri.016G133300,89.5827106,8,5.55E-16,9.40E-15,Potri.016G133300
Potri.004G216900,89.4757658,8,5.55E-16,9.40E-15,Potri.004G216900
Potri.016G127500,89.42363226,8,5.55E-16,9.40E-15,Potri.016G127500
Potri.019G078700,89.36387899,8,6.66E-16,1.12E-14,Potri.019G078700
Potri.003G044900,89.36070873,8,6.66E-16,1.12E-14,Potri.003G044900
Potri.018G045800,89.25216279,8,6.66E-16,1.12E-14,Potri.018G045800
Potri.005G121200,89.24086103,8,6.66E-16,1.12E-14,Potri.005G121200
Potri.006G253100,89.22819027,8,6.66E-16,1.12E-14,Potri.006G253100
Potri.018G017300,89.21593618,8,6.66E-16,1.12E-14,Potri.018G017300
Potri.T046100,89.15877565,8,6.66E-16,1.12E-14,Potri.T046100
Potri.019G036000,89.15081454,8,6.66E-16,1.12E-14,Potri.019G036000
Potri.002G016500,89.14063927,8,6.66E-16,1.12E-14,Potri.002G016500
Potri.009G076000,89.12849771,8,6.66E-16,1.12E-14,Potri.009G076000
Potri.002G163400,89.07363282,8,6.66E-16,1.12E-14,Potri.002G163400
Potri.008G162000,89.04527275,8,7.77E-16,1.30E-14,Potri.008G162000
Potri.015G130100,89.02239094,8,7.77E-16,1.30E-14,Potri.015G130100
Potri.013G015600,88.99466028,8,7.77E-16,1.30E-14,Potri.013G015600
Potri.017G082200,88.90155356,8,7.77E-16,1.30E-14,Potri.017G082200
Potri.016G074900,88.87238014,8,7.77E-16,1.30E-14,Potri.016G074900
Potri.002G079400,88.86276924,8,7.77E-16,1.30E-14,Potri.002G079400
Potri.010G229600,88.85014565,8,7.77E-16,1.30E-14,Potri.010G229600
Potri.015G141100,88.76710035,8,7.77E-16,1.30E-14,Potri.015G141100
Potri.004G090500,88.74811773,8,8.88E-16,1.48E-14,Potri.004G090500
Potri.004G153500,88.7393602,8,8.88E-16,1.48E-14,Potri.004G153500
Potri.015G044400,88.71681041,8,8.88E-16,1.48E-14,Potri.015G044400
Potri.005G033900,88.67871264,8,8.88E-16,1.48E-14,Potri.005G033900
Potri.004G181800,88.64475556,8,8.88E-16,1.48E-14,Potri.004G181800
Potri.016G043100,88.64161681,8,8.88E-16,1.48E-14,Potri.016G043100
Potri.001G205400,88.63913199,8,8.88E-16,1.48E-14,Potri.001G205400
Potri.006G061800,88.62527229,8,8.88E-16,1.48E-14,Potri.006G061800
Potri.003G058500,88.58658861,8,8.88E-16,1.48E-14,Potri.003G058500
Potri.010G104200,88.5050343,8,8.88E-16,1.48E-14,Potri.010G104200
Potri.012G040200,88.45645376,8,9.99E-16,1.66E-14,Potri.012G040200
Potri.011G151400,88.4374443,8,9.99E-16,1.66E-14,Potri.011G151400
Potri.005G249400,88.42023128,8,9.99E-16,1.66E-14,Potri.005G249400
Potri.001G025601,88.40597638,8,9.99E-16,1.66E-14,Potri.001G025601
Potri.014G179300,88.35822908,8,9.99E-16,1.66E-14,Potri.014G179300
Potri.008G070000,88.25272066,8,9.99E-16,1.66E-14,Potri.008G070000
Potri.014G017200,88.217758,8,1.11E-15,1.83E-14,Potri.014G017200
Potri.005G049800,88.19682503,8,1.11E-15,1.83E-14,Potri.005G049800
Potri.004G061600,88.19564325,8,1.11E-15,1.83E-14,Potri.004G061600
Potri.003G154400,88.17772201,8,1.11E-15,1.83E-14,Potri.003G154400
Potri.005G084700,88.15758579,8,1.11E-15,1.83E-14,Potri.005G084700
Potri.006G271800,88.11246701,8,1.11E-15,1.83E-14,Potri.006G271800
Potri.018G099000,88.09067568,8,1.11E-15,1.83E-14,Potri.018G099000
Potri.018G082300,88.03988084,8,1.11E-15,1.83E-14,Potri.018G082300
Potri.008G129200,87.97370197,8,1.22E-15,2.01E-14,Potri.008G129200
Potri.010G229000,87.96712662,8,1.22E-15,2.01E-14,Potri.010G229000
Potri.T045500,87.92128685,8,1.22E-15,2.01E-14,Potri.T045500
Potri.013G044300,87.91964262,8,1.22E-15,2.01E-14,Potri.013G044300
Potri.001G293400,87.7581567,8,1.33E-15,2.19E-14,Potri.001G293400
Potri.009G118900,87.75687029,8,1.33E-15,2.19E-14,Potri.009G118900
Potri.002G182600,87.57455986,8,1.44E-15,2.37E-14,Potri.002G182600
Potri.008G022100,87.4871971,8,1.55E-15,2.55E-14,Potri.008G022100
Potri.009G149400,87.4398739,8,1.55E-15,2.55E-14,Potri.009G149400
Potri.015G058400,87.42858422,8,1.55E-15,2.55E-14,Potri.015G058400
Potri.013G065700,87.41107384,8,1.55E-15,2.55E-14,Potri.013G065700
Potri.009G143000,87.35165286,8,1.55E-15,2.55E-14,Potri.009G143000
Potri.002G208058,87.28609709,8,1.67E-15,2.73E-14,Potri.002G208058
Potri.014G197100,87.13785864,8,1.78E-15,2.91E-14,Potri.014G197100
Potri.004G075525,87.03780667,8,1.89E-15,3.09E-14,Potri.004G075525
Potri.005G251700,86.99903982,8,1.89E-15,3.09E-14,Potri.005G251700
Potri.004G231000,86.98511842,8,1.89E-15,3.09E-14,Potri.004G231000
Potri.017G139300,86.92683105,8,2.00E-15,3.26E-14,Potri.017G139300
Potri.005G071400,86.84316899,8,2.00E-15,3.26E-14,Potri.005G071400
Potri.004G140600,86.8130985,8,2.11E-15,3.44E-14,Potri.004G140600
Potri.012G006700,86.75138327,8,2.11E-15,3.44E-14,Potri.012G006700
Potri.002G140500,86.72990142,8,2.11E-15,3.44E-14,Potri.002G140500
Potri.001G404400,86.52888365,8,2.33E-15,3.80E-14,Potri.001G404400
Potri.003G153400,86.47422109,8,2.44E-15,3.98E-14,Potri.003G153400
Potri.010G252800,86.37002546,8,2.55E-15,4.15E-14,Potri.010G252800
Potri.010G112800,86.36083084,8,2.55E-15,4.15E-14,Potri.010G112800
Potri.007G006000,86.33798224,8,2.55E-15,4.15E-14,Potri.007G006000
Potri.004G108920,86.33756644,8,2.55E-15,4.15E-14,Potri.004G108920
Potri.017G090100,86.27989858,8,2.66E-15,4.32E-14,Potri.017G090100
Potri.007G091600,86.24450857,8,2.66E-15,4.32E-14,Potri.007G091600
Potri.016G133400,86.16710539,8,2.78E-15,4.50E-14,Potri.016G133400
Potri.007G120101,86.15561215,8,2.78E-15,4.50E-14,Potri.007G120101
Potri.012G066000,86.08131985,8,2.89E-15,4.67E-14,Potri.012G066000
Potri.008G190200,86.0755803,8,2.89E-15,4.67E-14,Potri.008G190200
Potri.003G073400,85.93951832,8,3.11E-15,5.03E-14,Potri.003G073400
Potri.018G024000,85.8923668,8,3.11E-15,5.03E-14,Potri.018G024000
Potri.019G029200,85.88891467,8,3.22E-15,5.19E-14,Potri.019G029200
Potri.004G073500,85.86445972,8,3.22E-15,5.19E-14,Potri.004G073500
Potri.013G017500,85.84926328,8,3.22E-15,5.19E-14,Potri.013G017500
Potri.010G181400,85.8307276,8,3.22E-15,5.19E-14,Potri.010G181400
Potri.001G250200,85.754042,8,3.33E-15,5.37E-14,Potri.001G250200
Potri.016G062200,85.65669852,8,3.55E-15,5.72E-14,Potri.016G062200
Potri.013G129900,85.61805737,8,3.55E-15,5.72E-14,Potri.013G129900
Potri.003G063800,85.59993193,8,3.66E-15,5.88E-14,Potri.003G063800
Potri.018G019800,85.58181267,8,3.66E-15,5.88E-14,Potri.018G019800
Potri.015G071400,85.58163737,8,3.66E-15,5.88E-14,Potri.015G071400
Potri.004G188600,85.55944801,8,3.66E-15,5.88E-14,Potri.004G188600
Potri.007G071000,85.54867434,8,3.66E-15,5.88E-14,Potri.007G071000
Potri.002G005700,85.54131891,8,3.77E-15,6.06E-14,Potri.002G005700
Potri.012G084400,85.46051218,8,3.89E-15,6.23E-14,Potri.012G084400
Potri.019G031000,85.45333773,8,3.89E-15,6.23E-14,Potri.019G031000
Potri.017G108800,85.42048286,8,3.89E-15,6.23E-14,Potri.017G108800
Potri.011G114300,85.35451518,8,4.11E-15,6.58E-14,Potri.011G114300
Potri.016G128100,85.18099682,8,4.44E-15,7.10E-14,Potri.016G128100
Potri.009G015100,85.14161653,8,4.44E-15,7.10E-14,Potri.009G015100
Potri.005G230500,85.11058291,8,4.55E-15,7.28E-14,Potri.005G230500
Potri.018G149100,85.0714538,8,4.66E-15,7.45E-14,Potri.018G149100
Potri.002G090700,84.95088394,8,4.88E-15,7.80E-14,Potri.002G090700
Potri.012G091400,84.93495814,8,4.88E-15,7.80E-14,Potri.012G091400
Potri.001G213700,84.93140536,8,5.00E-15,7.97E-14,Potri.001G213700
Potri.008G018800,84.84180355,8,5.11E-15,8.14E-14,Potri.008G018800
Potri.014G105400,84.59858764,8,5.77E-15,9.19E-14,Potri.014G105400
Potri.013G088100,84.59679617,8,5.77E-15,9.19E-14,Potri.013G088100
Potri.010G169200,84.56855889,8,5.88E-15,9.37E-14,Potri.010G169200
Potri.008G187700,84.50396481,8,6.00E-15,9.54E-14,Potri.008G187700
Potri.003G085800,84.30916165,8,6.66E-15,1.06E-13,Potri.003G085800
Potri.003G204400,84.25188837,8,6.77E-15,1.08E-13,Potri.003G204400
Potri.018G039200,84.23169874,8,6.88E-15,1.09E-13,Potri.018G039200
Potri.008G132500,84.21305849,8,6.88E-15,1.09E-13,Potri.008G132500
Potri.004G186200,84.21216286,8,6.88E-15,1.09E-13,Potri.004G186200
Potri.006G143000,84.16715164,8,7.11E-15,1.13E-13,Potri.006G143000
Potri.001G047400,84.16381741,8,7.11E-15,1.13E-13,Potri.001G047400
Potri.011G125200,84.12044047,8,7.22E-15,1.14E-13,Potri.011G125200
Potri.010G002900,84.03780576,8,7.55E-15,1.19E-13,Potri.010G002900
Potri.008G095300,83.73392083,8,8.66E-15,1.37E-13,Potri.008G095300
Potri.013G035100,83.68911421,8,8.77E-15,1.39E-13,Potri.013G035100
Potri.003G038800,83.67233078,8,8.88E-15,1.40E-13,Potri.003G038800
Potri.019G120900,83.62270616,8,9.10E-15,1.44E-13,Potri.019G120900
Potri.001G004000,83.5930334,8,9.21E-15,1.45E-13,Potri.001G004000
Potri.018G090000,83.5766015,8,9.33E-15,1.47E-13,Potri.018G090000
Potri.010G049800,83.55971936,8,9.33E-15,1.47E-13,Potri.010G049800
Potri.011G167000,83.55930422,8,9.33E-15,1.47E-13,Potri.011G167000
Potri.004G063400,83.5592135,8,9.33E-15,1.47E-13,Potri.004G063400
Potri.001G127700,83.55503189,8,9.44E-15,1.49E-13,Potri.001G127700
Potri.014G028900,83.51963089,8,9.55E-15,1.50E-13,Potri.014G028900
Potri.011G106800,83.41480397,8,9.99E-15,1.57E-13,Potri.011G106800
Potri.001G449633,83.40747928,8,1.01E-14,1.59E-13,Potri.001G449633
Potri.004G187800,83.3809109,8,1.02E-14,1.60E-13,Potri.004G187800
Potri.011G062100,83.36326042,8,1.02E-14,1.60E-13,Potri.011G062100
Potri.003G183100,83.35775274,8,1.03E-14,1.62E-13,Potri.003G183100
Potri.005G218800,83.34201402,8,1.03E-14,1.62E-13,Potri.005G218800
Potri.006G131500,83.33611821,8,1.04E-14,1.63E-13,Potri.006G131500
Potri.003G073800,83.33197121,8,1.04E-14,1.63E-13,Potri.003G073800
Potri.018G014800,83.29004237,8,1.07E-14,1.67E-13,Potri.018G014800
Potri.016G077800,83.2454334,8,1.09E-14,1.70E-13,Potri.016G077800
Potri.003G090300,83.21437087,8,1.10E-14,1.72E-13,Potri.003G090300
Potri.005G113600,83.12190716,8,1.14E-14,1.79E-13,Potri.005G113600
Potri.006G251100,83.09003495,8,1.17E-14,1.82E-13,Potri.006G251100
Potri.001G109200,82.70294927,8,1.40E-14,2.18E-13,Potri.001G109200
Potri.006G132300,82.65748319,8,1.42E-14,2.22E-13,Potri.006G132300
Potri.008G211500,82.61532612,8,1.45E-14,2.27E-13,Potri.008G211500
Potri.014G111500,82.46738056,8,1.55E-14,2.42E-13,Potri.014G111500
Potri.010G210200,82.45021515,8,1.57E-14,2.44E-13,Potri.010G210200
Potri.009G013500,82.34392462,8,1.64E-14,2.56E-13,Potri.009G013500
Potri.001G367900,82.32717924,8,1.67E-14,2.59E-13,Potri.001G367900
Potri.019G077100,82.30391989,8,1.68E-14,2.60E-13,Potri.019G077100
Potri.002G028100,82.3036337,8,1.68E-14,2.60E-13,Potri.002G028100
Potri.009G120900,82.30276134,8,1.68E-14,2.60E-13,Potri.009G120900
Potri.010G149400,82.29753495,8,1.69E-14,2.62E-13,Potri.010G149400
Potri.018G092100,82.27201088,8,1.70E-14,2.64E-13,Potri.018G092100
Potri.001G062700,82.16288453,8,1.79E-14,2.77E-13,Potri.001G062700
Potri.003G222900,82.13962251,8,1.81E-14,2.80E-13,Potri.003G222900
Potri.008G008000,82.11581921,8,1.83E-14,2.83E-13,Potri.008G008000
Potri.010G002500,82.1144033,8,1.83E-14,2.83E-13,Potri.010G002500
Potri.015G072732,82.1130957,8,1.83E-14,2.83E-13,Potri.015G072732
Potri.002G256600,82.04232489,8,1.90E-14,2.94E-13,Potri.002G256600
Potri.014G155000,81.98462178,8,1.94E-14,3.00E-13,Potri.014G155000
Potri.005G002100,81.967545,8,1.97E-14,3.04E-13,Potri.005G002100
Potri.002G034000,81.91201905,8,2.01E-14,3.10E-13,Potri.002G034000
Potri.005G026500,81.89033595,8,2.03E-14,3.13E-13,Potri.005G026500
Potri.004G218650,81.76074583,8,2.16E-14,3.34E-13,Potri.004G218650
Potri.019G117900,81.75739455,8,2.16E-14,3.34E-13,Potri.019G117900
Potri.001G375800,81.72636056,8,2.20E-14,3.39E-13,Potri.001G375800
Potri.006G102200,81.70004607,8,2.22E-14,3.42E-13,Potri.006G102200
Potri.016G014600,81.687915,8,2.23E-14,3.43E-13,Potri.016G014600
Potri.002G009700,81.63625903,8,2.29E-14,3.52E-13,Potri.002G009700
Potri.014G134100,81.45809653,8,2.49E-14,3.82E-13,Potri.014G134100
Potri.002G180400,81.43502309,8,2.51E-14,3.85E-13,Potri.002G180400
Potri.015G092900,81.37824759,8,2.58E-14,3.95E-13,Potri.015G092900
Potri.001G131000,81.32399944,8,2.64E-14,4.05E-13,Potri.001G131000
Potri.007G100200,81.31785831,8,2.65E-14,4.07E-13,Potri.007G100200
Potri.008G186500,81.29932789,8,2.68E-14,4.10E-13,Potri.008G186500
Potri.005G076500,81.28118079,8,2.70E-14,4.13E-13,Potri.005G076500
Potri.004G081100,81.26105729,8,2.72E-14,4.17E-13,Potri.004G081100
Potri.010G242800,81.24965841,8,2.74E-14,4.20E-13,Potri.010G242800
Potri.003G109100,81.10675418,8,2.93E-14,4.48E-13,Potri.003G109100
Potri.017G009700,81.10277303,8,2.93E-14,4.48E-13,Potri.017G009700
Potri.011G165700,81.09898181,8,2.94E-14,4.50E-13,Potri.011G165700
Potri.007G005500,81.06746277,8,2.98E-14,4.54E-13,Potri.007G005500
Potri.005G209800,81.03665102,8,3.02E-14,4.61E-13,Potri.005G209800
Potri.002G071400,81.03450806,8,3.03E-14,4.62E-13,Potri.002G071400
Potri.001G294400,80.71219071,8,3.52E-14,5.37E-13,Potri.001G294400
Potri.001G222600,80.64471087,8,3.63E-14,5.53E-13,Potri.001G222600
Potri.006G221900,80.63281204,8,3.64E-14,5.55E-13,Potri.006G221900
Potri.005G072200,80.63123974,8,3.65E-14,5.56E-13,Potri.005G072200
Potri.006G166600,80.54109274,8,3.81E-14,5.79E-13,Potri.006G166600
Potri.010G122800,80.51721991,8,3.84E-14,5.84E-13,Potri.010G122800
Potri.015G094600,80.51427897,8,3.85E-14,5.85E-13,Potri.015G094600
Potri.017G123700,80.48707899,8,3.90E-14,5.92E-13,Potri.017G123700
Potri.008G060100,80.4246669,8,4.02E-14,6.10E-13,Potri.008G060100
Potri.013G118500,80.42220738,8,4.02E-14,6.10E-13,Potri.013G118500
Potri.005G084200,80.38932479,8,4.09E-14,6.20E-13,Potri.005G084200
Potri.002G255800,80.36532972,8,4.13E-14,6.26E-13,Potri.002G255800
Potri.006G245400,80.35989419,8,4.14E-14,6.27E-13,Potri.006G245400
Potri.001G139400,80.27706604,8,4.30E-14,6.51E-13,Potri.001G139400
Potri.006G273100,80.21311088,8,4.43E-14,6.70E-13,Potri.006G273100
Potri.012G114600,80.20017818,8,4.45E-14,6.73E-13,Potri.012G114600
Potri.001G135100,80.18626629,8,4.49E-14,6.78E-13,Potri.001G135100
Potri.008G069100,80.16540925,8,4.53E-14,6.84E-13,Potri.008G069100
Potri.004G106000,80.14822774,8,4.56E-14,6.89E-13,Potri.004G106000
Potri.002G052700,80.10840223,8,4.65E-14,7.02E-13,Potri.002G052700
Potri.006G185200,80.00051117,8,4.88E-14,7.37E-13,Potri.006G185200
Potri.002G092900,79.99755827,8,4.90E-14,7.38E-13,Potri.002G092900
Potri.003G182000,79.96551798,8,4.96E-14,7.48E-13,Potri.003G182000
Potri.002G065300,79.96156721,8,4.97E-14,7.49E-13,Potri.002G065300
Potri.008G192100,79.79738592,8,5.37E-14,8.09E-13,Potri.008G192100
Potri.016G029700,79.74400437,8,5.51E-14,8.28E-13,Potri.016G029700
Potri.016G049100,79.63123147,8,5.80E-14,8.71E-13,Potri.016G049100
Potri.002G007700,79.62625775,8,5.82E-14,8.74E-13,Potri.002G007700
Potri.010G203700,79.55263794,8,6.02E-14,9.04E-13,Potri.010G203700
Potri.014G100200,79.54052131,8,6.05E-14,9.08E-13,Potri.014G100200
Potri.016G066200,79.38313363,8,6.51E-14,9.76E-13,Potri.016G066200
Potri.003G097400,79.38108306,8,6.52E-14,9.77E-13,Potri.003G097400
Potri.014G157600,79.25094718,8,6.92E-14,1.04E-12,Potri.014G157600
Potri.008G171200,79.21094294,8,7.05E-14,1.06E-12,Potri.008G171200
Potri.016G134600,79.19864071,8,7.08E-14,1.06E-12,Potri.016G134600
Potri.009G006200,79.16390329,8,7.21E-14,1.08E-12,Potri.009G006200
Potri.006G077800,79.15445371,8,7.24E-14,1.08E-12,Potri.006G077800
Potri.003G111600,79.15292739,8,7.24E-14,1.08E-12,Potri.003G111600
Potri.002G129600,79.05743999,8,7.56E-14,1.13E-12,Potri.002G129600
Potri.006G101300,79.02844959,8,7.67E-14,1.15E-12,Potri.006G101300
Potri.016G054200,79.01702322,8,7.70E-14,1.15E-12,Potri.016G054200
Potri.004G086900,78.99112347,8,7.80E-14,1.16E-12,Potri.004G086900
Potri.006G190000,78.95287555,8,7.94E-14,1.18E-12,Potri.006G190000
Potri.001G278800,78.94691841,8,7.96E-14,1.19E-12,Potri.001G278800
Potri.015G059100,78.91300107,8,8.09E-14,1.21E-12,Potri.015G059100
Potri.001G256300,78.84969329,8,8.33E-14,1.24E-12,Potri.001G256300
Potri.007G069400,78.79355175,8,8.55E-14,1.27E-12,Potri.007G069400
Potri.014G037900,78.75594163,8,8.70E-14,1.29E-12,Potri.014G037900
Potri.018G082600,78.72345382,8,8.83E-14,1.31E-12,Potri.018G082600
Potri.007G134500,78.71632931,8,8.86E-14,1.32E-12,Potri.007G134500
Potri.002G099100,78.70747822,8,8.89E-14,1.32E-12,Potri.002G099100
Potri.013G083700,78.59767301,8,9.36E-14,1.39E-12,Potri.013G083700
Potri.017G126200,78.5896711,8,9.39E-14,1.39E-12,Potri.017G126200
Potri.001G454000,78.57705546,8,9.45E-14,1.40E-12,Potri.001G454000
Potri.014G024400,78.55276463,8,9.56E-14,1.42E-12,Potri.014G024400
Potri.009G064500,78.54630755,8,9.58E-14,1.42E-12,Potri.009G064500
Potri.006G017200,78.52787928,8,9.67E-14,1.43E-12,Potri.006G017200
Potri.014G097100,78.48937585,8,9.84E-14,1.46E-12,Potri.014G097100
Potri.002G138200,78.44887612,8,1.00E-13,1.48E-12,Potri.002G138200
Potri.014G136000,78.44198813,8,1.01E-13,1.49E-12,Potri.014G136000
Potri.013G026400,78.43093566,8,1.01E-13,1.49E-12,Potri.013G026400
Potri.003G006900,78.40174855,8,1.02E-13,1.51E-12,Potri.003G006900
Potri.010G151500,78.26920095,8,1.09E-13,1.61E-12,Potri.010G151500
Potri.013G042300,78.22851239,8,1.11E-13,1.64E-12,Potri.013G042300
Potri.002G117000,78.19846375,8,1.13E-13,1.66E-12,Potri.002G117000
Potri.005G003000,78.1295648,8,1.16E-13,1.71E-12,Potri.005G003000
Potri.008G145800,78.07389573,8,1.19E-13,1.76E-12,Potri.008G145800
Potri.001G272300,78.01636149,8,1.22E-13,1.80E-12,Potri.001G272300
Potri.008G171400,77.98631116,8,1.24E-13,1.83E-12,Potri.008G171400
Potri.013G025900,77.9633919,8,1.26E-13,1.85E-12,Potri.013G025900
Potri.005G145100,77.95398923,8,1.26E-13,1.85E-12,Potri.005G145100
Potri.001G184700,77.94223989,8,1.27E-13,1.86E-12,Potri.001G184700
Potri.004G143200,77.87805858,8,1.31E-13,1.92E-12,Potri.004G143200
Potri.005G064000,77.87078043,8,1.31E-13,1.92E-12,Potri.005G064000
Potri.002G196300,77.85954872,8,1.32E-13,1.93E-12,Potri.002G196300
Potri.006G247300,77.8582964,8,1.32E-13,1.93E-12,Potri.006G247300
Potri.005G224900,77.85026544,8,1.32E-13,1.94E-12,Potri.005G224900
Potri.010G110700,77.82868852,8,1.34E-13,1.96E-12,Potri.010G110700
Potri.014G051500,77.75217729,8,1.38E-13,2.03E-12,Potri.014G051500
Potri.004G151200,77.72400878,8,1.40E-13,2.05E-12,Potri.004G151200
Potri.005G244700,77.69151298,8,1.42E-13,2.08E-12,Potri.005G244700
Potri.007G065500,77.678775,8,1.43E-13,2.09E-12,Potri.007G065500
Potri.005G087850,77.59298584,8,1.49E-13,2.18E-12,Potri.005G087850
Potri.001G332700,77.58282168,8,1.50E-13,2.18E-12,Potri.001G332700
Potri.008G181200,77.57968656,8,1.50E-13,2.19E-12,Potri.008G181200
Potri.001G138700,77.55490511,8,1.52E-13,2.21E-12,Potri.001G138700
Potri.012G016600,77.50929995,8,1.55E-13,2.26E-12,Potri.012G016600
Potri.005G003500,77.46682388,8,1.58E-13,2.30E-12,Potri.005G003500
Potri.018G113400,77.31265151,8,1.70E-13,2.47E-12,Potri.018G113400
Potri.007G119100,77.2969321,8,1.71E-13,2.49E-12,Potri.007G119100
Potri.009G150400,77.27371432,8,1.73E-13,2.51E-12,Potri.009G150400
Potri.003G182601,77.27057001,8,1.73E-13,2.51E-12,Potri.003G182601
Potri.003G183200,77.24910429,8,1.75E-13,2.54E-12,Potri.003G183200
Potri.018G141100,77.12119123,8,1.85E-13,2.69E-12,Potri.018G141100
Potri.015G061001,77.11962888,8,1.85E-13,2.69E-12,Potri.015G061001
Potri.010G220600,77.02950356,8,1.93E-13,2.80E-12,Potri.010G220600
Potri.002G056600,76.90275526,8,2.05E-13,2.97E-12,Potri.002G056600
Potri.014G023000,76.89271896,8,2.06E-13,2.98E-12,Potri.014G023000
Potri.016G134500,76.8926045,8,2.06E-13,2.98E-12,Potri.016G134500
Potri.004G169800,76.76140465,8,2.19E-13,3.17E-12,Potri.004G169800
Potri.008G134600,76.72281471,8,2.23E-13,3.22E-12,Potri.008G134600
Potri.016G127700,76.56873044,8,2.39E-13,3.46E-12,Potri.016G127700
Potri.001G068200,76.49939652,8,2.47E-13,3.57E-12,Potri.001G068200
Potri.010G052200,76.43685433,8,2.54E-13,3.67E-12,Potri.010G052200
Potri.T012300,76.41428715,8,2.57E-13,3.71E-12,Potri.T012300
Potri.018G003201,76.41317252,8,2.57E-13,3.71E-12,Potri.018G003201
Potri.006G142100,76.36861151,8,2.62E-13,3.78E-12,Potri.006G142100
Potri.015G092200,76.36048848,8,2.63E-13,3.80E-12,Potri.015G092200
Potri.005G146500,76.29190532,8,2.72E-13,3.92E-12,Potri.005G146500
Potri.003G111500,76.22583946,8,2.80E-13,4.04E-12,Potri.003G111500
Potri.019G118400,76.20235644,8,2.83E-13,4.08E-12,Potri.019G118400
Potri.010G184132,76.19181161,8,2.85E-13,4.10E-12,Potri.010G184132
Potri.005G108000,76.17370449,8,2.87E-13,4.13E-12,Potri.005G108000
Potri.017G144541,76.13739272,8,2.92E-13,4.19E-12,Potri.017G144541
Potri.016G138900,76.06624337,8,3.02E-13,4.33E-12,Potri.016G138900
Potri.003G152701,75.96225416,8,3.16E-13,4.54E-12,Potri.003G152701
Potri.012G060800,75.95292066,8,3.18E-13,4.56E-12,Potri.012G060800
Potri.019G068500,75.93075683,8,3.21E-13,4.60E-12,Potri.019G068500
Potri.008G076300,75.91707499,8,3.23E-13,4.63E-12,Potri.008G076300
Potri.008G034700,75.86408835,8,3.31E-13,4.74E-12,Potri.008G034700
Potri.008G151300,75.85105738,8,3.33E-13,4.77E-12,Potri.008G151300
Potri.001G238300,75.80016615,8,3.41E-13,4.88E-12,Potri.001G238300
Potri.006G181501,75.75527736,8,3.48E-13,4.98E-12,Potri.006G181501
Potri.011G046900,75.74872679,8,3.49E-13,4.99E-12,Potri.011G046900
Potri.001G438800,75.6608424,8,3.64E-13,5.20E-12,Potri.001G438800
Potri.006G200200,75.6531242,8,3.65E-13,5.21E-12,Potri.006G200200
Potri.004G028000,75.65306949,8,3.65E-13,5.21E-12,Potri.004G028000
Potri.004G208400,75.65104129,8,3.65E-13,5.21E-12,Potri.004G208400
Potri.017G118100,75.56484414,8,3.80E-13,5.42E-12,Potri.017G118100
Potri.009G118400,75.54973133,8,3.83E-13,5.46E-12,Potri.009G118400
Potri.004G229200,75.51840138,8,3.88E-13,5.53E-12,Potri.004G229200
Potri.001G101600,75.47587374,8,3.96E-13,5.64E-12,Potri.001G101600
Potri.005G165500,75.38240843,8,4.14E-13,5.89E-12,Potri.005G165500
Potri.016G059000,75.2313368,8,4.43E-13,6.31E-12,Potri.016G059000
Potri.005G004366,75.21414371,8,4.47E-13,6.35E-12,Potri.005G004366
Potri.005G117700,75.19024252,8,4.52E-13,6.42E-12,Potri.005G117700
Potri.001G233900,75.17802096,8,4.54E-13,6.45E-12,Potri.001G233900
Potri.013G000700,75.17022184,8,4.56E-13,6.48E-12,Potri.013G000700
Potri.002G232500,75.16518194,8,4.57E-13,6.49E-12,Potri.002G232500
Potri.002G001100,75.15937838,8,4.58E-13,6.50E-12,Potri.002G001100
Potri.008G003800,75.1531645,8,4.60E-13,6.52E-12,Potri.008G003800
Potri.001G195300,75.14286694,8,4.62E-13,6.54E-12,Potri.001G195300
Potri.008G061000,75.13057715,8,4.64E-13,6.58E-12,Potri.008G061000
Potri.003G128600,75.11460708,8,4.68E-13,6.62E-12,Potri.003G128600
Potri.004G171300,75.07172347,8,4.77E-13,6.75E-12,Potri.004G171300
Potri.012G144200,75.05965094,8,4.80E-13,6.79E-12,Potri.012G144200
Potri.003G098200,75.02432347,8,4.88E-13,6.89E-12,Potri.003G098200
Potri.011G025400,74.99003922,8,4.95E-13,7.00E-12,Potri.011G025400
Potri.004G214300,74.95226736,8,5.04E-13,7.12E-12,Potri.004G214300
Potri.001G385300,74.94340708,8,5.06E-13,7.14E-12,Potri.001G385300
Potri.006G086400,74.91693283,8,5.12E-13,7.23E-12,Potri.006G086400
Potri.015G003900,74.9119105,8,5.14E-13,7.24E-12,Potri.015G003900
Potri.005G130400,74.88448113,8,5.20E-13,7.33E-12,Potri.005G130400
Potri.005G205800,74.81312906,8,5.38E-13,7.57E-12,Potri.005G205800
Potri.007G033700,74.80465271,8,5.40E-13,7.60E-12,Potri.007G033700
Potri.018G106900,74.78905179,8,5.44E-13,7.65E-12,Potri.018G106900
Potri.001G230604,74.76809765,8,5.49E-13,7.72E-12,Potri.001G230604
Potri.010G137801,74.55153365,8,6.07E-13,8.53E-12,Potri.010G137801
Potri.001G402600,74.41981802,8,6.44E-13,9.05E-12,Potri.001G402600
Potri.005G098400,74.38470817,8,6.55E-13,9.20E-12,Potri.005G098400
Potri.010G239300,74.36522807,8,6.61E-13,9.28E-12,Potri.010G239300
Potri.005G182900,74.34392637,8,6.67E-13,9.36E-12,Potri.005G182900
Potri.001G078100,74.33805962,8,6.69E-13,9.38E-12,Potri.001G078100
Potri.003G073000,74.31233079,8,6.77E-13,9.49E-12,Potri.003G073000
Potri.012G015600,74.28729869,8,6.85E-13,9.60E-12,Potri.012G015600
Potri.001G119500,74.28005455,8,6.87E-13,9.62E-12,Potri.001G119500
Potri.009G057600,74.25881011,8,6.94E-13,9.71E-12,Potri.009G057600
Potri.019G056400,74.2307335,8,7.03E-13,9.84E-12,Potri.019G056400
Potri.010G089900,74.22212908,8,7.06E-13,9.87E-12,Potri.010G089900
Potri.008G031700,74.19058839,8,7.16E-13,1.00E-11,Potri.008G031700
Potri.001G222500,74.17190381,8,7.23E-13,1.01E-11,Potri.001G222500
Potri.007G018700,74.15859145,8,7.27E-13,1.01E-11,Potri.007G018700
Potri.001G239500,74.08050486,8,7.54E-13,1.05E-11,Potri.001G239500
Potri.005G108900,73.86796651,8,8.31E-13,1.16E-11,Potri.005G108900
Potri.019G038226,73.85606255,8,8.36E-13,1.16E-11,Potri.019G038226
Potri.004G140100,73.82154605,8,8.49E-13,1.18E-11,Potri.004G140100
Potri.001G136600,73.75256853,8,8.76E-13,1.22E-11,Potri.001G136600
Potri.015G043600,73.73238812,8,8.85E-13,1.23E-11,Potri.015G043600
Potri.015G029800,73.71228851,8,8.93E-13,1.24E-11,Potri.015G029800
Potri.006G101800,73.66297233,8,9.13E-13,1.27E-11,Potri.006G101800
Potri.005G260100,73.6114505,8,9.35E-13,1.30E-11,Potri.005G260100
Potri.010G136900,73.5998649,8,9.40E-13,1.31E-11,Potri.010G136900
Potri.003G215400,73.57981215,8,9.49E-13,1.32E-11,Potri.003G215400
Potri.001G371900,73.54440531,8,9.65E-13,1.34E-11,Potri.001G371900
Potri.013G153100,73.53959104,8,9.67E-13,1.34E-11,Potri.013G153100
Potri.008G141400,73.51724576,8,9.77E-13,1.35E-11,Potri.008G141400
Potri.001G234300,73.46974088,8,9.98E-13,1.38E-11,Potri.001G234300
Potri.006G066300,73.45662056,8,1.00E-12,1.39E-11,Potri.006G066300
Potri.014G122400,73.41588596,8,1.02E-12,1.42E-11,Potri.014G122400
Potri.016G103300,73.41500059,8,1.02E-12,1.42E-11,Potri.016G103300
Potri.T124806,73.41135438,8,1.03E-12,1.42E-11,Potri.T124806
Potri.015G033700,73.34965887,8,1.06E-12,1.46E-11,Potri.015G033700
Potri.014G166900,73.18347424,8,1.14E-12,1.57E-11,Potri.014G166900
Potri.008G097900,73.18334502,8,1.14E-12,1.57E-11,Potri.008G097900
Potri.010G157300,73.164309,8,1.15E-12,1.59E-11,Potri.010G157300
Potri.019G014374,73.12301579,8,1.17E-12,1.62E-11,Potri.019G014374
Potri.013G048300,73.12160416,8,1.17E-12,1.62E-11,Potri.013G048300
Potri.016G050300,73.07419437,8,1.20E-12,1.65E-11,Potri.016G050300
Potri.007G016000,73.07357623,8,1.20E-12,1.65E-11,Potri.007G016000
Potri.011G072300,73.01783662,8,1.23E-12,1.69E-11,Potri.011G072300
Potri.017G114600,73.00058019,8,1.24E-12,1.71E-11,Potri.017G114600
Potri.004G235300,72.90189796,8,1.30E-12,1.78E-11,Potri.004G235300
Potri.006G004600,72.82049539,8,1.35E-12,1.85E-11,Potri.006G004600
Potri.004G117500,72.79708373,8,1.36E-12,1.87E-11,Potri.004G117500
Potri.016G098200,72.61782759,8,1.48E-12,2.03E-11,Potri.016G098200
Potri.014G151400,72.60963155,8,1.48E-12,2.04E-11,Potri.014G151400
Potri.003G090600,72.55029672,8,1.52E-12,2.09E-11,Potri.003G090600
Potri.012G071500,72.47648117,8,1.58E-12,2.16E-11,Potri.012G071500
Potri.003G123101,72.38005648,8,1.65E-12,2.26E-11,Potri.003G123101
Potri.008G070600,72.37982746,8,1.65E-12,2.26E-11,Potri.008G070600
Potri.009G068000,72.36488573,8,1.66E-12,2.27E-11,Potri.009G068000
Potri.002G091400,72.25793855,8,1.74E-12,2.39E-11,Potri.002G091400
Potri.002G087600,72.19866122,8,1.79E-12,2.45E-11,Potri.002G087600
Potri.014G088800,71.98399801,8,1.98E-12,2.70E-11,Potri.014G088800
Potri.004G057000,71.97652882,8,1.98E-12,2.71E-11,Potri.004G057000
Potri.007G146401,71.95380944,8,2.00E-12,2.74E-11,Potri.007G146401
Potri.004G185200,71.88316613,8,2.07E-12,2.83E-11,Potri.004G185200
Potri.010G233700,71.87033955,8,2.08E-12,2.84E-11,Potri.010G233700
Potri.001G366800,71.8124167,8,2.14E-12,2.92E-11,Potri.001G366800
Potri.001G047200,71.7805289,8,2.17E-12,2.96E-11,Potri.001G047200
Potri.005G069400,71.77082573,8,2.18E-12,2.97E-11,Potri.005G069400
Potri.011G086700,71.72235242,8,2.23E-12,3.04E-11,Potri.011G086700
Potri.013G021700,71.6995586,8,2.25E-12,3.07E-11,Potri.013G021700
Potri.009G102101,71.69132405,8,2.26E-12,3.08E-11,Potri.009G102101
Potri.006G168200,71.56859495,8,2.39E-12,3.26E-11,Potri.006G168200
Potri.014G104900,71.55101046,8,2.41E-12,3.28E-11,Potri.014G104900
Potri.010G199500,71.54884002,8,2.41E-12,3.28E-11,Potri.010G199500
Potri.017G120900,71.54140469,8,2.42E-12,3.29E-11,Potri.017G120900
Potri.018G022300,71.52969677,8,2.44E-12,3.31E-11,Potri.018G022300
Potri.003G128700,71.44193268,8,2.54E-12,3.44E-11,Potri.003G128700
Potri.002G008050,71.41907499,8,2.56E-12,3.48E-11,Potri.002G008050
Potri.001G018300,71.40756814,8,2.58E-12,3.49E-11,Potri.001G018300
Potri.002G222900,71.39039265,8,2.60E-12,3.52E-11,Potri.002G222900
Potri.018G009400,71.38809003,8,2.60E-12,3.52E-11,Potri.018G009400
Potri.003G146200,71.36362746,8,2.63E-12,3.56E-11,Potri.003G146200
Potri.001G233300,71.35864836,8,2.63E-12,3.57E-11,Potri.001G233300
Potri.002G152200,71.34438219,8,2.65E-12,3.59E-11,Potri.002G152200
Potri.003G061800,71.33940068,8,2.66E-12,3.59E-11,Potri.003G061800
Potri.010G004300,71.16010321,8,2.89E-12,3.90E-11,Potri.010G004300
Potri.008G018600,71.09610488,8,2.97E-12,4.01E-11,Potri.008G018600
Potri.005G236000,71.07537885,8,3.00E-12,4.05E-11,Potri.005G236000
Potri.008G175301,71.03762915,8,3.05E-12,4.12E-11,Potri.008G175301
Potri.001G399600,70.86852092,8,3.30E-12,4.45E-11,Potri.001G399600
Potri.001G266500,70.83106855,8,3.36E-12,4.53E-11,Potri.001G266500
Potri.003G105600,70.78457053,8,3.43E-12,4.62E-11,Potri.003G105600
Potri.004G129200,70.76512069,8,3.46E-12,4.66E-11,Potri.004G129200
Potri.008G107300,70.70704775,8,3.55E-12,4.78E-11,Potri.008G107300
Potri.007G091200,70.6874557,8,3.59E-12,4.82E-11,Potri.007G091200
Potri.006G133100,70.67427188,8,3.61E-12,4.85E-11,Potri.006G133100
Potri.014G153800,70.63543089,8,3.67E-12,4.94E-11,Potri.014G153800
Potri.014G099000,70.62519777,8,3.69E-12,4.96E-11,Potri.014G099000
Potri.017G088600,70.61780295,8,3.70E-12,4.97E-11,Potri.017G088600
Potri.001G234500,70.57536279,8,3.77E-12,5.07E-11,Potri.001G234500
Potri.018G069200,70.56400373,8,3.79E-12,5.09E-11,Potri.018G069200
Potri.009G002400,70.54215245,8,3.83E-12,5.14E-11,Potri.009G002400
Potri.001G128800,70.53859648,8,3.84E-12,5.15E-11,Potri.001G128800
Potri.018G132100,70.5360507,8,3.84E-12,5.15E-11,Potri.018G132100
Potri.002G007400,70.53568788,8,3.84E-12,5.15E-11,Potri.002G007400
Potri.008G002900,70.48655796,8,3.93E-12,5.26E-11,Potri.008G002900
Potri.003G131400,70.46723271,8,3.97E-12,5.31E-11,Potri.003G131400
Potri.016G079900,70.41402705,8,4.06E-12,5.44E-11,Potri.016G079900
Potri.016G037900,70.39987089,8,4.09E-12,5.47E-11,Potri.016G037900
Potri.018G053000,70.39353965,8,4.10E-12,5.48E-11,Potri.018G053000
Potri.002G088000,70.38870142,8,4.11E-12,5.49E-11,Potri.002G088000
Potri.013G032300,70.32525504,8,4.23E-12,5.65E-11,Potri.013G032300
Potri.002G221600,70.29518426,8,4.29E-12,5.73E-11,Potri.002G221600
Potri.009G050000,70.27774507,8,4.33E-12,5.77E-11,Potri.009G050000
Potri.011G140800,70.26389989,8,4.35E-12,5.80E-11,Potri.011G140800
Potri.011G003400,70.25466237,8,4.37E-12,5.83E-11,Potri.011G003400
Potri.T012000,70.2520094,8,4.38E-12,5.83E-11,Potri.T012000
Potri.011G006050,70.24841908,8,4.39E-12,5.84E-11,Potri.011G006050
Potri.013G061200,70.1820492,8,4.52E-12,6.01E-11,Potri.013G061200
Potri.019G065300,70.17036327,8,4.55E-12,6.04E-11,Potri.019G065300
Potri.009G086300,70.16540946,8,4.56E-12,6.05E-11,Potri.009G086300
Potri.001G057300,70.15349932,8,4.58E-12,6.08E-11,Potri.001G057300
Potri.004G210400,70.11031244,8,4.67E-12,6.20E-11,Potri.004G210400
Potri.018G092666,70.06723159,8,4.77E-12,6.32E-11,Potri.018G092666
Potri.018G149800,70.06490364,8,4.77E-12,6.33E-11,Potri.018G149800
Potri.016G132600,70.00460913,8,4.90E-12,6.50E-11,Potri.016G132600
Potri.015G140200,70.0042131,8,4.90E-12,6.50E-11,Potri.015G140200
Potri.012G134200,69.95287953,8,5.02E-12,6.65E-11,Potri.012G134200
Potri.008G025600,69.94930773,8,5.03E-12,6.66E-11,Potri.008G025600
Potri.005G077400,69.94323324,8,5.04E-12,6.68E-11,Potri.005G077400
Potri.002G168200,69.92756279,8,5.08E-12,6.72E-11,Potri.002G168200
Potri.016G067200,69.80043878,8,5.39E-12,7.12E-11,Potri.016G067200
Potri.001G002700,69.71399332,8,5.60E-12,7.40E-11,Potri.001G002700
Potri.006G002900,69.68774615,8,5.67E-12,7.49E-11,Potri.006G002900
Potri.005G166400,69.67590738,8,5.70E-12,7.53E-11,Potri.005G166400
Potri.001G000400,69.66000384,8,5.74E-12,7.58E-11,Potri.001G000400
Potri.001G360800,69.52587802,8,6.11E-12,8.06E-11,Potri.001G360800
Potri.003G032800,69.3272595,8,6.69E-12,8.82E-11,Potri.003G032800
Potri.013G003400,69.3044375,8,6.76E-12,8.91E-11,Potri.013G003400
Potri.002G223600,69.28553611,8,6.82E-12,8.98E-11,Potri.002G223600
Potri.010G038700,69.26331455,8,6.89E-12,9.07E-11,Potri.010G038700
Potri.007G116100,69.23943415,8,6.96E-12,9.16E-11,Potri.007G116100
Potri.005G108100,69.19710555,8,7.10E-12,9.34E-11,Potri.005G108100
Potri.014G068500,69.18703884,8,7.13E-12,9.38E-11,Potri.014G068500
Potri.005G191400,69.15250728,8,7.25E-12,9.52E-11,Potri.005G191400
Potri.014G029100,69.1516656,8,7.25E-12,9.52E-11,Potri.014G029100
Potri.011G068500,69.09903758,8,7.43E-12,9.75E-11,Potri.011G068500
Potri.007G137300,69.06046428,8,7.56E-12,9.92E-11,Potri.007G137300
Potri.010G080600,69.01706429,8,7.71E-12,1.01E-10,Potri.010G080600
Potri.016G051800,69.0111891,8,7.73E-12,1.01E-10,Potri.016G051800
Potri.017G107200,69.00730451,8,7.74E-12,1.01E-10,Potri.017G107200
Potri.018G083800,68.97840585,8,7.85E-12,1.03E-10,Potri.018G083800
Potri.005G072700,68.94569754,8,7.97E-12,1.04E-10,Potri.005G072700
Potri.017G130600,68.94554911,8,7.97E-12,1.04E-10,Potri.017G130600
Potri.012G083700,68.92714662,8,8.03E-12,1.05E-10,Potri.012G083700
Potri.002G057800,68.90955408,8,8.10E-12,1.06E-10,Potri.002G057800
Potri.010G046300,68.84066848,8,8.36E-12,1.09E-10,Potri.010G046300
Potri.006G227500,68.7546513,8,8.69E-12,1.14E-10,Potri.006G227500
Potri.005G111100,68.75040913,8,8.71E-12,1.14E-10,Potri.005G111100
Potri.004G174800,68.73504318,8,8.77E-12,1.14E-10,Potri.004G174800
Potri.016G126700,68.73359795,8,8.78E-12,1.15E-10,Potri.016G126700
Potri.014G006100,68.72499055,8,8.81E-12,1.15E-10,Potri.014G006100
Potri.010G097200,68.69288116,8,8.94E-12,1.17E-10,Potri.010G097200
Potri.001G141200,68.55950653,8,9.51E-12,1.24E-10,Potri.001G141200
Potri.014G087700,68.41597861,8,1.02E-11,1.32E-10,Potri.014G087700
Potri.001G315950,68.3920955,8,1.03E-11,1.34E-10,Potri.001G315950
Potri.010G200500,68.36240906,8,1.04E-11,1.35E-10,Potri.010G200500
Potri.001G079000,68.30046682,8,1.07E-11,1.39E-10,Potri.001G079000
Potri.006G255900,68.24353262,8,1.10E-11,1.43E-10,Potri.006G255900
Potri.001G350100,68.24034591,8,1.10E-11,1.43E-10,Potri.001G350100
Potri.006G131900,68.17467839,8,1.13E-11,1.47E-10,Potri.006G131900
Potri.001G254600,68.16890036,8,1.14E-11,1.48E-10,Potri.001G254600
Potri.010G086000,68.10418665,8,1.17E-11,1.52E-10,Potri.010G086000
Potri.010G218800,68.06875317,8,1.19E-11,1.54E-10,Potri.010G218800
Potri.016G053600,68.06623638,8,1.19E-11,1.54E-10,Potri.016G053600
Potri.002G260800,67.94868425,8,1.26E-11,1.63E-10,Potri.002G260800
Potri.004G028800,67.92536725,8,1.27E-11,1.65E-10,Potri.004G028800
Potri.019G081100,67.91304714,8,1.28E-11,1.65E-10,Potri.019G081100
Potri.005G136600,67.86775804,8,1.30E-11,1.69E-10,Potri.005G136600
Potri.009G115100,67.75719223,8,1.37E-11,1.77E-10,Potri.009G115100
Potri.019G014396,67.75501263,8,1.37E-11,1.78E-10,Potri.019G014396
Potri.013G067600,67.68340439,8,1.42E-11,1.83E-10,Potri.013G067600
Potri.011G064400,67.63805711,8,1.45E-11,1.87E-10,Potri.011G064400
Potri.017G070500,67.60349188,8,1.47E-11,1.90E-10,Potri.017G070500
Potri.007G063200,67.57609191,8,1.49E-11,1.92E-10,Potri.007G063200
Potri.005G206300,67.542217,8,1.51E-11,1.95E-10,Potri.005G206300
Potri.012G074900,67.51764886,8,1.53E-11,1.97E-10,Potri.012G074900
Potri.001G381300,67.50508607,8,1.54E-11,1.98E-10,Potri.001G381300
Potri.016G141300,67.41460257,8,1.60E-11,2.07E-10,Potri.016G141300
Potri.012G122200,67.31887462,8,1.68E-11,2.16E-10,Potri.012G122200
Potri.002G119600,67.31525739,8,1.68E-11,2.16E-10,Potri.002G119600
Potri.007G028500,67.29914264,8,1.69E-11,2.18E-10,Potri.007G028500
Potri.016G037600,67.26805359,8,1.72E-11,2.21E-10,Potri.016G037600
Potri.014G066200,67.26370956,8,1.72E-11,2.21E-10,Potri.014G066200
Potri.013G066600,67.26351708,8,1.72E-11,2.21E-10,Potri.013G066600
Potri.011G119800,67.22755012,8,1.75E-11,2.24E-10,Potri.011G119800
Potri.008G132400,67.21374511,8,1.76E-11,2.26E-10,Potri.008G132400
Potri.005G249300,67.1627632,8,1.80E-11,2.31E-10,Potri.005G249300
Potri.019G128900,67.13147044,8,1.83E-11,2.34E-10,Potri.019G128900
Potri.003G205500,67.11386421,8,1.84E-11,2.36E-10,Potri.003G205500
Potri.001G368200,67.0977004,8,1.85E-11,2.38E-10,Potri.001G368200
Potri.019G057200,67.06565363,8,1.88E-11,2.41E-10,Potri.019G057200
Potri.001G348200,67.03147723,8,1.91E-11,2.45E-10,Potri.001G348200
Potri.006G051100,66.98512767,8,1.95E-11,2.50E-10,Potri.006G051100
Potri.003G204500,66.96293587,8,1.97E-11,2.52E-10,Potri.003G204500
Potri.019G053400,66.95338745,8,1.98E-11,2.53E-10,Potri.019G053400
Potri.T042048,66.91514995,8,2.02E-11,2.57E-10,Potri.T042048
Potri.001G436300,66.86914861,8,2.06E-11,2.63E-10,Potri.001G436300
Potri.005G065100,66.76759668,8,2.16E-11,2.75E-10,Potri.005G065100
Potri.005G028000,66.72114715,8,2.20E-11,2.81E-10,Potri.005G028000
Potri.008G186601,66.67988275,8,2.24E-11,2.86E-10,Potri.008G186601
Potri.005G096700,66.67027703,8,2.25E-11,2.87E-10,Potri.005G096700
Potri.003G123700,66.65050319,8,2.27E-11,2.90E-10,Potri.003G123700
Potri.002G259200,66.59264396,8,2.34E-11,2.97E-10,Potri.002G259200
Potri.013G124900,66.55704385,8,2.37E-11,3.02E-10,Potri.013G124900
Potri.006G023500,66.52050844,8,2.41E-11,3.07E-10,Potri.006G023500
Potri.004G218200,66.45860753,8,2.48E-11,3.16E-10,Potri.004G218200
Potri.002G250400,66.41559273,8,2.53E-11,3.22E-10,Potri.002G250400
Potri.008G194566,66.38192287,8,2.57E-11,3.27E-10,Potri.008G194566
Potri.002G124300,66.35318818,8,2.60E-11,3.31E-10,Potri.002G124300
Potri.016G055000,66.32030269,8,2.64E-11,3.36E-10,Potri.016G055000
Potri.001G171800,66.30497374,8,2.66E-11,3.38E-10,Potri.001G171800
Potri.018G002900,66.29289593,8,2.68E-11,3.40E-10,Potri.018G002900
Potri.001G214500,66.13619309,8,2.88E-11,3.65E-10,Potri.001G214500
Potri.011G150700,66.12322413,8,2.89E-11,3.67E-10,Potri.011G150700
Potri.002G066600,66.09708319,8,2.93E-11,3.71E-10,Potri.002G066600
Potri.008G126300,66.03210102,8,3.02E-11,3.82E-10,Potri.008G126300
Potri.019G089700,66.02575753,8,3.02E-11,3.83E-10,Potri.019G089700
Potri.005G149500,66.00220849,8,3.06E-11,3.87E-10,Potri.005G149500
Potri.012G111800,65.98020673,8,3.09E-11,3.90E-10,Potri.012G111800
Potri.010G076900,65.90866099,8,3.19E-11,4.03E-10,Potri.010G076900
Potri.008G207500,65.80753977,8,3.34E-11,4.22E-10,Potri.008G207500
Potri.016G114700,65.79278431,8,3.36E-11,4.25E-10,Potri.016G114700
Potri.018G060000,65.78056248,8,3.38E-11,4.27E-10,Potri.018G060000
Potri.003G009000,65.73642098,8,3.45E-11,4.35E-10,Potri.003G009000
Potri.008G132900,65.68663738,8,3.53E-11,4.45E-10,Potri.008G132900
Potri.001G341400,65.68595073,8,3.53E-11,4.45E-10,Potri.001G341400
Potri.012G062100,65.68553286,8,3.53E-11,4.45E-10,Potri.012G062100
Potri.004G166600,65.66359155,8,3.57E-11,4.49E-10,Potri.004G166600
Potri.018G035700,65.56993992,8,3.72E-11,4.69E-10,Potri.018G035700
Potri.006G038500,65.53166223,8,3.79E-11,4.77E-10,Potri.006G038500
Potri.006G189201,65.52862061,8,3.79E-11,4.77E-10,Potri.006G189201
Potri.002G087000,65.48741991,8,3.87E-11,4.86E-10,Potri.002G087000
Potri.010G253700,65.45888415,8,3.92E-11,4.92E-10,Potri.010G253700
Potri.006G094600,65.42312628,8,3.98E-11,5.00E-10,Potri.006G094600
Potri.016G055901,65.39596982,8,4.03E-11,5.06E-10,Potri.016G055901
Potri.006G160300,65.39572995,8,4.03E-11,5.06E-10,Potri.006G160300
Potri.019G079300,65.37612674,8,4.07E-11,5.10E-10,Potri.019G079300
Potri.008G130400,65.26152574,8,4.28E-11,5.37E-10,Potri.008G130400
Potri.006G145700,65.26018565,8,4.29E-11,5.37E-10,Potri.006G145700
Potri.004G074900,65.24537811,8,4.32E-11,5.41E-10,Potri.004G074900
Potri.006G060400,65.24236415,8,4.32E-11,5.41E-10,Potri.006G060400
Potri.002G080100,65.20460725,8,4.40E-11,5.50E-10,Potri.002G080100
Potri.005G177600,65.16185432,8,4.48E-11,5.61E-10,Potri.005G177600
Potri.010G043800,65.12354136,8,4.56E-11,5.70E-10,Potri.010G043800
Potri.010G194300,65.05014665,8,4.72E-11,5.90E-10,Potri.010G194300
Potri.018G091100,65.04323283,8,4.73E-11,5.91E-10,Potri.018G091100
Potri.014G151700,65.04033859,8,4.74E-11,5.92E-10,Potri.014G151700
Potri.016G120333,64.99379732,8,4.84E-11,6.04E-10,Potri.016G120333
Potri.002G143600,64.98952794,8,4.85E-11,6.05E-10,Potri.002G143600
Potri.012G017300,64.98653695,8,4.86E-11,6.06E-10,Potri.012G017300
Potri.011G123700,64.98007157,8,4.87E-11,6.07E-10,Potri.011G123700
Potri.008G083300,64.9420545,8,4.96E-11,6.17E-10,Potri.008G083300
Potri.010G106700,64.90740216,8,5.03E-11,6.27E-10,Potri.010G106700
Potri.002G113600,64.8552305,8,5.15E-11,6.42E-10,Potri.002G113600
Potri.004G183500,64.85163105,8,5.16E-11,6.42E-10,Potri.004G183500
Potri.008G163300,64.80291776,8,5.28E-11,6.57E-10,Potri.008G163300
Potri.016G043700,64.80194908,8,5.28E-11,6.57E-10,Potri.016G043700
Potri.001G054700,64.70179019,8,5.53E-11,6.87E-10,Potri.001G054700
Potri.006G237700,64.69679261,8,5.54E-11,6.88E-10,Potri.006G237700
Potri.010G052800,64.6893856,8,5.56E-11,6.90E-10,Potri.010G052800
Potri.017G137600,64.68842595,8,5.56E-11,6.90E-10,Potri.017G137600
Potri.010G174800,64.68606631,8,5.57E-11,6.91E-10,Potri.010G174800
Potri.015G059400,64.63488948,8,5.70E-11,7.07E-10,Potri.015G059400
Potri.003G124100,64.60714128,8,5.77E-11,7.15E-10,Potri.003G124100
Potri.017G060100,64.57853448,8,5.85E-11,7.24E-10,Potri.017G060100
Potri.010G191900,64.57382767,8,5.86E-11,7.26E-10,Potri.010G191900
Potri.011G142700,64.55625595,8,5.91E-11,7.31E-10,Potri.011G142700
Potri.015G027500,64.54912258,8,5.93E-11,7.33E-10,Potri.015G027500
Potri.006G251900,64.5433668,8,5.94E-11,7.35E-10,Potri.006G251900
Potri.005G037000,64.47786385,8,6.12E-11,7.57E-10,Potri.005G037000
Potri.001G099400,64.47134815,8,6.14E-11,7.58E-10,Potri.001G099400
Potri.005G140700,64.46693256,8,6.15E-11,7.60E-10,Potri.005G140700
Potri.005G131500,64.45083034,8,6.20E-11,7.65E-10,Potri.005G131500
Potri.001G210000,64.44886297,8,6.20E-11,7.65E-10,Potri.001G210000
Potri.007G024600,64.38183331,8,6.39E-11,7.89E-10,Potri.007G024600
Potri.008G006200,64.35175261,8,6.48E-11,7.99E-10,Potri.008G006200
Potri.017G106900,64.31737494,8,6.58E-11,8.11E-10,Potri.017G106900
Potri.006G241000,64.30137825,8,6.63E-11,8.17E-10,Potri.006G241000
Potri.009G080000,64.25826649,8,6.76E-11,8.33E-10,Potri.009G080000
Potri.012G134800,64.25449646,8,6.78E-11,8.34E-10,Potri.012G134800
Potri.018G043900,64.22981155,8,6.85E-11,8.43E-10,Potri.018G043900
Potri.015G094700,64.2251686,8,6.87E-11,8.44E-10,Potri.015G094700
Potri.005G181300,64.15462556,8,7.09E-11,8.71E-10,Potri.005G181300
Potri.002G049600,64.12007929,8,7.20E-11,8.85E-10,Potri.002G049600
Potri.012G095600,64.09023854,8,7.30E-11,8.97E-10,Potri.012G095600
Potri.005G229700,64.0814074,8,7.33E-11,9.00E-10,Potri.005G229700
Potri.010G221100,63.9974909,8,7.62E-11,9.34E-10,Potri.010G221100
Potri.009G078200,63.94425556,8,7.80E-11,9.57E-10,Potri.009G078200
Potri.019G098900,63.93927465,8,7.82E-11,9.59E-10,Potri.019G098900
Potri.005G060800,63.91213321,8,7.92E-11,9.70E-10,Potri.005G060800
Potri.004G144600,63.8937876,8,7.98E-11,9.78E-10,Potri.004G144600
Potri.001G101300,63.87342366,8,8.06E-11,9.86E-10,Potri.001G101300
Potri.006G045200,63.84460179,8,8.16E-11,9.99E-10,Potri.006G045200
Potri.007G026800,63.75224496,8,8.51E-11,1.04E-09,Potri.007G026800
Potri.013G027600,63.74746759,8,8.53E-11,1.04E-09,Potri.013G027600
Potri.005G086800,63.74674555,8,8.53E-11,1.04E-09,Potri.005G086800
Potri.005G020500,63.66963988,8,8.84E-11,1.08E-09,Potri.005G020500
Potri.006G261200,63.65373256,8,8.90E-11,1.09E-09,Potri.006G261200
Potri.001G409800,63.61029547,8,9.08E-11,1.11E-09,Potri.001G409800
Potri.010G225200,63.57540912,8,9.23E-11,1.13E-09,Potri.010G225200
Potri.007G056100,63.43754208,8,9.82E-11,1.20E-09,Potri.007G056100
Potri.011G118166,63.40918696,8,9.95E-11,1.21E-09,Potri.011G118166
Potri.005G024600,63.34739945,8,1.02E-10,1.25E-09,Potri.005G024600
Potri.012G086500,63.26928164,8,1.06E-10,1.29E-09,Potri.012G086500
Potri.008G100400,63.21432594,8,1.09E-10,1.32E-09,Potri.008G100400
Potri.014G112100,63.07692947,8,1.16E-10,1.41E-09,Potri.014G112100
Potri.001G241600,63.0543344,8,1.17E-10,1.42E-09,Potri.001G241600
Potri.008G185000,62.97965813,8,1.21E-10,1.47E-09,Potri.008G185000
Potri.009G016000,62.93123375,8,1.24E-10,1.50E-09,Potri.009G016000
Potri.014G140000,62.89694524,8,1.26E-10,1.53E-09,Potri.014G140000
Potri.004G163100,62.86538443,8,1.27E-10,1.55E-09,Potri.004G163100
Potri.006G111400,62.85000807,8,1.28E-10,1.56E-09,Potri.006G111400
Potri.013G126701,62.83400019,8,1.29E-10,1.57E-09,Potri.013G126701
Potri.002G010600,62.79159215,8,1.32E-10,1.60E-09,Potri.002G010600
Potri.014G112400,62.77171033,8,1.33E-10,1.61E-09,Potri.014G112400
Potri.018G141900,62.72994705,8,1.35E-10,1.64E-09,Potri.018G141900
Potri.003G197466,62.68212083,8,1.38E-10,1.68E-09,Potri.003G197466
Potri.017G059100,62.63138322,8,1.42E-10,1.71E-09,Potri.017G059100
Potri.004G162400,62.58216084,8,1.45E-10,1.75E-09,Potri.004G162400
Potri.004G157600,62.56619781,8,1.46E-10,1.76E-09,Potri.004G157600
Potri.014G104200,62.52565611,8,1.49E-10,1.80E-09,Potri.014G104200
Potri.010G092100,62.51932758,8,1.49E-10,1.80E-09,Potri.010G092100
Potri.017G101000,62.50161326,8,1.50E-10,1.81E-09,Potri.017G101000
Potri.004G036800,62.48355486,8,1.51E-10,1.83E-09,Potri.004G036800
Potri.006G087400,62.47832122,8,1.52E-10,1.83E-09,Potri.006G087400
Potri.003G030400,62.47030619,8,1.52E-10,1.84E-09,Potri.003G030400
Potri.010G083200,62.45445814,8,1.53E-10,1.85E-09,Potri.010G083200
Potri.001G342300,62.35628353,8,1.60E-10,1.93E-09,Potri.001G342300
Potri.005G122100,62.34763483,8,1.61E-10,1.94E-09,Potri.005G122100
Potri.007G031700,62.32858197,8,1.62E-10,1.96E-09,Potri.007G031700
Potri.013G090900,62.31534449,8,1.63E-10,1.97E-09,Potri.013G090900
Potri.008G224701,62.25599117,8,1.68E-10,2.02E-09,Potri.008G224701
Potri.011G063200,62.18400825,8,1.73E-10,2.09E-09,Potri.011G063200
Potri.001G121600,62.18148737,8,1.74E-10,2.09E-09,Potri.001G121600
Potri.004G032200,62.16206942,8,1.75E-10,2.11E-09,Potri.004G032200
Potri.002G036800,62.13976222,8,1.77E-10,2.13E-09,Potri.002G036800
Potri.001G066000,62.07041836,8,1.83E-10,2.19E-09,Potri.001G066000
Potri.014G060700,62.04650436,8,1.85E-10,2.22E-09,Potri.014G060700
Potri.010G162900,62.02452489,8,1.86E-10,2.24E-09,Potri.010G162900
Potri.001G116500,61.99130817,8,1.89E-10,2.27E-09,Potri.001G116500
Potri.013G078700,61.97563836,8,1.91E-10,2.29E-09,Potri.013G078700
Potri.018G016500,61.95027977,8,1.93E-10,2.31E-09,Potri.018G016500
Potri.017G128100,61.91954004,8,1.96E-10,2.34E-09,Potri.017G128100
Potri.T126306,61.91890508,8,1.96E-10,2.34E-09,Potri.T126306
Potri.006G156350,61.84062821,8,2.03E-10,2.43E-09,Potri.006G156350
Potri.005G230600,61.81894918,8,2.05E-10,2.45E-09,Potri.005G230600
Potri.015G109500,61.81440039,8,2.05E-10,2.45E-09,Potri.015G109500
Potri.005G159300,61.79605921,8,2.07E-10,2.47E-09,Potri.005G159300
Potri.004G116700,61.76111451,8,2.10E-10,2.51E-09,Potri.004G116700
Potri.005G178900,61.7536468,8,2.11E-10,2.52E-09,Potri.005G178900
Potri.005G227400,61.74805697,8,2.11E-10,2.52E-09,Potri.005G227400
Potri.007G079300,61.74695728,8,2.11E-10,2.52E-09,Potri.007G079300
Potri.006G146200,61.64829838,8,2.21E-10,2.64E-09,Potri.006G146200
Potri.009G103700,61.62837997,8,2.23E-10,2.66E-09,Potri.009G103700
Potri.014G132900,61.61031806,8,2.25E-10,2.68E-09,Potri.014G132900
Potri.002G186900,61.58845219,8,2.27E-10,2.71E-09,Potri.002G186900
Potri.014G072900,61.58133014,8,2.28E-10,2.71E-09,Potri.014G072900
Potri.012G045500,61.5532361,8,2.31E-10,2.75E-09,Potri.012G045500
Potri.014G143400,61.53593175,8,2.33E-10,2.77E-09,Potri.014G143400
Potri.006G237100,61.50568721,8,2.36E-10,2.81E-09,Potri.006G237100
Potri.003G092800,61.49443443,8,2.37E-10,2.82E-09,Potri.003G092800
Potri.003G057800,61.41110408,8,2.46E-10,2.93E-09,Potri.003G057800
Potri.002G185700,61.4061946,8,2.47E-10,2.93E-09,Potri.002G185700
Potri.016G070200,61.40596128,8,2.47E-10,2.93E-09,Potri.016G070200
Potri.004G142000,61.36068924,8,2.52E-10,2.99E-09,Potri.004G142000
Potri.017G099100,61.35520504,8,2.53E-10,3.00E-09,Potri.017G099100
Potri.009G139500,61.21367717,8,2.69E-10,3.19E-09,Potri.009G139500
Potri.004G126500,61.19316653,8,2.72E-10,3.22E-09,Potri.004G126500
Potri.004G135200,61.17460134,8,2.74E-10,3.25E-09,Potri.004G135200
Potri.002G129100,61.16817228,8,2.75E-10,3.25E-09,Potri.002G129100
Potri.010G054466,61.16746656,8,2.75E-10,3.25E-09,Potri.010G054466
Potri.004G129400,61.12712778,8,2.80E-10,3.31E-09,Potri.004G129400
Potri.001G270000,61.09986973,8,2.83E-10,3.35E-09,Potri.001G270000
Potri.001G389300,61.08454814,8,2.85E-10,3.37E-09,Potri.001G389300
Potri.002G198400,61.01894178,8,2.94E-10,3.48E-09,Potri.002G198400
Potri.009G035000,60.98536029,8,2.99E-10,3.53E-09,Potri.009G035000
Potri.018G027700,60.98013489,8,2.99E-10,3.53E-09,Potri.018G027700
Potri.001G172600,60.9618961,8,3.02E-10,3.56E-09,Potri.001G172600
Potri.007G138100,60.90995664,8,3.09E-10,3.64E-09,Potri.007G138100
Potri.005G073200,60.88603612,8,3.12E-10,3.68E-09,Potri.005G073200
Potri.015G009300,60.85177536,8,3.17E-10,3.74E-09,Potri.015G009300
Potri.006G254100,60.84973179,8,3.17E-10,3.74E-09,Potri.006G254100
Potri.012G004600,60.78737443,8,3.27E-10,3.85E-09,Potri.012G004600
Potri.001G410100,60.780872,8,3.27E-10,3.86E-09,Potri.001G410100
Potri.008G095100,60.77878617,8,3.28E-10,3.86E-09,Potri.008G095100
Potri.002G058000,60.77210104,8,3.29E-10,3.87E-09,Potri.002G058000
Potri.012G051900,60.72774856,8,3.35E-10,3.94E-09,Potri.012G051900
Potri.002G037900,60.72024416,8,3.37E-10,3.96E-09,Potri.002G037900
Potri.012G049000,60.70107633,8,3.40E-10,3.99E-09,Potri.012G049000
Potri.006G118800,60.69176898,8,3.41E-10,4.00E-09,Potri.006G118800
Potri.008G186100,60.64611864,8,3.48E-10,4.09E-09,Potri.008G186100
Potri.010G048300,60.64114332,8,3.49E-10,4.09E-09,Potri.010G048300
Potri.004G057100,60.617426,8,3.53E-10,4.14E-09,Potri.004G057100
Potri.019G013140,60.61072981,8,3.54E-10,4.15E-09,Potri.019G013140
Potri.005G103300,60.58663063,8,3.58E-10,4.19E-09,Potri.005G103300
Potri.015G084900,60.56807666,8,3.61E-10,4.22E-09,Potri.015G084900
Potri.005G007300,60.53372955,8,3.66E-10,4.29E-09,Potri.005G007300
Potri.014G036600,60.45864722,8,3.79E-10,4.43E-09,Potri.014G036600
Potri.004G034900,60.32321989,8,4.03E-10,4.71E-09,Potri.004G034900
Potri.018G101600,60.24255475,8,4.18E-10,4.89E-09,Potri.018G101600
Potri.006G199500,60.23615194,8,4.19E-10,4.90E-09,Potri.006G199500
Potri.010G211000,60.22096165,8,4.22E-10,4.93E-09,Potri.010G211000
Potri.002G232200,60.1984334,8,4.26E-10,4.98E-09,Potri.002G232200
Potri.017G071300,60.18765451,8,4.28E-10,5.00E-09,Potri.017G071300
Potri.001G166900,60.15386061,8,4.35E-10,5.08E-09,Potri.001G166900
Potri.016G025000,60.14222809,8,4.37E-10,5.10E-09,Potri.016G025000
Potri.013G128900,60.10415979,8,4.45E-10,5.19E-09,Potri.013G128900
Potri.007G105800,60.061085,8,4.53E-10,5.29E-09,Potri.007G105800
Potri.015G112900,60.00179179,8,4.66E-10,5.43E-09,Potri.015G112900
Potri.006G236600,59.99206335,8,4.68E-10,5.45E-09,Potri.006G236600
Potri.007G013300,59.99196661,8,4.68E-10,5.45E-09,Potri.007G013300
Potri.001G403400,59.98713028,8,4.69E-10,5.46E-09,Potri.001G403400
Potri.006G237500,59.96307257,8,4.74E-10,5.51E-09,Potri.006G237500
Potri.008G204800,59.94121591,8,4.79E-10,5.57E-09,Potri.008G204800
Potri.015G023200,59.88821801,8,4.90E-10,5.70E-09,Potri.015G023200
Potri.005G075700,59.86747082,8,4.95E-10,5.75E-09,Potri.005G075700
Potri.014G153000,59.82624886,8,5.04E-10,5.86E-09,Potri.014G153000
Potri.013G083300,59.75677008,8,5.20E-10,6.04E-09,Potri.013G083300
Potri.003G220866,59.74306551,8,5.23E-10,6.07E-09,Potri.003G220866
Potri.009G145700,59.74192962,8,5.24E-10,6.08E-09,Potri.009G145700
Potri.017G134900,59.71100732,8,5.31E-10,6.16E-09,Potri.017G134900
Potri.004G101500,59.7016715,8,5.33E-10,6.18E-09,Potri.004G101500
Potri.005G148800,59.55790644,8,5.69E-10,6.59E-09,Potri.005G148800
Potri.002G098700,59.55255891,8,5.70E-10,6.61E-09,Potri.002G098700
Potri.009G141300,59.5357209,8,5.75E-10,6.65E-09,Potri.009G141300
Potri.008G067500,59.50217321,8,5.84E-10,6.75E-09,Potri.008G067500
Potri.006G186600,59.48113097,8,5.89E-10,6.81E-09,Potri.006G186600
Potri.001G094100,59.46285232,8,5.94E-10,6.87E-09,Potri.001G094100
Potri.008G127300,59.45204455,8,5.97E-10,6.90E-09,Potri.008G127300
Potri.010G200000,59.43539656,8,6.01E-10,6.95E-09,Potri.010G200000
Potri.007G145000,59.41243629,8,6.08E-10,7.02E-09,Potri.007G145000
Potri.006G184700,59.38068473,8,6.16E-10,7.12E-09,Potri.006G184700
Potri.015G106466,59.33987057,8,6.28E-10,7.25E-09,Potri.015G106466
Potri.014G164700,59.29384581,8,6.41E-10,7.39E-09,Potri.014G164700
Potri.011G066000,59.28716946,8,6.43E-10,7.41E-09,Potri.011G066000
Potri.007G000300,59.27227847,8,6.47E-10,7.46E-09,Potri.007G000300
Potri.006G131400,59.21735407,8,6.64E-10,7.64E-09,Potri.006G131400
Potri.006G004000,59.19854805,8,6.69E-10,7.71E-09,Potri.006G004000
Potri.015G098400,59.19190791,8,6.71E-10,7.73E-09,Potri.015G098400
Potri.008G083400,59.18034211,8,6.75E-10,7.76E-09,Potri.008G083400
Potri.003G146300,59.15167615,8,6.84E-10,7.86E-09,Potri.003G146300
Potri.016G048000,59.145549,8,6.85E-10,7.88E-09,Potri.016G048000
Potri.018G118800,59.13991766,8,6.87E-10,7.90E-09,Potri.018G118800
Potri.015G025800,59.12096547,8,6.93E-10,7.96E-09,Potri.015G025800
Potri.007G017100,59.10701401,8,6.97E-10,8.01E-09,Potri.007G017100
Potri.007G096100,59.08867475,8,7.03E-10,8.07E-09,Potri.007G096100
Potri.010G138300,59.08155044,8,7.06E-10,8.09E-09,Potri.010G138300
Potri.012G048700,58.94104134,8,7.52E-10,8.62E-09,Potri.012G048700
Potri.011G049500,58.91984078,8,7.59E-10,8.70E-09,Potri.011G049500
Potri.007G052700,58.83135685,8,7.90E-10,9.05E-09,Potri.007G052700
Potri.014G005000,58.7630052,8,8.15E-10,9.33E-09,Potri.014G005000
Potri.008G195800,58.74438229,8,8.21E-10,9.40E-09,Potri.008G195800
Potri.005G021700,58.74124729,8,8.23E-10,9.41E-09,Potri.005G021700
Potri.010G062700,58.72382881,8,8.29E-10,9.48E-09,Potri.010G062700
Potri.008G178000,58.71785097,8,8.31E-10,9.51E-09,Potri.008G178000
Potri.006G044600,58.68294411,8,8.44E-10,9.65E-09,Potri.006G044600
Potri.011G022300,58.65464511,8,8.55E-10,9.77E-09,Potri.011G022300
Potri.011G009600,58.63980136,8,8.61E-10,9.83E-09,Potri.011G009600
Potri.002G096900,58.6323267,8,8.64E-10,9.86E-09,Potri.002G096900
Potri.010G019600,58.62781594,8,8.66E-10,9.88E-09,Potri.010G019600
Potri.008G068100,58.62473924,8,8.67E-10,9.89E-09,Potri.008G068100
Potri.017G080300,58.5880146,8,8.81E-10,1.01E-08,Potri.017G080300
Potri.011G163700,58.56707194,8,8.90E-10,1.01E-08,Potri.011G163700
Potri.014G068400,58.55220166,8,8.96E-10,1.02E-08,Potri.014G068400
Potri.003G079800,58.49467849,8,9.19E-10,1.05E-08,Potri.003G079800
Potri.008G182200,58.47609398,8,9.27E-10,1.06E-08,Potri.008G182200
Potri.014G159500,58.47014455,8,9.29E-10,1.06E-08,Potri.014G159500
Potri.012G119800,58.44424236,8,9.40E-10,1.07E-08,Potri.012G119800
Potri.004G235400,58.41000429,8,9.55E-10,1.09E-08,Potri.004G235400
Potri.003G080700,58.38507238,8,9.66E-10,1.10E-08,Potri.003G080700
Potri.015G074400,58.38027492,8,9.68E-10,1.10E-08,Potri.015G074400
Potri.008G005000,58.36140029,8,9.76E-10,1.11E-08,Potri.008G005000
Potri.012G091500,58.35604875,8,9.78E-10,1.11E-08,Potri.012G091500
Potri.004G189900,58.32148802,8,9.94E-10,1.13E-08,Potri.004G189900
Potri.015G013400,58.3011686,8,1.00E-09,1.14E-08,Potri.015G013400
Potri.003G180500,58.27122429,8,1.02E-09,1.15E-08,Potri.003G180500
Potri.003G166900,58.25518731,8,1.02E-09,1.16E-08,Potri.003G166900
Potri.001G078900,58.24949775,8,1.03E-09,1.16E-08,Potri.001G078900
Potri.009G029300,58.23239455,8,1.03E-09,1.17E-08,Potri.009G029300
Potri.011G166700,58.19512159,8,1.05E-09,1.19E-08,Potri.011G166700
Potri.015G109300,58.19120383,8,1.05E-09,1.19E-08,Potri.015G109300
Potri.011G134900,58.18313815,8,1.06E-09,1.20E-08,Potri.011G134900
Potri.008G172400,58.14259292,8,1.08E-09,1.22E-08,Potri.008G172400
Potri.006G183000,58.08802691,8,1.10E-09,1.25E-08,Potri.006G183000
Potri.007G077100,58.07182192,8,1.11E-09,1.26E-08,Potri.007G077100
Potri.014G051800,58.04955494,8,1.12E-09,1.27E-08,Potri.014G051800
Potri.001G251700,58.02630863,8,1.14E-09,1.28E-08,Potri.001G251700
Potri.006G147800,57.9878425,8,1.15E-09,1.30E-08,Potri.006G147800
Potri.001G001700,57.97523624,8,1.16E-09,1.31E-08,Potri.001G001700
Potri.009G028100,57.9507081,8,1.17E-09,1.32E-08,Potri.009G028100
Potri.006G026700,57.94958388,8,1.17E-09,1.32E-08,Potri.006G026700
Potri.014G002900,57.94208546,8,1.18E-09,1.33E-08,Potri.014G002900
Potri.009G054000,57.92061862,8,1.19E-09,1.34E-08,Potri.009G054000
Potri.010G202200,57.91031763,8,1.20E-09,1.35E-08,Potri.010G202200
Potri.008G207000,57.87239842,8,1.22E-09,1.37E-08,Potri.008G207000
Potri.018G033000,57.86565035,8,1.22E-09,1.37E-08,Potri.018G033000
Potri.016G093500,57.85192874,8,1.23E-09,1.38E-08,Potri.016G093500
Potri.004G214000,57.83482373,8,1.24E-09,1.39E-08,Potri.004G214000
Potri.010G102300,57.82078621,8,1.25E-09,1.40E-08,Potri.010G102300
Potri.009G148600,57.80237676,8,1.26E-09,1.41E-08,Potri.009G148600
Potri.014G198000,57.79514274,8,1.26E-09,1.41E-08,Potri.014G198000
Potri.010G248900,57.776618,8,1.27E-09,1.43E-08,Potri.010G248900
Potri.009G134700,57.71562987,8,1.31E-09,1.46E-08,Potri.009G134700
Potri.001G471300,57.71430613,8,1.31E-09,1.46E-08,Potri.001G471300
Potri.004G122100,57.68689171,8,1.32E-09,1.48E-08,Potri.004G122100
Potri.003G078700,57.65647468,8,1.34E-09,1.50E-08,Potri.003G078700
Potri.012G134900,57.63239767,8,1.36E-09,1.52E-08,Potri.012G134900
Potri.005G202100,57.60381132,8,1.37E-09,1.54E-08,Potri.005G202100
Potri.011G145600,57.55052698,8,1.41E-09,1.57E-08,Potri.011G145600
Potri.014G143000,57.54036017,8,1.41E-09,1.58E-08,Potri.014G143000
Potri.013G068200,57.50819725,8,1.43E-09,1.60E-08,Potri.013G068200
Potri.018G007300,57.49410156,8,1.44E-09,1.61E-08,Potri.018G007300
Potri.006G276400,57.45071552,8,1.47E-09,1.64E-08,Potri.006G276400
Potri.006G141900,57.4309165,8,1.48E-09,1.66E-08,Potri.006G141900
Potri.008G098400,57.40931804,8,1.50E-09,1.67E-08,Potri.008G098400
Potri.015G065400,57.39536999,8,1.51E-09,1.68E-08,Potri.015G065400
Potri.014G094100,57.35708982,8,1.53E-09,1.71E-08,Potri.014G094100
Potri.001G135000,57.28365606,8,1.59E-09,1.77E-08,Potri.001G135000
Potri.017G121000,57.24579986,8,1.61E-09,1.80E-08,Potri.017G121000
Potri.010G095800,57.2323993,8,1.62E-09,1.81E-08,Potri.010G095800
Potri.001G094200,57.13110184,8,1.70E-09,1.89E-08,Potri.001G094200
Potri.006G134500,57.09718888,8,1.72E-09,1.92E-08,Potri.006G134500
Potri.004G162200,57.08954514,8,1.73E-09,1.93E-08,Potri.004G162200
Potri.016G069000,57.08272174,8,1.74E-09,1.93E-08,Potri.016G069000
Potri.011G129100,57.06531049,8,1.75E-09,1.94E-08,Potri.011G129100
Potri.005G129700,57.0518773,8,1.76E-09,1.96E-08,Potri.005G129700
Potri.003G183150,57.04933702,8,1.76E-09,1.96E-08,Potri.003G183150
Potri.002G077900,57.04861061,8,1.76E-09,1.96E-08,Potri.002G077900
Potri.004G197700,56.98550014,8,1.81E-09,2.01E-08,Potri.004G197700
Potri.018G074500,56.94394545,8,1.85E-09,2.05E-08,Potri.018G074500
Potri.016G120100,56.91221107,8,1.87E-09,2.08E-08,Potri.016G120100
Potri.016G018500,56.8816663,8,1.90E-09,2.11E-08,Potri.016G018500
Potri.009G102900,56.84492304,8,1.93E-09,2.14E-08,Potri.009G102900
Potri.002G190300,56.82487441,8,1.95E-09,2.16E-08,Potri.002G190300
Potri.003G030800,56.81380848,8,1.96E-09,2.17E-08,Potri.003G030800
Potri.010G235200,56.78828121,8,1.98E-09,2.19E-08,Potri.010G235200
Potri.007G124300,56.69118982,8,2.07E-09,2.29E-08,Potri.007G124300
Potri.013G027800,56.62874412,8,2.13E-09,2.35E-08,Potri.013G027800
Potri.016G059300,56.62823195,8,2.13E-09,2.35E-08,Potri.016G059300
Potri.005G066600,56.60916936,8,2.15E-09,2.37E-08,Potri.005G066600
Potri.008G116800,56.58331093,8,2.17E-09,2.40E-08,Potri.008G116800
Potri.004G218001,56.56483603,8,2.19E-09,2.42E-08,Potri.004G218001
Potri.005G250800,56.55360567,8,2.20E-09,2.43E-08,Potri.005G250800
Potri.001G387700,56.52826882,8,2.23E-09,2.46E-08,Potri.001G387700
Potri.017G081900,56.50518923,8,2.25E-09,2.48E-08,Potri.017G081900
Potri.001G002600,56.4559243,8,2.30E-09,2.54E-08,Potri.001G002600
Potri.008G112700,56.36934783,8,2.39E-09,2.64E-08,Potri.008G112700
Potri.002G119300,56.34429162,8,2.42E-09,2.66E-08,Potri.002G119300
Potri.015G039800,56.33013603,8,2.43E-09,2.68E-08,Potri.015G039800
Potri.009G046700,56.28417201,8,2.48E-09,2.73E-08,Potri.009G046700
Potri.009G101200,56.26918004,8,2.50E-09,2.75E-08,Potri.009G101200
Potri.015G083800,56.26014601,8,2.51E-09,2.76E-08,Potri.015G083800
Potri.004G097500,56.22390212,8,2.55E-09,2.81E-08,Potri.004G097500
Potri.019G029600,56.2023844,8,2.58E-09,2.83E-08,Potri.019G029600
Potri.008G043400,56.19216242,8,2.59E-09,2.84E-08,Potri.008G043400
Potri.009G138900,56.18451478,8,2.60E-09,2.85E-08,Potri.009G138900
Potri.010G213900,56.17248357,8,2.61E-09,2.87E-08,Potri.010G213900
Potri.007G063100,56.13098102,8,2.66E-09,2.92E-08,Potri.007G063100
Potri.003G155800,56.1138266,8,2.68E-09,2.94E-08,Potri.003G155800
Potri.010G250100,56.03442725,8,2.78E-09,3.05E-08,Potri.010G250100
Potri.014G189600,56.01421912,8,2.80E-09,3.07E-08,Potri.014G189600
Potri.008G211400,56.00480897,8,2.81E-09,3.09E-08,Potri.008G211400
Potri.015G118000,55.99859503,8,2.82E-09,3.09E-08,Potri.015G118000
Potri.001G152000,55.99826808,8,2.82E-09,3.09E-08,Potri.001G152000
Potri.003G072700,55.91214891,8,2.93E-09,3.21E-08,Potri.003G072700
Potri.001G032800,55.90181664,8,2.95E-09,3.23E-08,Potri.001G032800
Potri.017G017300,55.86939557,8,2.99E-09,3.27E-08,Potri.017G017300
Potri.014G113900,55.85497485,8,3.01E-09,3.29E-08,Potri.014G113900
Potri.001G148300,55.81193217,8,3.07E-09,3.36E-08,Potri.001G148300
Potri.001G309000,55.77909042,8,3.11E-09,3.40E-08,Potri.001G309000
Potri.013G093500,55.72364006,8,3.19E-09,3.49E-08,Potri.013G093500
Potri.005G099900,55.72154334,8,3.20E-09,3.49E-08,Potri.005G099900
Potri.004G099300,55.66345829,8,3.28E-09,3.58E-08,Potri.004G099300
Potri.013G048700,55.64747445,8,3.30E-09,3.60E-08,Potri.013G048700
Potri.004G091200,55.62694741,8,3.33E-09,3.64E-08,Potri.004G091200
Potri.003G071800,55.61133797,8,3.36E-09,3.66E-08,Potri.003G071800
Potri.010G231100,55.57717292,8,3.41E-09,3.72E-08,Potri.010G231100
Potri.009G085400,55.56869247,8,3.42E-09,3.73E-08,Potri.009G085400
Potri.009G077900,55.51275176,8,3.51E-09,3.82E-08,Potri.009G077900
Potri.012G058100,55.51078756,8,3.51E-09,3.82E-08,Potri.012G058100
Potri.005G070900,55.50830202,8,3.52E-09,3.83E-08,Potri.005G070900
Potri.005G024700,55.48620708,8,3.55E-09,3.86E-08,Potri.005G024700
Potri.012G106200,55.46677358,8,3.58E-09,3.90E-08,Potri.012G106200
Potri.009G064100,55.4583273,8,3.60E-09,3.91E-08,Potri.009G064100
Potri.003G131200,55.42188703,8,3.66E-09,3.97E-08,Potri.003G131200
Potri.005G002800,55.39834082,8,3.69E-09,4.01E-08,Potri.005G002800
Potri.010G244800,55.37893471,8,3.73E-09,4.05E-08,Potri.010G244800
Potri.001G081900,55.37025887,8,3.74E-09,4.06E-08,Potri.001G081900
Potri.002G235200,55.3249218,8,3.82E-09,4.14E-08,Potri.002G235200
Potri.001G140800,55.21282298,8,4.01E-09,4.35E-08,Potri.001G140800
Potri.019G128100,55.21156523,8,4.02E-09,4.35E-08,Potri.019G128100
Potri.019G045800,55.18353372,8,4.07E-09,4.41E-08,Potri.019G045800
Potri.001G189200,55.16739599,8,4.10E-09,4.44E-08,Potri.001G189200
Potri.003G162801,55.14257411,8,4.14E-09,4.48E-08,Potri.003G162801
Potri.008G187000,55.14115942,8,4.14E-09,4.49E-08,Potri.008G187000
Potri.015G035300,55.12868605,8,4.17E-09,4.51E-08,Potri.015G035300
Potri.014G164400,55.07140442,8,4.28E-09,4.62E-08,Potri.014G164400
Potri.002G150800,55.05048299,8,4.32E-09,4.67E-08,Potri.002G150800
Potri.001G188800,55.03040594,8,4.36E-09,4.71E-08,Potri.001G188800
Potri.001G332200,55.01895585,8,4.38E-09,4.73E-08,Potri.001G332200
Potri.018G062500,54.95720198,8,4.50E-09,4.86E-08,Potri.018G062500
Potri.008G029900,54.930053,8,4.56E-09,4.92E-08,Potri.008G029900
Potri.005G088700,54.9266296,8,4.56E-09,4.92E-08,Potri.005G088700
Potri.005G082800,54.86166462,8,4.70E-09,5.07E-08,Potri.005G082800
Potri.013G018800,54.83038642,8,4.76E-09,5.14E-08,Potri.013G018800
Potri.013G025200,54.79280262,8,4.84E-09,5.22E-08,Potri.013G025200
Potri.001G091700,54.73214335,8,4.98E-09,5.36E-08,Potri.001G091700
Potri.010G022000,54.72472812,8,4.99E-09,5.38E-08,Potri.010G022000
Potri.006G134300,54.62274848,8,5.23E-09,5.63E-08,Potri.006G134300
Potri.008G024000,54.60421926,8,5.27E-09,5.67E-08,Potri.008G024000
Potri.016G034950,54.59820721,8,5.28E-09,5.68E-08,Potri.016G034950
Potri.001G150600,54.56316452,8,5.37E-09,5.77E-08,Potri.001G150600
Potri.004G160800,54.54690955,8,5.41E-09,5.81E-08,Potri.004G160800
Potri.010G099200,54.53282098,8,5.44E-09,5.85E-08,Potri.010G099200
Potri.010G124301,54.4427469,8,5.66E-09,6.08E-08,Potri.010G124301
Potri.006G277700,54.43575619,8,5.68E-09,6.10E-08,Potri.006G277700
Potri.018G140900,54.42293122,8,5.71E-09,6.13E-08,Potri.018G140900
Potri.006G077000,54.40012216,8,5.77E-09,6.19E-08,Potri.006G077000
Potri.010G089700,54.3296917,8,5.96E-09,6.39E-08,Potri.010G089700
Potri.010G097100,54.32115788,8,5.98E-09,6.41E-08,Potri.010G097100
Potri.013G036100,54.32044424,8,5.98E-09,6.41E-08,Potri.013G036100
Potri.004G236600,54.31024581,8,6.01E-09,6.44E-08,Potri.004G236600
Potri.010G242900,54.28245512,8,6.09E-09,6.52E-08,Potri.010G242900
Potri.010G010851,54.2448616,8,6.19E-09,6.62E-08,Potri.010G010851
Potri.013G046500,54.22699525,8,6.24E-09,6.67E-08,Potri.013G046500
Potri.007G076500,54.19486632,8,6.33E-09,6.77E-08,Potri.007G076500
Potri.005G099200,54.1826983,8,6.36E-09,6.80E-08,Potri.005G099200
Potri.014G081100,54.17626446,8,6.38E-09,6.82E-08,Potri.014G081100
Potri.002G127300,54.16300957,8,6.42E-09,6.86E-08,Potri.002G127300
Potri.010G235801,54.11033616,8,6.57E-09,7.02E-08,Potri.010G235801
Potri.010G111600,54.07335506,8,6.68E-09,7.13E-08,Potri.010G111600
Potri.016G053900,54.05896429,8,6.72E-09,7.18E-08,Potri.016G053900
Potri.001G257000,54.00716428,8,6.88E-09,7.34E-08,Potri.001G257000
Potri.019G042600,53.88652987,8,7.26E-09,7.74E-08,Potri.019G042600
Potri.015G091700,53.88542415,8,7.27E-09,7.75E-08,Potri.015G091700
Potri.009G104300,53.84941011,8,7.38E-09,7.87E-08,Potri.009G104300
Potri.009G024600,53.77805692,8,7.62E-09,8.12E-08,Potri.009G024600
Potri.008G133400,53.7750933,8,7.63E-09,8.13E-08,Potri.008G133400
Potri.008G050800,53.77477001,8,7.63E-09,8.13E-08,Potri.008G050800
Potri.019G130000,53.76466882,8,7.67E-09,8.16E-08,Potri.019G130000
Potri.006G191250,53.76308064,8,7.67E-09,8.16E-08,Potri.006G191250
Potri.016G082300,53.76229216,8,7.68E-09,8.16E-08,Potri.016G082300
Potri.017G072800,53.75622774,8,7.70E-09,8.18E-08,Potri.017G072800
Potri.001G275400,53.74652216,8,7.73E-09,8.21E-08,Potri.001G275400
Potri.013G023600,53.73260628,8,7.78E-09,8.26E-08,Potri.013G023600
Potri.019G057800,53.72253563,8,7.81E-09,8.30E-08,Potri.019G057800
Potri.009G093100,53.71678202,8,7.83E-09,8.31E-08,Potri.009G093100
Potri.011G033000,53.71289631,8,7.85E-09,8.33E-08,Potri.011G033000
Potri.010G172300,53.67316318,8,7.99E-09,8.47E-08,Potri.010G172300
Potri.003G141200,53.63127002,8,8.14E-09,8.63E-08,Potri.003G141200
Potri.001G237800,53.61247596,8,8.21E-09,8.70E-08,Potri.001G237800
Potri.016G142700,53.57095903,8,8.36E-09,8.86E-08,Potri.016G142700
Potri.009G051800,53.56396904,8,8.39E-09,8.88E-08,Potri.009G051800
Potri.007G078400,53.55523897,8,8.42E-09,8.91E-08,Potri.007G078400
Potri.018G007400,53.55219248,8,8.43E-09,8.92E-08,Potri.018G007400
Potri.018G074400,53.53159838,8,8.51E-09,9.00E-08,Potri.018G074400
Potri.001G032566,53.45600002,8,8.80E-09,9.30E-08,Potri.001G032566
Potri.018G030300,53.44654714,8,8.84E-09,9.34E-08,Potri.018G030300
Potri.013G005200,53.38183815,8,9.10E-09,9.61E-08,Potri.013G005200
Potri.012G002100,53.37202898,8,9.14E-09,9.65E-08,Potri.012G002100
Potri.001G113600,53.26053976,8,9.60E-09,1.01E-07,Potri.001G113600
Potri.010G114200,53.25286238,8,9.64E-09,1.02E-07,Potri.010G114200
Potri.017G142600,53.24659737,8,9.66E-09,1.02E-07,Potri.017G142600
Potri.006G027100,53.23493701,8,9.71E-09,1.02E-07,Potri.006G027100
Potri.012G022700,53.2320109,8,9.73E-09,1.02E-07,Potri.012G022700
Potri.006G251600,53.23196538,8,9.73E-09,1.02E-07,Potri.006G251600
Potri.004G173300,53.21765066,8,9.79E-09,1.03E-07,Potri.004G173300
Potri.006G039400,53.20343862,8,9.85E-09,1.04E-07,Potri.006G039400
Potri.008G071300,53.14036601,8,1.01E-08,1.07E-07,Potri.008G071300
Potri.005G135500,53.12888692,8,1.02E-08,1.07E-07,Potri.005G135500
Potri.001G450100,53.09778314,8,1.03E-08,1.09E-07,Potri.001G450100
Potri.005G072500,53.04934495,8,1.06E-08,1.11E-07,Potri.005G072500
Potri.002G105800,53.04737119,8,1.06E-08,1.11E-07,Potri.002G105800
Potri.002G005600,53.04126241,8,1.06E-08,1.11E-07,Potri.002G005600
Potri.010G229200,53.03196636,8,1.06E-08,1.12E-07,Potri.010G229200
Potri.T127206,53.02922543,8,1.06E-08,1.12E-07,Potri.T127206
Potri.013G004801,53.02591226,8,1.07E-08,1.12E-07,Potri.013G004801
Potri.014G066800,53.01753486,8,1.07E-08,1.12E-07,Potri.014G066800
Potri.001G440300,52.90263977,8,1.13E-08,1.18E-07,Potri.001G440300
Potri.013G099800,52.88212353,8,1.14E-08,1.19E-07,Potri.013G099800
Potri.001G222200,52.86995329,8,1.14E-08,1.20E-07,Potri.001G222200
Potri.002G209795,52.85362408,8,1.15E-08,1.21E-07,Potri.002G209795
Potri.004G202500,52.82420341,8,1.17E-08,1.22E-07,Potri.004G202500
Potri.001G047700,52.80843104,8,1.17E-08,1.23E-07,Potri.001G047700
Potri.002G028700,52.78252351,8,1.19E-08,1.24E-07,Potri.002G028700
Potri.001G335600,52.77771768,8,1.19E-08,1.25E-07,Potri.001G335600
Potri.010G241700,52.77712997,8,1.19E-08,1.25E-07,Potri.010G241700
Potri.005G229100,52.77016866,8,1.19E-08,1.25E-07,Potri.005G229100
Potri.002G121500,52.74352239,8,1.21E-08,1.26E-07,Potri.002G121500
Potri.011G093200,52.72406952,8,1.22E-08,1.27E-07,Potri.011G093200
Potri.003G142301,52.70904466,8,1.23E-08,1.28E-07,Potri.003G142301
Potri.002G058700,52.63405384,8,1.27E-08,1.32E-07,Potri.002G058700
Potri.013G125800,52.63113901,8,1.27E-08,1.33E-07,Potri.013G125800
Potri.003G161700,52.6287112,8,1.27E-08,1.33E-07,Potri.003G161700
Potri.004G102100,52.59389508,8,1.29E-08,1.35E-07,Potri.004G102100
Potri.001G342600,52.55057734,8,1.32E-08,1.37E-07,Potri.001G342600
Potri.014G067800,52.54684726,8,1.32E-08,1.37E-07,Potri.014G067800
Potri.010G154100,52.54573247,8,1.32E-08,1.37E-07,Potri.010G154100
Potri.009G065300,52.53797258,8,1.32E-08,1.38E-07,Potri.009G065300
Potri.006G025600,52.52115616,8,1.33E-08,1.39E-07,Potri.006G025600
Potri.002G247700,52.50536827,8,1.34E-08,1.40E-07,Potri.002G247700
Potri.017G077000,52.47342227,8,1.36E-08,1.42E-07,Potri.017G077000
Potri.009G081200,52.46719125,8,1.37E-08,1.42E-07,Potri.009G081200
Potri.012G047000,52.4507489,8,1.38E-08,1.43E-07,Potri.012G047000
Potri.018G036900,52.35690521,8,1.44E-08,1.49E-07,Potri.018G036900
Potri.008G135700,52.35585056,8,1.44E-08,1.49E-07,Potri.008G135700
Potri.017G124500,52.35242089,8,1.44E-08,1.49E-07,Potri.017G124500
Potri.013G047600,52.34035858,8,1.45E-08,1.50E-07,Potri.013G047600
Potri.012G044600,52.27741368,8,1.49E-08,1.54E-07,Potri.012G044600
Potri.015G143700,52.2636624,8,1.50E-08,1.55E-07,Potri.015G143700
Potri.011G136000,52.26218653,8,1.50E-08,1.55E-07,Potri.011G136000
Potri.002G201200,52.261425,8,1.50E-08,1.55E-07,Potri.002G201200
Potri.001G183500,52.2079126,8,1.53E-08,1.59E-07,Potri.001G183500
Potri.010G120500,52.20409409,8,1.54E-08,1.59E-07,Potri.010G120500
Potri.017G054000,52.18602543,8,1.55E-08,1.60E-07,Potri.017G054000
Potri.007G011300,52.17616629,8,1.56E-08,1.61E-07,Potri.007G011300
Potri.015G074200,52.13938675,8,1.58E-08,1.64E-07,Potri.015G074200
Potri.009G099600,52.06836361,8,1.63E-08,1.69E-07,Potri.009G099600
Potri.010G209701,52.06510778,8,1.64E-08,1.69E-07,Potri.010G209701
Potri.016G043300,52.03442864,8,1.66E-08,1.71E-07,Potri.016G043300
Potri.014G111700,51.999215,8,1.68E-08,1.74E-07,Potri.014G111700
Potri.002G052000,51.89217476,8,1.77E-08,1.82E-07,Potri.002G052000
Potri.005G211200,51.86596173,8,1.79E-08,1.84E-07,Potri.005G211200
Potri.019G131500,51.85355752,8,1.80E-08,1.85E-07,Potri.019G131500
Potri.011G074201,51.83370747,8,1.81E-08,1.87E-07,Potri.011G074201
Potri.011G055600,51.83101168,8,1.81E-08,1.87E-07,Potri.011G055600
Potri.014G125600,51.82319727,8,1.82E-08,1.88E-07,Potri.014G125600
Potri.017G130300,51.81177188,8,1.83E-08,1.88E-07,Potri.017G130300
Potri.005G045500,51.79475871,8,1.84E-08,1.90E-07,Potri.005G045500
Potri.009G119500,51.77613762,8,1.86E-08,1.91E-07,Potri.009G119500
Potri.010G090100,51.74772851,8,1.88E-08,1.94E-07,Potri.010G090100
Potri.012G092400,51.74512733,8,1.88E-08,1.94E-07,Potri.012G092400
Potri.019G035600,51.72825287,8,1.90E-08,1.95E-07,Potri.019G035600
Potri.012G052700,51.71196342,8,1.91E-08,1.97E-07,Potri.012G052700
Potri.004G236500,51.69965628,8,1.92E-08,1.98E-07,Potri.004G236500
Potri.008G006100,51.66098032,8,1.96E-08,2.01E-07,Potri.008G006100
Potri.014G072600,51.65457309,8,1.96E-08,2.01E-07,Potri.014G072600
Potri.008G140700,51.64797122,8,1.97E-08,2.02E-07,Potri.008G140700
Potri.014G111400,51.62352457,8,1.99E-08,2.04E-07,Potri.014G111400
Potri.004G061100,51.61324646,8,2.00E-08,2.05E-07,Potri.004G061100
Potri.018G150200,51.57916649,8,2.03E-08,2.08E-07,Potri.018G150200
Potri.001G165600,51.52217506,8,2.08E-08,2.13E-07,Potri.001G165600
Potri.004G150300,51.49912174,8,2.10E-08,2.15E-07,Potri.004G150300
Potri.005G076200,51.46906154,8,2.13E-08,2.18E-07,Potri.005G076200
Potri.008G045700,51.46099948,8,2.14E-08,2.19E-07,Potri.008G045700
Potri.014G026100,51.38634251,8,2.21E-08,2.26E-07,Potri.014G026100
Potri.004G072400,51.37083646,8,2.23E-08,2.28E-07,Potri.004G072400
Potri.001G216000,51.31667067,8,2.28E-08,2.33E-07,Potri.001G216000
Potri.017G015800,51.28987921,8,2.31E-08,2.36E-07,Potri.017G015800
Potri.006G255200,51.26022979,8,2.34E-08,2.39E-07,Potri.006G255200
Potri.002G205400,51.24672821,8,2.35E-08,2.40E-07,Potri.002G205400
Potri.014G128800,51.22777985,8,2.37E-08,2.42E-07,Potri.014G128800
Potri.008G068500,51.12592869,8,2.48E-08,2.53E-07,Potri.008G068500
Potri.008G073500,51.09343322,8,2.52E-08,2.57E-07,Potri.008G073500
Potri.017G058300,51.02748195,8,2.59E-08,2.64E-07,Potri.017G058300
Potri.001G309500,51.00061041,8,2.62E-08,2.67E-07,Potri.001G309500
Potri.006G183200,50.98937479,8,2.64E-08,2.69E-07,Potri.006G183200
Potri.014G072800,50.95768043,8,2.67E-08,2.72E-07,Potri.014G072800
Potri.013G154900,50.88588193,8,2.76E-08,2.81E-07,Potri.013G154900
Potri.005G198300,50.86458797,8,2.79E-08,2.84E-07,Potri.005G198300
Potri.010G097900,50.8587727,8,2.79E-08,2.84E-07,Potri.010G097900
Potri.017G043200,50.84486954,8,2.81E-08,2.86E-07,Potri.017G043200
Potri.005G208200,50.81529282,8,2.85E-08,2.90E-07,Potri.005G208200
Potri.001G185300,50.81418692,8,2.85E-08,2.90E-07,Potri.001G185300
Potri.014G110500,50.78736773,8,2.88E-08,2.93E-07,Potri.014G110500
Potri.006G110500,50.75939558,8,2.92E-08,2.97E-07,Potri.006G110500
Potri.006G225600,50.72781229,8,2.96E-08,3.01E-07,Potri.006G225600
Potri.004G010100,50.70598773,8,2.99E-08,3.03E-07,Potri.004G010100
Potri.015G096100,50.66491711,8,3.04E-08,3.09E-07,Potri.015G096100
Potri.001G269600,50.60256825,8,3.13E-08,3.17E-07,Potri.001G269600
Potri.004G013500,50.59751956,8,3.14E-08,3.18E-07,Potri.004G013500
Potri.001G034400,50.58661706,8,3.15E-08,3.20E-07,Potri.001G034400
Potri.010G180400,50.51283014,8,3.26E-08,3.30E-07,Potri.010G180400
Potri.002G161500,50.42016612,8,3.39E-08,3.44E-07,Potri.002G161500
Potri.002G263800,50.4130976,8,3.40E-08,3.45E-07,Potri.002G263800
Potri.017G049000,50.38217733,8,3.45E-08,3.49E-07,Potri.017G049000
Potri.018G057600,50.35834144,8,3.49E-08,3.53E-07,Potri.018G057600
Potri.009G100900,50.34178261,8,3.51E-08,3.55E-07,Potri.009G100900
Potri.005G026000,50.32339993,8,3.54E-08,3.58E-07,Potri.005G026000
Potri.004G054200,50.31060933,8,3.56E-08,3.60E-07,Potri.004G054200
Potri.006G048800,50.30305771,8,3.57E-08,3.61E-07,Potri.006G048800
Potri.014G160800,50.30202425,8,3.58E-08,3.61E-07,Potri.014G160800
Potri.008G132300,50.27201478,8,3.62E-08,3.66E-07,Potri.008G132300
Potri.012G070801,50.25432069,8,3.65E-08,3.69E-07,Potri.012G070801
Potri.005G144100,50.25234358,8,3.65E-08,3.69E-07,Potri.005G144100
Potri.002G192500,50.24966207,8,3.66E-08,3.69E-07,Potri.002G192500
Potri.010G063300,50.24680684,8,3.66E-08,3.69E-07,Potri.010G063300
Potri.001G193700,50.20200962,8,3.74E-08,3.77E-07,Potri.001G193700
Potri.005G226300,50.18739828,8,3.76E-08,3.79E-07,Potri.005G226300
Potri.013G058700,50.18676436,8,3.76E-08,3.79E-07,Potri.013G058700
Potri.001G393700,50.16171532,8,3.80E-08,3.83E-07,Potri.001G393700
Potri.002G097800,50.15869138,8,3.81E-08,3.83E-07,Potri.002G097800
Potri.005G031948,50.13943704,8,3.84E-08,3.87E-07,Potri.005G031948
Potri.010G129532,50.09848964,8,3.91E-08,3.94E-07,Potri.010G129532
Potri.002G228800,50.08016465,8,3.94E-08,3.97E-07,Potri.002G228800
Potri.001G343800,50.074537,8,3.95E-08,3.97E-07,Potri.001G343800
Potri.003G050600,50.04284097,8,4.01E-08,4.03E-07,Potri.003G050600
Potri.003G060900,50.03093636,8,4.03E-08,4.05E-07,Potri.003G060900
Potri.015G147700,49.99393169,8,4.10E-08,4.11E-07,Potri.015G147700
Potri.011G155800,49.98256674,8,4.12E-08,4.13E-07,Potri.011G155800
Potri.005G075000,49.98138849,8,4.12E-08,4.13E-07,Potri.005G075000
Potri.015G130000,49.95607021,8,4.17E-08,4.18E-07,Potri.015G130000
Potri.004G014450,49.9493151,8,4.18E-08,4.19E-07,Potri.004G014450
Potri.010G226801,49.92571733,8,4.22E-08,4.23E-07,Potri.010G226801
Potri.010G003800,49.86718802,8,4.33E-08,4.34E-07,Potri.010G003800
Potri.018G060300,49.84080909,8,4.38E-08,4.39E-07,Potri.018G060300
Potri.011G015500,49.8385373,8,4.39E-08,4.39E-07,Potri.011G015500
Potri.002G138400,49.83182296,8,4.40E-08,4.41E-07,Potri.002G138400
Potri.001G118000,49.83078045,8,4.40E-08,4.41E-07,Potri.001G118000
Potri.018G086000,49.82368962,8,4.42E-08,4.42E-07,Potri.018G086000
Potri.013G116400,49.79617186,8,4.47E-08,4.47E-07,Potri.013G116400
Potri.003G043700,49.71233157,8,4.64E-08,4.64E-07,Potri.003G043700
Potri.019G112300,49.70555431,8,4.66E-08,4.65E-07,Potri.019G112300
Potri.017G012800,49.704426,8,4.66E-08,4.65E-07,Potri.017G012800
Potri.014G037600,49.68330776,8,4.70E-08,4.69E-07,Potri.014G037600
Potri.009G037400,49.68274907,8,4.70E-08,4.69E-07,Potri.009G037400
Potri.003G085000,49.67604979,8,4.72E-08,4.71E-07,Potri.003G085000
Potri.009G150500,49.65905635,8,4.75E-08,4.74E-07,Potri.009G150500
Potri.006G214100,49.65550191,8,4.76E-08,4.74E-07,Potri.006G214100
Potri.001G286000,49.64161887,8,4.79E-08,4.77E-07,Potri.001G286000
Potri.006G105100,49.63529441,8,4.80E-08,4.78E-07,Potri.006G105100
Potri.008G035300,49.62761318,8,4.82E-08,4.80E-07,Potri.008G035300
Potri.T125108,49.5969123,8,4.88E-08,4.86E-07,Potri.T125108
Potri.003G107100,49.59112214,8,4.90E-08,4.87E-07,Potri.003G107100
Potri.010G010480,49.56579687,8,4.95E-08,4.93E-07,Potri.010G010480
Potri.001G449000,49.52614619,8,5.04E-08,5.01E-07,Potri.001G449000
Potri.005G014100,49.5221728,8,5.05E-08,5.02E-07,Potri.005G014100
Potri.002G055500,49.50758537,8,5.08E-08,5.05E-07,Potri.002G055500
Potri.017G129400,49.49403391,8,5.11E-08,5.08E-07,Potri.017G129400
Potri.011G131400,49.49250872,8,5.11E-08,5.08E-07,Potri.011G131400
Potri.005G226900,49.45732742,8,5.20E-08,5.16E-07,Potri.005G226900
Potri.001G112600,49.44896237,8,5.21E-08,5.17E-07,Potri.001G112600
Potri.011G087200,49.43401189,8,5.25E-08,5.21E-07,Potri.011G087200
Potri.004G163300,49.41485883,8,5.29E-08,5.25E-07,Potri.004G163300
Potri.001G292300,49.31787868,8,5.53E-08,5.48E-07,Potri.001G292300
Potri.002G052400,49.31229665,8,5.54E-08,5.49E-07,Potri.002G052400
Potri.010G242600,49.30997767,8,5.54E-08,5.49E-07,Potri.010G242600
Potri.011G161400,49.30457476,8,5.56E-08,5.50E-07,Potri.011G161400
Potri.003G018800,49.28251873,8,5.61E-08,5.56E-07,Potri.003G018800
Potri.003G167600,49.27512648,8,5.63E-08,5.57E-07,Potri.003G167600
Potri.001G143500,49.24709267,8,5.70E-08,5.64E-07,Potri.001G143500
Potri.006G115100,49.22275557,8,5.76E-08,5.70E-07,Potri.006G115100
Potri.005G030000,49.20986706,8,5.80E-08,5.73E-07,Potri.005G030000
Potri.005G146600,49.20720186,8,5.80E-08,5.73E-07,Potri.005G146600
Potri.005G135900,49.20506995,8,5.81E-08,5.74E-07,Potri.005G135900
Potri.001G020600,49.15969207,8,5.93E-08,5.85E-07,Potri.001G020600
Potri.008G118100,49.15563459,8,5.94E-08,5.86E-07,Potri.008G118100
Potri.005G074700,49.14933504,8,5.95E-08,5.87E-07,Potri.005G074700
Potri.011G164100,49.14066068,8,5.98E-08,5.89E-07,Potri.011G164100
Potri.014G077900,49.10297039,8,6.08E-08,5.99E-07,Potri.014G077900
Potri.010G245100,49.06840048,8,6.17E-08,6.08E-07,Potri.010G245100
Potri.017G013500,49.06363057,8,6.18E-08,6.09E-07,Potri.017G013500
Potri.002G237600,49.02045506,8,6.30E-08,6.21E-07,Potri.002G237600
Potri.018G039100,49.01422893,8,6.32E-08,6.22E-07,Potri.018G039100
Potri.016G093100,48.99733459,8,6.37E-08,6.27E-07,Potri.016G093100
Potri.019G038310,48.99473938,8,6.37E-08,6.27E-07,Potri.019G038310
Potri.014G176400,48.95912783,8,6.47E-08,6.37E-07,Potri.014G176400
Potri.005G209400,48.95762171,8,6.48E-08,6.37E-07,Potri.005G209400
Potri.013G133800,48.94719397,8,6.51E-08,6.40E-07,Potri.013G133800
Potri.001G460100,48.94688544,8,6.51E-08,6.40E-07,Potri.001G460100
Potri.008G028600,48.94204721,8,6.52E-08,6.41E-07,Potri.008G028600
Potri.016G065600,48.89654063,8,6.65E-08,6.54E-07,Potri.016G065600
Potri.001G361200,48.85844511,8,6.77E-08,6.64E-07,Potri.001G361200
Potri.007G005300,48.84680983,8,6.80E-08,6.68E-07,Potri.007G005300
Potri.016G012601,48.83358129,8,6.84E-08,6.71E-07,Potri.016G012601
Potri.018G092900,48.80394272,8,6.93E-08,6.80E-07,Potri.018G092900
Potri.014G040700,48.79603167,8,6.96E-08,6.82E-07,Potri.014G040700
Potri.004G131800,48.76764595,8,7.04E-08,6.90E-07,Potri.004G131800
Potri.015G098800,48.76385461,8,7.06E-08,6.91E-07,Potri.015G098800
Potri.009G009200,48.6739346,8,7.34E-08,7.19E-07,Potri.009G009200
Potri.006G128700,48.66855321,8,7.36E-08,7.20E-07,Potri.006G128700
Potri.003G096300,48.66831038,8,7.36E-08,7.20E-07,Potri.003G096300
Potri.004G050800,48.63625533,8,7.46E-08,7.30E-07,Potri.004G050800
Potri.016G056400,48.62954702,8,7.49E-08,7.32E-07,Potri.016G056400
Potri.017G066000,48.62213927,8,7.51E-08,7.34E-07,Potri.017G066000
Potri.002G082500,48.61216565,8,7.54E-08,7.37E-07,Potri.002G082500
Potri.005G059700,48.56889642,8,7.69E-08,7.51E-07,Potri.005G059700
Potri.014G099400,48.52517252,8,7.84E-08,7.66E-07,Potri.014G099400
Potri.013G095400,48.51473189,8,7.88E-08,7.69E-07,Potri.013G095400
Potri.019G039700,48.50917296,8,7.89E-08,7.70E-07,Potri.019G039700
Potri.014G130000,48.50247945,8,7.92E-08,7.72E-07,Potri.014G130000
Potri.019G058200,48.44629213,8,8.12E-08,7.92E-07,Potri.019G058200
Potri.002G151100,48.39742601,8,8.29E-08,8.08E-07,Potri.002G151100
Potri.003G160600,48.3959505,8,8.30E-08,8.09E-07,Potri.003G160600
Potri.001G248400,48.3639993,8,8.42E-08,8.20E-07,Potri.001G248400
Potri.015G018200,48.34637908,8,8.48E-08,8.26E-07,Potri.015G018200
Potri.006G279000,48.34343341,8,8.49E-08,8.27E-07,Potri.006G279000
Potri.006G045100,48.3132448,8,8.61E-08,8.38E-07,Potri.006G045100
Potri.010G066200,48.29683605,8,8.67E-08,8.43E-07,Potri.010G066200
Potri.006G052400,48.2362047,8,8.90E-08,8.66E-07,Potri.006G052400
Potri.004G063300,48.23472519,8,8.91E-08,8.66E-07,Potri.004G063300
Potri.011G164900,48.22071317,8,8.96E-08,8.71E-07,Potri.011G164900
Potri.010G226500,48.19679246,8,9.06E-08,8.80E-07,Potri.010G226500
Potri.001G034600,48.19520393,8,9.07E-08,8.80E-07,Potri.001G034600
Potri.002G012000,48.19413113,8,9.07E-08,8.81E-07,Potri.002G012000
Potri.008G190000,48.1899306,8,9.09E-08,8.82E-07,Potri.008G190000
Potri.014G191100,48.14462227,8,9.27E-08,8.99E-07,Potri.014G191100
Potri.001G245200,48.13923842,8,9.29E-08,9.01E-07,Potri.001G245200
Potri.001G464400,48.13437463,8,9.31E-08,9.03E-07,Potri.001G464400
Potri.016G126400,48.07909497,8,9.54E-08,9.25E-07,Potri.016G126400
Potri.011G109300,48.0641145,8,9.60E-08,9.31E-07,Potri.011G109300
Potri.019G092800,48.049724,8,9.67E-08,9.36E-07,Potri.019G092800
Potri.012G089900,48.0331075,8,9.74E-08,9.43E-07,Potri.012G089900
Potri.004G150200,48.02441432,8,9.77E-08,9.46E-07,Potri.004G150200
Potri.008G152500,48.02070453,8,9.79E-08,9.47E-07,Potri.008G152500
Potri.005G250100,47.96625655,8,1.00E-07,9.70E-07,Potri.005G250100
Potri.016G008400,47.95496136,8,1.01E-07,9.74E-07,Potri.016G008400
Potri.008G078200,47.87771679,8,1.04E-07,1.01E-06,Potri.008G078200
Potri.013G062800,47.8177797,8,1.07E-07,1.03E-06,Potri.013G062800
Potri.006G138000,47.7781173,8,1.09E-07,1.05E-06,Potri.006G138000
Potri.011G137200,47.77083743,8,1.09E-07,1.06E-06,Potri.011G137200
Potri.001G319800,47.76178154,8,1.10E-07,1.06E-06,Potri.001G319800
Potri.003G097600,47.69432222,8,1.13E-07,1.09E-06,Potri.003G097600
Potri.001G062000,47.65826669,8,1.15E-07,1.11E-06,Potri.001G062000
Potri.006G104600,47.65267307,8,1.15E-07,1.11E-06,Potri.006G104600
Potri.008G126100,47.63521562,8,1.16E-07,1.12E-06,Potri.008G126100
Potri.010G040800,47.59559197,8,1.18E-07,1.14E-06,Potri.010G040800
Potri.004G019366,47.59323489,8,1.18E-07,1.14E-06,Potri.004G019366
Potri.008G195200,47.53826243,8,1.21E-07,1.17E-06,Potri.008G195200
Potri.007G027300,47.49083341,8,1.24E-07,1.19E-06,Potri.007G027300
Potri.004G172900,47.46816724,8,1.25E-07,1.20E-06,Potri.004G172900
Potri.005G094400,47.46701908,8,1.25E-07,1.20E-06,Potri.005G094400
Potri.014G100100,47.45336692,8,1.26E-07,1.21E-06,Potri.014G100100
Potri.006G229400,47.42034484,8,1.27E-07,1.23E-06,Potri.006G229400
Potri.015G072501,47.38209058,8,1.30E-07,1.25E-06,Potri.015G072501
Potri.019G119500,47.37108926,8,1.30E-07,1.25E-06,Potri.019G119500
Potri.005G108200,47.35940012,8,1.31E-07,1.26E-06,Potri.005G108200
Potri.010G041100,47.35542834,8,1.31E-07,1.26E-06,Potri.010G041100
Potri.014G043600,47.35228148,8,1.31E-07,1.26E-06,Potri.014G043600
Potri.017G100300,47.34644959,8,1.32E-07,1.26E-06,Potri.017G100300
Potri.002G080700,47.33096292,8,1.33E-07,1.27E-06,Potri.002G080700
Potri.001G185900,47.28607851,8,1.35E-07,1.30E-06,Potri.001G185900
Potri.006G075900,47.23957388,8,1.38E-07,1.32E-06,Potri.006G075900
Potri.003G150800,47.22401446,8,1.39E-07,1.33E-06,Potri.003G150800
Potri.006G242100,47.19689186,8,1.41E-07,1.35E-06,Potri.006G242100
Potri.009G049400,47.13298739,8,1.45E-07,1.38E-06,Potri.009G049400
Potri.011G138400,47.12576074,8,1.45E-07,1.39E-06,Potri.011G138400
Potri.005G157800,47.09607224,8,1.47E-07,1.41E-06,Potri.005G157800
Potri.010G068300,47.07196723,8,1.49E-07,1.42E-06,Potri.010G068300
Potri.014G170300,47.07126827,8,1.49E-07,1.42E-06,Potri.014G170300
Potri.004G160400,47.06805287,8,1.49E-07,1.42E-06,Potri.004G160400
Potri.011G049300,47.06420048,8,1.49E-07,1.42E-06,Potri.011G049300
Potri.015G099400,47.01419669,8,1.52E-07,1.46E-06,Potri.015G099400
Potri.006G013200,47.01339439,8,1.52E-07,1.46E-06,Potri.006G013200
Potri.004G085500,47.00060492,8,1.53E-07,1.46E-06,Potri.004G085500
Potri.011G147700,46.99408082,8,1.54E-07,1.47E-06,Potri.011G147700
Potri.005G081700,46.98882114,8,1.54E-07,1.47E-06,Potri.005G081700
Potri.019G103800,46.9872276,8,1.54E-07,1.47E-06,Potri.019G103800
Potri.010G004000,46.97430424,8,1.55E-07,1.48E-06,Potri.010G004000
Potri.001G334900,46.97221855,8,1.55E-07,1.48E-06,Potri.001G334900
Potri.004G052900,46.9663259,8,1.56E-07,1.48E-06,Potri.004G052900
Potri.019G085500,46.95990985,8,1.56E-07,1.49E-06,Potri.019G085500
Potri.007G109400,46.94937805,8,1.57E-07,1.49E-06,Potri.007G109400
Potri.006G051500,46.92418636,8,1.59E-07,1.51E-06,Potri.006G051500
Potri.007G040900,46.918615,8,1.59E-07,1.51E-06,Potri.007G040900
Potri.010G219200,46.91464009,8,1.59E-07,1.51E-06,Potri.010G219200
Potri.T011400,46.86402621,8,1.63E-07,1.55E-06,Potri.T011400
Potri.001G245500,46.86353002,8,1.63E-07,1.55E-06,Potri.001G245500
Potri.003G077500,46.84936959,8,1.64E-07,1.56E-06,Potri.003G077500
Potri.014G115600,46.79621333,8,1.68E-07,1.59E-06,Potri.014G115600
Potri.001G447300,46.78700516,8,1.68E-07,1.60E-06,Potri.001G447300
Potri.006G147600,46.71278508,8,1.74E-07,1.65E-06,Potri.006G147600
Potri.012G055700,46.65900047,8,1.78E-07,1.69E-06,Potri.012G055700
Potri.009G040900,46.65414164,8,1.78E-07,1.69E-06,Potri.009G040900
Potri.002G233600,46.64205594,8,1.79E-07,1.70E-06,Potri.002G233600
Potri.016G041900,46.63233562,8,1.80E-07,1.71E-06,Potri.016G041900
Potri.007G090300,46.62634155,8,1.81E-07,1.71E-06,Potri.007G090300
Potri.015G135800,46.60580165,8,1.82E-07,1.73E-06,Potri.015G135800
Potri.005G000800,46.58177524,8,1.84E-07,1.74E-06,Potri.005G000800
Potri.008G165500,46.58157726,8,1.84E-07,1.74E-06,Potri.008G165500
Potri.002G247900,46.57091485,8,1.85E-07,1.75E-06,Potri.002G247900
Potri.014G175350,46.55953397,8,1.86E-07,1.76E-06,Potri.014G175350
Potri.014G088600,46.54160597,8,1.87E-07,1.77E-06,Potri.014G088600
Potri.008G044700,46.5354023,8,1.88E-07,1.78E-06,Potri.008G044700
Potri.001G347100,46.52996355,8,1.88E-07,1.78E-06,Potri.001G347100
Potri.006G076000,46.40070958,8,1.99E-07,1.88E-06,Potri.006G076000
Potri.010G209600,46.39458557,8,2.00E-07,1.89E-06,Potri.010G209600
Potri.006G130000,46.32692373,8,2.06E-07,1.94E-06,Potri.006G130000
Potri.010G007000,46.30168184,8,2.08E-07,1.97E-06,Potri.010G007000
Potri.008G133500,46.26878588,8,2.11E-07,1.99E-06,Potri.008G133500
Potri.015G124800,46.26649519,8,2.12E-07,1.99E-06,Potri.015G124800
Potri.001G179600,46.26530414,8,2.12E-07,2.00E-06,Potri.001G179600
Potri.004G170232,46.25265989,8,2.13E-07,2.01E-06,Potri.004G170232
Potri.001G253200,46.20197426,8,2.18E-07,2.05E-06,Potri.001G253200
Potri.002G044400,46.19356467,8,2.18E-07,2.06E-06,Potri.002G044400
Potri.003G157450,46.19025054,8,2.19E-07,2.06E-06,Potri.003G157450
Potri.009G022500,46.18082361,8,2.20E-07,2.07E-06,Potri.009G022500
Potri.017G059000,46.16001962,8,2.22E-07,2.08E-06,Potri.017G059000
Potri.013G022200,46.15969769,8,2.22E-07,2.08E-06,Potri.013G022200
Potri.013G006250,46.08558797,8,2.29E-07,2.15E-06,Potri.013G006250
Potri.012G020500,46.08479055,8,2.29E-07,2.15E-06,Potri.012G020500
Potri.008G088500,46.05878984,8,2.32E-07,2.18E-06,Potri.008G088500
Potri.008G096000,46.04658408,8,2.33E-07,2.19E-06,Potri.008G096000
Potri.019G005913,46.03083308,8,2.35E-07,2.20E-06,Potri.019G005913
Potri.001G467100,46.02504021,8,2.35E-07,2.21E-06,Potri.001G467100
Potri.003G001700,46.01199156,8,2.36E-07,2.22E-06,Potri.003G001700
Potri.015G041600,45.96360672,8,2.42E-07,2.27E-06,Potri.015G041600
Potri.013G021300,45.9413955,8,2.44E-07,2.29E-06,Potri.013G021300
Potri.018G130000,45.93190623,8,2.45E-07,2.30E-06,Potri.018G130000
Potri.001G438300,45.92874254,8,2.45E-07,2.30E-06,Potri.001G438300
Potri.010G031601,45.9166552,8,2.47E-07,2.31E-06,Potri.010G031601
Potri.018G116000,45.91508198,8,2.47E-07,2.31E-06,Potri.018G116000
Potri.017G104001,45.89812275,8,2.49E-07,2.33E-06,Potri.017G104001
Potri.007G008100,45.84870834,8,2.54E-07,2.38E-06,Potri.007G008100
Potri.006G208100,45.79504706,8,2.60E-07,2.43E-06,Potri.006G208100
Potri.014G161400,45.76164901,8,2.64E-07,2.47E-06,Potri.014G161400
Potri.002G110600,45.73737139,8,2.67E-07,2.49E-06,Potri.002G110600
Potri.012G069300,45.660193,8,2.76E-07,2.58E-06,Potri.012G069300
Potri.010G040000,45.6504012,8,2.77E-07,2.59E-06,Potri.010G040000
Potri.010G012700,45.64479614,8,2.78E-07,2.59E-06,Potri.010G012700
Potri.008G142400,45.64410741,8,2.78E-07,2.59E-06,Potri.008G142400
Potri.006G027700,45.63052997,8,2.79E-07,2.61E-06,Potri.006G027700
Potri.016G122350,45.62492091,8,2.80E-07,2.61E-06,Potri.016G122350
Potri.002G166600,45.62291437,8,2.80E-07,2.61E-06,Potri.002G166600
Potri.008G084500,45.60470124,8,2.83E-07,2.63E-06,Potri.008G084500
Potri.010G086700,45.59703455,8,2.84E-07,2.64E-06,Potri.010G086700
Potri.006G025800,45.59658334,8,2.84E-07,2.64E-06,Potri.006G025800
Potri.013G019800,45.56415569,8,2.88E-07,2.68E-06,Potri.013G019800
Potri.001G012800,45.53915756,8,2.91E-07,2.71E-06,Potri.001G012800
Potri.013G015500,45.53199681,8,2.92E-07,2.72E-06,Potri.013G015500
Potri.007G134600,45.51800767,8,2.93E-07,2.73E-06,Potri.007G134600
Potri.018G112301,45.45037427,8,3.02E-07,2.81E-06,Potri.018G112301
Potri.018G120800,45.41466515,8,3.07E-07,2.86E-06,Potri.018G120800
Potri.004G217600,45.38389673,8,3.11E-07,2.89E-06,Potri.004G217600
Potri.008G056500,45.37955804,8,3.12E-07,2.90E-06,Potri.008G056500
Potri.006G146800,45.35028257,8,3.16E-07,2.93E-06,Potri.006G146800
Potri.017G017901,45.34517395,8,3.17E-07,2.94E-06,Potri.017G017901
Potri.010G197700,45.31654789,8,3.20E-07,2.98E-06,Potri.010G197700
Potri.004G164300,45.30064131,8,3.23E-07,3.00E-06,Potri.004G164300
Potri.005G083700,45.2760918,8,3.26E-07,3.03E-06,Potri.005G083700
Potri.019G049800,45.24912827,8,3.30E-07,3.06E-06,Potri.019G049800
Potri.005G253500,45.24343738,8,3.31E-07,3.07E-06,Potri.005G253500
Potri.008G155300,45.1998611,8,3.37E-07,3.13E-06,Potri.008G155300
Potri.013G147200,45.19363296,8,3.38E-07,3.13E-06,Potri.013G147200
Potri.001G067100,45.18052795,8,3.40E-07,3.15E-06,Potri.001G067100
Potri.001G172800,45.1729666,8,3.41E-07,3.16E-06,Potri.001G172800
Potri.004G195600,45.16320052,8,3.43E-07,3.17E-06,Potri.004G195600
Potri.002G019400,45.10868434,8,3.51E-07,3.25E-06,Potri.002G019400
Potri.002G023200,45.09816859,8,3.53E-07,3.26E-06,Potri.002G023200
Potri.010G185300,45.04742357,8,3.60E-07,3.33E-06,Potri.010G185300
Potri.001G325100,45.04695033,8,3.61E-07,3.33E-06,Potri.001G325100
Potri.011G022600,45.03247391,8,3.63E-07,3.35E-06,Potri.011G022600
Potri.006G051700,44.99775294,8,3.68E-07,3.40E-06,Potri.006G051700
Potri.018G016100,44.9772543,8,3.72E-07,3.43E-06,Potri.018G016100
Potri.003G194400,44.96446307,8,3.74E-07,3.45E-06,Potri.003G194400
Potri.014G001500,44.93276351,8,3.79E-07,3.50E-06,Potri.014G001500
Potri.006G195400,44.8766243,8,3.88E-07,3.58E-06,Potri.006G195400
Potri.012G113700,44.85648645,8,3.92E-07,3.61E-06,Potri.012G113700
Potri.013G116200,44.84844291,8,3.93E-07,3.63E-06,Potri.013G116200
Potri.009G042100,44.7845826,8,4.04E-07,3.73E-06,Potri.009G042100
Potri.013G119500,44.75926563,8,4.09E-07,3.77E-06,Potri.013G119500
Potri.002G083200,44.73087344,8,4.14E-07,3.81E-06,Potri.002G083200
Potri.009G113700,44.69081698,8,4.21E-07,3.88E-06,Potri.009G113700
Potri.001G348600,44.69015181,8,4.21E-07,3.88E-06,Potri.001G348600
Potri.016G089900,44.68984966,8,4.21E-07,3.88E-06,Potri.016G089900
Potri.007G074101,44.6844049,8,4.22E-07,3.89E-06,Potri.007G074101
Potri.014G039800,44.65210255,8,4.28E-07,3.94E-06,Potri.014G039800
Potri.005G224500,44.63617663,8,4.31E-07,3.97E-06,Potri.005G224500
Potri.001G467000,44.63386735,8,4.32E-07,3.97E-06,Potri.001G467000
Potri.004G072000,44.61716923,8,4.35E-07,3.99E-06,Potri.004G072000
Potri.001G467800,44.61701036,8,4.35E-07,3.99E-06,Potri.001G467800
Potri.001G271300,44.61116283,8,4.36E-07,4.00E-06,Potri.001G271300
Potri.003G167700,44.6104068,8,4.36E-07,4.00E-06,Potri.003G167700
Potri.012G096600,44.59170719,8,4.40E-07,4.04E-06,Potri.012G096600
Potri.012G132766,44.50813326,8,4.56E-07,4.18E-06,Potri.012G132766
Potri.006G238300,44.50284906,8,4.57E-07,4.19E-06,Potri.006G238300
Potri.003G014200,44.47154256,8,4.63E-07,4.25E-06,Potri.003G014200
Potri.T001933,44.47047201,8,4.64E-07,4.25E-06,Potri.T001933
Potri.018G070000,44.46845497,8,4.64E-07,4.25E-06,Potri.018G070000
Potri.019G038550,44.46201389,8,4.65E-07,4.26E-06,Potri.019G038550
Potri.002G065200,44.43023849,8,4.72E-07,4.32E-06,Potri.002G065200
Potri.001G461300,44.37713494,8,4.83E-07,4.42E-06,Potri.001G461300
Potri.004G165450,44.3688273,8,4.85E-07,4.43E-06,Potri.004G165450
Potri.017G130400,44.35951215,8,4.87E-07,4.45E-06,Potri.017G130400
Potri.005G209200,44.31057292,8,4.97E-07,4.54E-06,Potri.005G209200
Potri.002G157300,44.30546957,8,4.98E-07,4.55E-06,Potri.002G157300
Potri.014G098800,44.27398808,8,5.05E-07,4.61E-06,Potri.014G098800
Potri.009G130000,44.2494868,8,5.10E-07,4.66E-06,Potri.009G130000
Potri.002G109800,44.2453671,8,5.11E-07,4.67E-06,Potri.002G109800
Potri.009G149100,44.23201535,8,5.14E-07,4.70E-06,Potri.009G149100
Potri.001G244900,44.22396953,8,5.16E-07,4.71E-06,Potri.001G244900
Potri.018G120500,44.22108028,8,5.17E-07,4.71E-06,Potri.018G120500
Potri.013G055800,44.19299811,8,5.23E-07,4.77E-06,Potri.013G055800
Potri.001G361300,44.1816002,8,5.26E-07,4.79E-06,Potri.001G361300
Potri.005G039500,44.18155369,8,5.26E-07,4.79E-06,Potri.005G039500
Potri.010G053500,44.16400298,8,5.30E-07,4.83E-06,Potri.010G053500
Potri.006G133200,44.15851407,8,5.31E-07,4.84E-06,Potri.006G133200
Potri.009G086850,44.15760772,8,5.31E-07,4.84E-06,Potri.009G086850
Potri.005G139700,44.12453336,8,5.39E-07,4.91E-06,Potri.005G139700
Potri.008G109200,44.11967351,8,5.40E-07,4.91E-06,Potri.008G109200
Potri.002G018400,44.05907556,8,5.55E-07,5.04E-06,Potri.002G018400
Potri.001G006700,44.04496083,8,5.58E-07,5.07E-06,Potri.001G006700
Potri.014G047400,44.00441077,8,5.68E-07,5.16E-06,Potri.014G047400
Potri.013G033000,44.00151414,8,5.69E-07,5.17E-06,Potri.013G033000
Potri.001G089500,43.99263742,8,5.71E-07,5.19E-06,Potri.001G089500
Potri.003G202300,43.97847557,8,5.74E-07,5.22E-06,Potri.003G202300
Potri.003G005800,43.97620803,8,5.75E-07,5.22E-06,Potri.003G005800
Potri.001G095300,43.96777693,8,5.77E-07,5.24E-06,Potri.001G095300
Potri.016G029300,43.95224332,8,5.81E-07,5.27E-06,Potri.016G029300
Potri.001G191300,43.93001428,8,5.87E-07,5.32E-06,Potri.001G191300
Potri.005G217600,43.82466668,8,6.14E-07,5.57E-06,Potri.005G217600
Potri.008G224237,43.79433235,8,6.22E-07,5.64E-06,Potri.008G224237
Potri.018G041000,43.71770944,8,6.43E-07,5.83E-06,Potri.018G041000
Potri.010G249300,43.71728494,8,6.43E-07,5.83E-06,Potri.010G249300
Potri.018G147400,43.65186358,8,6.62E-07,5.99E-06,Potri.018G147400
Potri.003G175300,43.64713229,8,6.63E-07,6.00E-06,Potri.003G175300
Potri.005G085900,43.63737443,8,6.66E-07,6.03E-06,Potri.005G085900
Potri.001G126400,43.61101613,8,6.74E-07,6.10E-06,Potri.001G126400
Potri.016G079500,43.5982786,8,6.78E-07,6.13E-06,Potri.016G079500
Potri.017G093966,43.59601122,8,6.78E-07,6.13E-06,Potri.017G093966
Potri.006G245100,43.58343095,8,6.82E-07,6.16E-06,Potri.006G245100
Potri.009G042800,43.54447083,8,6.94E-07,6.27E-06,Potri.009G042800
Potri.010G078300,43.52539643,8,6.99E-07,6.32E-06,Potri.010G078300
Potri.004G134800,43.517651,8,7.02E-07,6.34E-06,Potri.004G134800
Potri.012G106600,43.50633634,8,7.05E-07,6.36E-06,Potri.012G106600
Potri.010G249700,43.50594394,8,7.05E-07,6.36E-06,Potri.010G249700
Potri.015G075200,43.43111606,8,7.29E-07,6.57E-06,Potri.015G075200
Potri.015G052200,43.41857854,8,7.33E-07,6.61E-06,Potri.015G052200
Potri.010G037800,43.41604052,8,7.33E-07,6.61E-06,Potri.010G037800
Potri.009G130100,43.41021618,8,7.35E-07,6.63E-06,Potri.009G130100
Potri.014G028000,43.40481759,8,7.37E-07,6.64E-06,Potri.014G028000
Potri.009G079900,43.38199145,8,7.44E-07,6.70E-06,Potri.009G079900
Potri.005G150100,43.37623691,8,7.46E-07,6.72E-06,Potri.005G150100
Potri.014G144800,43.36057983,8,7.51E-07,6.76E-06,Potri.014G144800
Potri.009G007600,43.35872153,8,7.52E-07,6.77E-06,Potri.009G007600
Potri.012G063500,43.3048776,8,7.70E-07,6.92E-06,Potri.012G063500
Potri.017G063000,43.2552239,8,7.86E-07,7.07E-06,Potri.017G063000
Potri.011G163400,43.25194056,8,7.87E-07,7.08E-06,Potri.011G163400
Potri.003G026800,43.23762972,8,7.92E-07,7.12E-06,Potri.003G026800
Potri.017G125300,43.20098815,8,8.05E-07,7.23E-06,Potri.017G125300
Potri.011G129400,43.18189494,8,8.12E-07,7.29E-06,Potri.011G129400
Potri.018G088400,43.16314708,8,8.18E-07,7.35E-06,Potri.018G088400
Potri.010G233000,43.13478155,8,8.29E-07,7.44E-06,Potri.010G233000
Potri.010G122866,43.1319441,8,8.30E-07,7.44E-06,Potri.010G122866
Potri.018G036800,43.12202694,8,8.33E-07,7.47E-06,Potri.018G036800
Potri.005G051400,43.07529278,8,8.50E-07,7.62E-06,Potri.005G051400
Potri.015G104300,43.06921964,8,8.52E-07,7.64E-06,Potri.015G104300
Potri.009G084800,43.06856594,8,8.53E-07,7.64E-06,Potri.009G084800
Potri.001G399000,43.05721894,8,8.57E-07,7.68E-06,Potri.001G399000
Potri.008G222000,43.04594686,8,8.61E-07,7.71E-06,Potri.008G222000
Potri.001G357200,43.03538373,8,8.65E-07,7.74E-06,Potri.001G357200
Potri.015G003300,43.02636753,8,8.68E-07,7.77E-06,Potri.015G003300
Potri.001G471500,43.018475,8,8.71E-07,7.80E-06,Potri.001G471500
Potri.018G121600,42.96659473,8,8.91E-07,7.97E-06,Potri.018G121600
Potri.005G095300,42.95501049,8,8.96E-07,8.01E-06,Potri.005G095300
Potri.006G083600,42.95057598,8,8.97E-07,8.02E-06,Potri.006G083600
Potri.005G140900,42.94426508,8,9.00E-07,8.04E-06,Potri.005G140900
Potri.015G125100,42.90786301,8,9.14E-07,8.17E-06,Potri.015G125100
Potri.018G035400,42.83834421,8,9.42E-07,8.41E-06,Potri.018G035400
Potri.015G098700,42.82584673,8,9.47E-07,8.46E-06,Potri.015G098700
Potri.011G097800,42.79308931,8,9.61E-07,8.58E-06,Potri.011G097800
Potri.001G300800,42.77874524,8,9.67E-07,8.63E-06,Potri.001G300800
Potri.014G110400,42.75034127,8,9.79E-07,8.73E-06,Potri.014G110400
Potri.002G140700,42.73322463,8,9.86E-07,8.79E-06,Potri.002G140700
Potri.013G039600,42.66356552,8,1.02E-06,9.06E-06,Potri.013G039600
Potri.005G055300,42.65535323,8,1.02E-06,9.09E-06,Potri.005G055300
Potri.018G074300,42.64710977,8,1.02E-06,9.12E-06,Potri.018G074300
Potri.001G090300,42.64195337,8,1.03E-06,9.14E-06,Potri.001G090300
Potri.008G042500,42.62275852,8,1.03E-06,9.21E-06,Potri.008G042500
Potri.014G144300,42.60414598,8,1.04E-06,9.28E-06,Potri.014G144300
Potri.015G087600,42.54782041,8,1.07E-06,9.51E-06,Potri.015G087600
Potri.019G032300,42.5425775,8,1.07E-06,9.52E-06,Potri.019G032300
Potri.017G126500,42.51073874,8,1.09E-06,9.65E-06,Potri.017G126500
Potri.006G125900,42.48232904,8,1.10E-06,9.77E-06,Potri.006G125900
Potri.003G045300,42.46697988,8,1.11E-06,9.83E-06,Potri.003G045300
Potri.001G435100,42.46450709,8,1.11E-06,9.84E-06,Potri.001G435100
Potri.005G184700,42.45611245,8,1.11E-06,9.87E-06,Potri.005G184700
Potri.005G249800,42.44847061,8,1.12E-06,9.90E-06,Potri.005G249800
Potri.006G251200,42.4001949,8,1.14E-06,1.01E-05,Potri.006G251200
Potri.001G151700,42.39793231,8,1.14E-06,1.01E-05,Potri.001G151700
Potri.001G406500,42.37724406,8,1.15E-06,1.02E-05,Potri.001G406500
Potri.018G017000,42.33304033,8,1.17E-06,1.04E-05,Potri.018G017000
Potri.013G114200,42.33067516,8,1.17E-06,1.04E-05,Potri.013G114200
Potri.006G147400,42.30747548,8,1.19E-06,1.05E-05,Potri.006G147400
Potri.002G138300,42.29437956,8,1.19E-06,1.06E-05,Potri.002G138300
Potri.011G112400,42.29039131,8,1.19E-06,1.06E-05,Potri.011G112400
Potri.005G167900,42.27418742,8,1.20E-06,1.06E-05,Potri.005G167900
Potri.009G057500,42.23969415,8,1.22E-06,1.08E-05,Potri.009G057500
Potri.016G089300,42.23447339,8,1.22E-06,1.08E-05,Potri.016G089300
Potri.004G168500,42.22408689,8,1.23E-06,1.09E-05,Potri.004G168500
Potri.008G109300,42.22062795,8,1.23E-06,1.09E-05,Potri.008G109300
Potri.009G055200,42.20888009,8,1.24E-06,1.09E-05,Potri.009G055200
Potri.017G065800,42.19078602,8,1.25E-06,1.10E-05,Potri.017G065800
Potri.019G051300,42.18358914,8,1.25E-06,1.10E-05,Potri.019G051300
Potri.005G162300,42.1808433,8,1.25E-06,1.11E-05,Potri.005G162300
Potri.001G119100,42.14646972,8,1.27E-06,1.12E-05,Potri.001G119100
Potri.012G041800,42.13966372,8,1.27E-06,1.13E-05,Potri.012G041800
Potri.005G029000,42.10788733,8,1.29E-06,1.14E-05,Potri.005G029000
Potri.006G142300,42.0958121,8,1.30E-06,1.15E-05,Potri.006G142300
Potri.017G148800,42.09035671,8,1.30E-06,1.15E-05,Potri.017G148800
Potri.016G067000,42.0817595,8,1.31E-06,1.15E-05,Potri.016G067000
Potri.006G201300,42.07500705,8,1.31E-06,1.16E-05,Potri.006G201300
Potri.001G403500,42.02420438,8,1.34E-06,1.18E-05,Potri.001G403500
Potri.002G155700,42.02369352,8,1.34E-06,1.18E-05,Potri.002G155700
Potri.007G055100,42.01363354,8,1.35E-06,1.18E-05,Potri.007G055100
Potri.016G086200,42.01312969,8,1.35E-06,1.18E-05,Potri.016G086200
Potri.002G027900,41.98995383,8,1.36E-06,1.20E-05,Potri.002G027900
Potri.015G142900,41.94412393,8,1.39E-06,1.22E-05,Potri.015G142900
Potri.004G140200,41.91203254,8,1.41E-06,1.24E-05,Potri.004G140200
Potri.014G090500,41.86311826,8,1.44E-06,1.26E-05,Potri.014G090500
Potri.010G173200,41.84025162,8,1.45E-06,1.27E-05,Potri.010G173200
Potri.006G263900,41.83785687,8,1.45E-06,1.28E-05,Potri.006G263900
Potri.008G032600,41.79445666,8,1.48E-06,1.30E-05,Potri.008G032600
Potri.006G144600,41.7438894,8,1.51E-06,1.33E-05,Potri.006G144600
Potri.011G093000,41.72599997,8,1.52E-06,1.34E-05,Potri.011G093000
Potri.019G003900,41.70350088,8,1.54E-06,1.35E-05,Potri.019G003900
Potri.001G149400,41.7032984,8,1.54E-06,1.35E-05,Potri.001G149400
Potri.006G149400,41.6914595,8,1.55E-06,1.36E-05,Potri.006G149400
Potri.001G343400,41.66639192,8,1.56E-06,1.37E-05,Potri.001G343400
Potri.018G105300,41.66405426,8,1.57E-06,1.37E-05,Potri.018G105300
Potri.004G183100,41.66338558,8,1.57E-06,1.37E-05,Potri.004G183100
Potri.012G055100,41.64718456,8,1.58E-06,1.38E-05,Potri.012G055100
Potri.008G183000,41.63675277,8,1.58E-06,1.39E-05,Potri.008G183000
Potri.005G155600,41.61830331,8,1.60E-06,1.40E-05,Potri.005G155600
Potri.008G050200,41.61358964,8,1.60E-06,1.40E-05,Potri.008G050200
Potri.007G110500,41.5928127,8,1.61E-06,1.41E-05,Potri.007G110500
Potri.010G216500,41.58425891,8,1.62E-06,1.42E-05,Potri.010G216500
Potri.009G089600,41.57836478,8,1.62E-06,1.42E-05,Potri.009G089600
Potri.014G073800,41.57767752,8,1.63E-06,1.42E-05,Potri.014G073800
Potri.010G086200,41.57427167,8,1.63E-06,1.42E-05,Potri.010G086200
Potri.002G164700,41.57116781,8,1.63E-06,1.42E-05,Potri.002G164700
Potri.003G138500,41.56487923,8,1.63E-06,1.43E-05,Potri.003G138500
Potri.002G085900,41.53757784,8,1.65E-06,1.44E-05,Potri.002G085900
Potri.010G043300,41.5023473,8,1.68E-06,1.46E-05,Potri.010G043300
Potri.001G027100,41.50127812,8,1.68E-06,1.46E-05,Potri.001G027100
Potri.006G254000,41.49155275,8,1.69E-06,1.47E-05,Potri.006G254000
Potri.019G030900,41.47897871,8,1.70E-06,1.48E-05,Potri.019G030900
Potri.006G254700,41.45251613,8,1.72E-06,1.49E-05,Potri.006G254700
Potri.016G011400,41.41898878,8,1.74E-06,1.52E-05,Potri.016G011400
Potri.015G006200,41.41063463,8,1.75E-06,1.52E-05,Potri.015G006200
Potri.003G124700,41.39106587,8,1.76E-06,1.53E-05,Potri.003G124700
Potri.014G130600,41.37565325,8,1.77E-06,1.54E-05,Potri.014G130600
Potri.001G137200,41.35839814,8,1.79E-06,1.55E-05,Potri.001G137200
Potri.009G097201,41.35824988,8,1.79E-06,1.55E-05,Potri.009G097201
Potri.019G052400,41.31848209,8,1.82E-06,1.58E-05,Potri.019G052400
Potri.001G250300,41.27155604,8,1.85E-06,1.61E-05,Potri.001G250300
Potri.007G085200,41.25475828,8,1.87E-06,1.62E-05,Potri.007G085200
Potri.014G005300,41.2509735,8,1.87E-06,1.63E-05,Potri.014G005300
Potri.005G171400,41.21505564,8,1.90E-06,1.65E-05,Potri.005G171400
Potri.009G141400,41.19420845,8,1.92E-06,1.66E-05,Potri.009G141400
Potri.003G045000,41.18904959,8,1.92E-06,1.67E-05,Potri.003G045000
Potri.003G105700,41.18716226,8,1.92E-06,1.67E-05,Potri.003G105700
Potri.009G016900,41.16542831,8,1.94E-06,1.68E-05,Potri.009G016900
Potri.011G064700,41.16146221,8,1.94E-06,1.69E-05,Potri.011G064700
Potri.004G142300,41.12894516,8,1.97E-06,1.71E-05,Potri.004G142300
Potri.017G079200,41.10555623,8,1.99E-06,1.73E-05,Potri.017G079200
Potri.012G096300,41.0880363,8,2.01E-06,1.74E-05,Potri.012G096300
Potri.002G169800,41.08567712,8,2.01E-06,1.74E-05,Potri.002G169800
Potri.001G379000,41.07823754,8,2.02E-06,1.74E-05,Potri.001G379000
Potri.001G329900,41.04153775,8,2.05E-06,1.77E-05,Potri.001G329900
Potri.015G033400,41.03841116,8,2.05E-06,1.77E-05,Potri.015G033400
Potri.001G239700,41.03624566,8,2.05E-06,1.78E-05,Potri.001G239700
Potri.011G125400,40.93707338,8,2.14E-06,1.85E-05,Potri.011G125400
Potri.002G099800,40.92412814,8,2.15E-06,1.86E-05,Potri.002G099800
Potri.005G117200,40.92219013,8,2.16E-06,1.86E-05,Potri.005G117200
Potri.009G093900,40.89599077,8,2.18E-06,1.88E-05,Potri.009G093900
Potri.010G045300,40.88853858,8,2.19E-06,1.89E-05,Potri.010G045300
Potri.007G060800,40.8737126,8,2.20E-06,1.90E-05,Potri.007G060800
Potri.019G102200,40.82773986,8,2.25E-06,1.94E-05,Potri.019G102200
Potri.010G231600,40.82732474,8,2.25E-06,1.94E-05,Potri.010G231600
Potri.010G026100,40.80886144,8,2.26E-06,1.95E-05,Potri.010G026100
Potri.001G190500,40.78601684,8,2.29E-06,1.97E-05,Potri.001G190500
Potri.003G140700,40.77697294,8,2.29E-06,1.98E-05,Potri.003G140700
Potri.002G051600,40.73379035,8,2.34E-06,2.01E-05,Potri.002G051600
Potri.004G176400,40.6936074,8,2.38E-06,2.05E-05,Potri.004G176400
Potri.015G011900,40.65544989,8,2.42E-06,2.08E-05,Potri.015G011900
Potri.006G169200,40.65454038,8,2.42E-06,2.08E-05,Potri.006G169200
Potri.001G164700,40.63964358,8,2.43E-06,2.10E-05,Potri.001G164700
Potri.002G052100,40.62645624,8,2.45E-06,2.11E-05,Potri.002G052100
Potri.005G035800,40.58470981,8,2.49E-06,2.14E-05,Potri.005G035800
Potri.008G084800,40.57734946,8,2.50E-06,2.15E-05,Potri.008G084800
Potri.002G045700,40.5503723,8,2.53E-06,2.17E-05,Potri.002G045700
Potri.002G032600,40.51918765,8,2.56E-06,2.20E-05,Potri.002G032600
Potri.018G121200,40.51524016,8,2.57E-06,2.21E-05,Potri.018G121200
Potri.008G091200,40.48444281,8,2.60E-06,2.23E-05,Potri.008G091200
Potri.018G073501,40.48152313,8,2.61E-06,2.24E-05,Potri.018G073501
Potri.017G037000,40.45910102,8,2.63E-06,2.26E-05,Potri.017G037000
Potri.019G059350,40.45909659,8,2.63E-06,2.26E-05,Potri.019G059350
Potri.006G077900,40.42603539,8,2.67E-06,2.29E-05,Potri.006G077900
Potri.001G359300,40.4229035,8,2.67E-06,2.29E-05,Potri.001G359300
Potri.009G091600,40.41210269,8,2.68E-06,2.30E-05,Potri.009G091600
Potri.002G026600,40.40500201,8,2.69E-06,2.31E-05,Potri.002G026600
Potri.008G138900,40.330744,8,2.78E-06,2.38E-05,Potri.008G138900
Potri.003G026500,40.31308187,8,2.80E-06,2.40E-05,Potri.003G026500
Potri.003G124200,40.30130955,8,2.82E-06,2.41E-05,Potri.003G124200
Potri.003G102400,40.27048578,8,2.85E-06,2.44E-05,Potri.003G102400
Potri.017G125200,40.26262578,8,2.86E-06,2.45E-05,Potri.017G125200
Potri.005G128800,40.23694827,8,2.89E-06,2.48E-05,Potri.005G128800
Potri.016G042100,40.2347188,8,2.90E-06,2.48E-05,Potri.016G042100
Potri.013G135500,40.22966375,8,2.90E-06,2.48E-05,Potri.013G135500
Potri.002G134300,40.22429195,8,2.91E-06,2.49E-05,Potri.002G134300
Potri.017G103101,40.20759316,8,2.93E-06,2.50E-05,Potri.017G103101
Potri.003G184100,40.20414128,8,2.94E-06,2.51E-05,Potri.003G184100
Potri.002G123300,40.19881862,8,2.94E-06,2.51E-05,Potri.002G123300
Potri.019G116300,40.15860657,8,2.99E-06,2.55E-05,Potri.019G116300
Potri.006G121500,40.14674917,8,3.01E-06,2.57E-05,Potri.006G121500
Potri.006G059200,40.14253718,8,3.01E-06,2.57E-05,Potri.006G059200
Potri.002G107700,40.13926605,8,3.02E-06,2.57E-05,Potri.002G107700
Potri.011G069200,40.13278941,8,3.03E-06,2.58E-05,Potri.011G069200
Potri.009G018600,40.06714811,8,3.11E-06,2.65E-05,Potri.009G018600
Potri.015G079600,40.06449692,8,3.12E-06,2.66E-05,Potri.015G079600
Potri.015G013300,40.06321156,8,3.12E-06,2.66E-05,Potri.015G013300
Potri.002G043100,40.06236473,8,3.12E-06,2.66E-05,Potri.002G043100
Potri.008G178400,40.01987731,8,3.18E-06,2.70E-05,Potri.008G178400
Potri.019G044400,40.01008883,8,3.19E-06,2.71E-05,Potri.019G044400
Potri.T002428,39.99951917,8,3.20E-06,2.73E-05,Potri.T002428
Potri.003G076600,39.96236595,8,3.26E-06,2.77E-05,Potri.003G076600
Potri.014G004100,39.9486767,8,3.28E-06,2.78E-05,Potri.014G004100
Potri.016G063500,39.90778374,8,3.33E-06,2.83E-05,Potri.016G063500
Potri.004G032700,39.90480779,8,3.34E-06,2.84E-05,Potri.004G032700
Potri.006G110100,39.90076872,8,3.34E-06,2.84E-05,Potri.006G110100
Potri.T012800,39.88447927,8,3.37E-06,2.86E-05,Potri.T012800
Potri.014G106000,39.8557425,8,3.41E-06,2.89E-05,Potri.014G106000
Potri.003G200200,39.84104514,8,3.43E-06,2.91E-05,Potri.003G200200
Potri.009G130200,39.84041596,8,3.43E-06,2.91E-05,Potri.009G130200
Potri.008G051700,39.83484635,8,3.44E-06,2.92E-05,Potri.008G051700
Potri.012G007500,39.82121544,8,3.46E-06,2.93E-05,Potri.012G007500
Potri.003G202100,39.82050054,8,3.46E-06,2.93E-05,Potri.003G202100
Potri.002G169100,39.81733374,8,3.46E-06,2.94E-05,Potri.002G169100
Potri.009G008400,39.81508318,8,3.47E-06,2.94E-05,Potri.009G008400
Potri.011G041500,39.8088898,8,3.48E-06,2.95E-05,Potri.011G041500
Potri.014G058300,39.78879459,8,3.51E-06,2.97E-05,Potri.014G058300
Potri.011G066400,39.78682793,8,3.51E-06,2.97E-05,Potri.011G066400
Potri.012G104300,39.78510981,8,3.51E-06,2.97E-05,Potri.012G104300
Potri.006G273300,39.77631674,8,3.53E-06,2.98E-05,Potri.006G273300
Potri.002G189400,39.77084014,8,3.53E-06,2.99E-05,Potri.002G189400
Potri.001G349600,39.75676781,8,3.56E-06,3.01E-05,Potri.001G349600
Potri.014G034400,39.75293705,8,3.56E-06,3.01E-05,Potri.014G034400
Potri.003G008500,39.75213149,8,3.56E-06,3.01E-05,Potri.003G008500
Potri.012G079700,39.7471209,8,3.57E-06,3.02E-05,Potri.012G079700
Potri.001G405500,39.74087954,8,3.58E-06,3.02E-05,Potri.001G405500
Potri.016G036200,39.73776746,8,3.58E-06,3.03E-05,Potri.016G036200
Potri.007G136800,39.68876584,8,3.66E-06,3.09E-05,Potri.007G136800
Potri.009G034800,39.6852453,8,3.67E-06,3.09E-05,Potri.009G034800
Potri.005G162400,39.66492129,8,3.70E-06,3.12E-05,Potri.005G162400
Potri.015G018600,39.61932315,8,3.77E-06,3.18E-05,Potri.015G018600
Potri.002G216600,39.61902619,8,3.77E-06,3.18E-05,Potri.002G216600
Potri.001G273000,39.59384665,8,3.81E-06,3.21E-05,Potri.001G273000
Potri.006G000700,39.59205541,8,3.82E-06,3.21E-05,Potri.006G000700
Potri.004G191300,39.57345584,8,3.85E-06,3.24E-05,Potri.004G191300
Potri.002G058500,39.51229134,8,3.95E-06,3.32E-05,Potri.002G058500
Potri.006G098700,39.49244964,8,3.98E-06,3.35E-05,Potri.006G098700
Potri.010G130400,39.44296747,8,4.07E-06,3.42E-05,Potri.010G130400
Potri.016G053400,39.41929747,8,4.11E-06,3.46E-05,Potri.016G053400
Potri.004G049400,39.39061596,8,4.16E-06,3.50E-05,Potri.004G049400
Potri.004G133600,39.32780197,8,4.27E-06,3.59E-05,Potri.004G133600
Potri.008G029500,39.29473053,8,4.33E-06,3.64E-05,Potri.008G029500
Potri.017G040900,39.27894934,8,4.36E-06,3.67E-05,Potri.017G040900
Potri.018G150100,39.27469786,8,4.37E-06,3.67E-05,Potri.018G150100
Potri.011G007600,39.26612805,8,4.39E-06,3.68E-05,Potri.011G007600
Potri.008G009400,39.26292875,8,4.39E-06,3.69E-05,Potri.008G009400
Potri.015G106532,39.24082641,8,4.43E-06,3.72E-05,Potri.015G106532
Potri.002G129800,39.23695817,8,4.44E-06,3.73E-05,Potri.002G129800
Potri.005G001800,39.2346149,8,4.45E-06,3.73E-05,Potri.005G001800
Potri.008G116900,39.23405133,8,4.45E-06,3.73E-05,Potri.008G116900
Potri.007G061400,39.18922635,8,4.53E-06,3.80E-05,Potri.007G061400
Potri.002G222700,39.18621222,8,4.54E-06,3.80E-05,Potri.002G222700
Potri.014G104800,39.13712259,8,4.64E-06,3.88E-05,Potri.014G104800
Potri.005G144400,39.11810244,8,4.67E-06,3.91E-05,Potri.005G144400
Potri.018G090700,39.11690987,8,4.68E-06,3.91E-05,Potri.018G090700
Potri.010G065800,39.10601959,8,4.70E-06,3.93E-05,Potri.010G065800
Potri.007G096400,39.10059891,8,4.71E-06,3.94E-05,Potri.007G096400
Potri.008G165400,39.09193413,8,4.73E-06,3.95E-05,Potri.008G165400
Potri.004G036900,39.08873418,8,4.73E-06,3.96E-05,Potri.004G036900
Potri.011G107800,39.08853544,8,4.73E-06,3.96E-05,Potri.011G107800
Potri.005G140200,39.08129177,8,4.75E-06,3.97E-05,Potri.005G140200
Potri.004G073600,39.0641821,8,4.78E-06,4.00E-05,Potri.004G073600
Potri.012G142800,39.04561389,8,4.82E-06,4.03E-05,Potri.012G142800
Potri.010G098400,39.03251482,8,4.85E-06,4.05E-05,Potri.010G098400
Potri.016G052901,39.00389452,8,4.91E-06,4.10E-05,Potri.016G052901
Potri.004G084000,38.99129511,8,4.93E-06,4.12E-05,Potri.004G084000
Potri.011G108000,38.98724838,8,4.94E-06,4.12E-05,Potri.011G108000
Potri.003G096700,38.98575452,8,4.95E-06,4.12E-05,Potri.003G096700
Potri.009G037900,38.95765149,8,5.01E-06,4.17E-05,Potri.009G037900
Potri.008G024601,38.94215311,8,5.04E-06,4.20E-05,Potri.008G024601
Potri.009G160600,38.93811774,8,5.05E-06,4.21E-05,Potri.009G160600
Potri.007G098900,38.91954006,8,5.09E-06,4.24E-05,Potri.007G098900
Potri.003G221800,38.87585307,8,5.18E-06,4.32E-05,Potri.003G221800
Potri.003G177600,38.87579097,8,5.18E-06,4.32E-05,Potri.003G177600
Potri.013G115300,38.86345074,8,5.21E-06,4.34E-05,Potri.013G115300
Potri.019G093400,38.85057673,8,5.24E-06,4.36E-05,Potri.019G093400
Potri.006G110200,38.84376279,8,5.25E-06,4.37E-05,Potri.006G110200
Potri.011G062200,38.84165873,8,5.26E-06,4.37E-05,Potri.011G062200
Potri.013G028200,38.82134887,8,5.31E-06,4.41E-05,Potri.013G028200
Potri.005G206400,38.81779878,8,5.31E-06,4.42E-05,Potri.005G206400
Potri.003G119700,38.81110577,8,5.33E-06,4.43E-05,Potri.003G119700
Potri.006G127400,38.79211199,8,5.37E-06,4.46E-05,Potri.006G127400
Potri.018G132400,38.77874771,8,5.40E-06,4.49E-05,Potri.018G132400
Potri.011G116700,38.77596027,8,5.41E-06,4.49E-05,Potri.011G116700
Potri.004G028900,38.77524071,8,5.41E-06,4.49E-05,Potri.004G028900
Potri.010G001700,38.77513346,8,5.41E-06,4.49E-05,Potri.010G001700
Potri.001G245700,38.76655987,8,5.43E-06,4.50E-05,Potri.001G245700
Potri.001G410300,38.75942885,8,5.45E-06,4.52E-05,Potri.001G410300
Potri.006G259400,38.75058901,8,5.47E-06,4.53E-05,Potri.006G259400
Potri.018G104500,38.74224725,8,5.49E-06,4.55E-05,Potri.018G104500
Potri.008G039600,38.68295445,8,5.63E-06,4.66E-05,Potri.008G039600
Potri.018G079200,38.67544306,8,5.65E-06,4.68E-05,Potri.018G079200
Potri.001G307400,38.65067556,8,5.71E-06,4.72E-05,Potri.001G307400
Potri.002G077400,38.63249608,8,5.75E-06,4.76E-05,Potri.002G077400
Potri.011G112300,38.57516916,8,5.89E-06,4.88E-05,Potri.011G112300
Potri.007G014200,38.54264446,8,5.97E-06,4.94E-05,Potri.007G014200
Potri.018G110525,38.47675382,8,6.15E-06,5.08E-05,Potri.018G110525
Potri.008G128400,38.46810816,8,6.17E-06,5.10E-05,Potri.008G128400
Potri.006G052800,38.45071257,8,6.21E-06,5.14E-05,Potri.006G052800
Potri.011G041400,38.44171113,8,6.24E-06,5.15E-05,Potri.011G041400
Potri.004G026200,38.42193503,8,6.29E-06,5.20E-05,Potri.004G026200
Potri.011G136900,38.41791363,8,6.30E-06,5.20E-05,Potri.011G136900
Potri.013G087100,38.40955886,8,6.32E-06,5.22E-05,Potri.013G087100
Potri.005G004500,38.3928876,8,6.37E-06,5.26E-05,Potri.005G004500
Potri.013G005300,38.36313964,8,6.45E-06,5.32E-05,Potri.013G005300
Potri.011G125951,38.36095554,8,6.46E-06,5.32E-05,Potri.011G125951
Potri.016G058000,38.35781661,8,6.46E-06,5.33E-05,Potri.016G058000
Potri.001G401300,38.35098728,8,6.48E-06,5.34E-05,Potri.001G401300
Potri.012G054200,38.31550559,8,6.58E-06,5.42E-05,Potri.012G054200
Potri.001G208000,38.30637518,8,6.61E-06,5.44E-05,Potri.001G208000
Potri.009G117500,38.30150063,8,6.62E-06,5.45E-05,Potri.009G117500
Potri.013G004600,38.29715695,8,6.63E-06,5.46E-05,Potri.013G004600
Potri.004G081200,38.28883644,8,6.66E-06,5.48E-05,Potri.004G081200
Potri.001G304700,38.26677758,8,6.72E-06,5.53E-05,Potri.001G304700
Potri.005G174900,38.25424833,8,6.76E-06,5.56E-05,Potri.005G174900
Potri.007G099400,38.20132695,8,6.91E-06,5.68E-05,Potri.007G099400
Potri.010G093000,38.16478584,8,7.02E-06,5.77E-05,Potri.010G093000
Potri.002G004100,38.13996626,8,7.09E-06,5.83E-05,Potri.002G004100
Potri.008G106800,38.12970287,8,7.12E-06,5.85E-05,Potri.008G106800
Potri.009G105700,38.11892958,8,7.16E-06,5.88E-05,Potri.009G105700
Potri.001G317400,38.10269514,8,7.21E-06,5.92E-05,Potri.001G317400
Potri.009G148300,38.10048979,8,7.21E-06,5.92E-05,Potri.009G148300
Potri.015G025700,38.08514518,8,7.26E-06,5.96E-05,Potri.015G025700
Potri.T124407,38.07938813,8,7.28E-06,5.97E-05,Potri.T124407
Potri.004G010900,38.06112543,8,7.34E-06,6.02E-05,Potri.004G010900
Potri.010G115000,38.05498243,8,7.35E-06,6.03E-05,Potri.010G115000
Potri.006G113900,38.01577099,8,7.48E-06,6.13E-05,Potri.006G113900
Potri.019G125400,37.98865126,8,7.56E-06,6.20E-05,Potri.019G125400
Potri.011G079600,37.98078206,8,7.59E-06,6.22E-05,Potri.011G079600
Potri.011G169100,37.96567161,8,7.64E-06,6.26E-05,Potri.011G169100
Potri.003G067900,37.95686658,8,7.67E-06,6.28E-05,Potri.003G067900
Potri.003G089300,37.95049845,8,7.69E-06,6.29E-05,Potri.003G089300
Potri.007G023600,37.94739678,8,7.70E-06,6.30E-05,Potri.007G023600
Potri.006G122100,37.93883207,8,7.73E-06,6.32E-05,Potri.006G122100
Potri.010G069600,37.93237532,8,7.75E-06,6.34E-05,Potri.010G069600
Potri.013G117900,37.91531038,8,7.80E-06,6.38E-05,Potri.013G117900
Potri.012G111500,37.87423088,8,7.94E-06,6.49E-05,Potri.012G111500
Potri.001G201600,37.85474442,8,8.01E-06,6.54E-05,Potri.001G201600
Potri.002G077100,37.85421127,8,8.01E-06,6.54E-05,Potri.002G077100
Potri.001G043000,37.85207327,8,8.02E-06,6.55E-05,Potri.001G043000
Potri.018G136900,37.83957372,8,8.06E-06,6.58E-05,Potri.018G136900
Potri.001G460400,37.82529821,8,8.11E-06,6.62E-05,Potri.001G460400
Potri.005G173300,37.82221136,8,8.12E-06,6.63E-05,Potri.005G173300
Potri.010G185800,37.79668727,8,8.21E-06,6.70E-05,Potri.010G185800
Potri.004G149100,37.77875258,8,8.27E-06,6.75E-05,Potri.004G149100
Potri.003G081400,37.74816682,8,8.38E-06,6.83E-05,Potri.003G081400
Potri.001G408500,37.72041231,8,8.48E-06,6.91E-05,Potri.001G408500
Potri.014G071400,37.68846324,8,8.59E-06,7.00E-05,Potri.014G071400
Potri.008G116000,37.65707596,8,8.71E-06,7.09E-05,Potri.008G116000
Potri.019G083800,37.65550386,8,8.72E-06,7.10E-05,Potri.019G083800
Potri.002G099500,37.64638573,8,8.75E-06,7.12E-05,Potri.002G099500
Potri.001G093900,37.63847855,8,8.78E-06,7.14E-05,Potri.001G093900
Potri.015G012000,37.57514824,8,9.02E-06,7.34E-05,Potri.015G012000
Potri.007G105600,37.56104603,8,9.07E-06,7.38E-05,Potri.007G105600
Potri.019G034900,37.55017685,8,9.11E-06,7.41E-05,Potri.019G034900
Potri.012G103300,37.53401765,8,9.18E-06,7.46E-05,Potri.012G103300
Potri.003G001000,37.51347438,8,9.26E-06,7.52E-05,Potri.003G001000
Potri.005G222000,37.4899768,8,9.35E-06,7.60E-05,Potri.005G222000
Potri.011G010300,37.48780141,8,9.36E-06,7.60E-05,Potri.011G010300
Potri.001G182300,37.48013184,8,9.39E-06,7.62E-05,Potri.001G182300
Potri.001G111300,37.47413441,8,9.41E-06,7.64E-05,Potri.001G111300
Potri.003G210100,37.45409047,8,9.49E-06,7.70E-05,Potri.003G210100
Potri.012G035700,37.44845323,8,9.52E-06,7.72E-05,Potri.012G035700
Potri.002G185900,37.4419137,8,9.54E-06,7.74E-05,Potri.002G185900
Potri.001G442800,37.44039578,8,9.55E-06,7.74E-05,Potri.001G442800
Potri.009G115500,37.43011474,8,9.59E-06,7.77E-05,Potri.009G115500
Potri.013G091200,37.4146358,8,9.65E-06,7.82E-05,Potri.013G091200
Potri.015G037600,37.39489966,8,9.74E-06,7.89E-05,Potri.015G037600
Potri.017G002950,37.39384926,8,9.74E-06,7.89E-05,Potri.017G002950
Potri.006G114900,37.39083496,8,9.75E-06,7.90E-05,Potri.006G114900
Potri.015G087700,37.33125453,8,1.00E-05,8.10E-05,Potri.015G087700
Potri.004G077800,37.32683108,8,1.00E-05,8.11E-05,Potri.004G077800
Potri.016G070800,37.31089153,8,1.01E-05,8.16E-05,Potri.016G070800
Potri.017G091800,37.30816427,8,1.01E-05,8.17E-05,Potri.017G091800
Potri.010G021400,37.29618276,8,1.02E-05,8.21E-05,Potri.010G021400
Potri.004G093250,37.27777616,8,1.02E-05,8.27E-05,Potri.004G093250
Potri.005G256700,37.2686066,8,1.03E-05,8.30E-05,Potri.005G256700
Potri.004G126600,37.24501969,8,1.04E-05,8.38E-05,Potri.004G126600
Potri.005G033700,37.24171957,8,1.04E-05,8.39E-05,Potri.005G033700
Potri.017G056800,37.22819215,8,1.04E-05,8.44E-05,Potri.017G056800
Potri.011G157000,37.22679644,8,1.05E-05,8.44E-05,Potri.011G157000
Potri.016G002400,37.20448965,8,1.06E-05,8.52E-05,Potri.016G002400
Potri.015G097700,37.13055693,8,1.09E-05,8.78E-05,Potri.015G097700
Potri.006G094900,37.11516415,8,1.10E-05,8.84E-05,Potri.006G094900
Potri.009G057100,37.1041219,8,1.10E-05,8.88E-05,Potri.009G057100
Potri.010G153400,37.08806035,8,1.11E-05,8.94E-05,Potri.010G153400
Potri.009G079500,37.07864009,8,1.11E-05,8.97E-05,Potri.009G079500
Potri.004G186900,37.0404827,8,1.13E-05,9.11E-05,Potri.004G186900
Potri.017G087900,37.0402352,8,1.13E-05,9.11E-05,Potri.017G087900
Potri.002G224300,37.00821291,8,1.15E-05,9.23E-05,Potri.002G224300
Potri.012G097100,37.00459404,8,1.15E-05,9.24E-05,Potri.012G097100
Potri.016G003400,37.00057271,8,1.15E-05,9.26E-05,Potri.016G003400
Potri.006G024100,36.92884883,8,1.19E-05,9.54E-05,Potri.006G024100
Potri.001G213000,36.90390082,8,1.20E-05,9.64E-05,Potri.001G213000
Potri.003G189200,36.84775685,8,1.23E-05,9.87E-05,Potri.003G189200
Potri.010G188500,36.83118875,8,1.24E-05,9.93E-05,Potri.010G188500
Potri.007G139200,36.81449167,8,1.24E-05,0.000100024,Potri.007G139200
Potri.009G030900,36.7677901,8,1.27E-05,0.000101991,Potri.009G030900
Potri.011G153800,36.76141549,8,1.27E-05,0.000102214,Potri.011G153800
Potri.005G000500,36.76129396,8,1.27E-05,0.000102214,Potri.005G000500
Potri.006G119200,36.76030517,8,1.27E-05,0.000102228,Potri.006G119200
Potri.013G108600,36.73921558,8,1.29E-05,0.000103115,Potri.013G108600
Potri.011G069500,36.68805184,8,1.31E-05,0.00010534,Potri.011G069500
Potri.006G157400,36.67921639,8,1.32E-05,0.000105705,Potri.006G157400
Potri.017G129000,36.67077376,8,1.32E-05,0.000106053,Potri.017G129000
Potri.001G293600,36.64589416,8,1.34E-05,0.000107144,Potri.001G293600
Potri.001G008500,36.63446936,8,1.34E-05,0.000107632,Potri.001G008500
Potri.008G059400,36.63155511,8,1.35E-05,0.000107734,Potri.008G059400
Potri.010G094200,36.62086227,8,1.35E-05,0.000108192,Potri.010G094200
Potri.002G152900,36.61861044,8,1.35E-05,0.000108264,Potri.002G152900
Potri.004G190400,36.6156864,8,1.35E-05,0.000108367,Potri.004G190400
Potri.002G214500,36.59029084,8,1.37E-05,0.000109506,Potri.002G214500
Potri.006G051900,36.57498258,8,1.38E-05,0.000110186,Potri.006G051900
Potri.003G095700,36.57107051,8,1.38E-05,0.000110337,Potri.003G095700
Potri.002G140100,36.55317174,8,1.39E-05,0.000111143,Potri.002G140100
Potri.014G109100,36.54247666,8,1.40E-05,0.000111615,Potri.014G109100
Potri.001G000700,36.53356552,8,1.40E-05,0.000112005,Potri.001G000700
Potri.015G124700,36.52711361,8,1.41E-05,0.000112279,Potri.015G124700
Potri.006G064300,36.50522526,8,1.42E-05,0.00011329,Potri.006G064300
Potri.001G148800,36.50379189,8,1.42E-05,0.000113327,Potri.001G148800
Potri.010G209300,36.48611656,8,1.43E-05,0.000114144,Potri.010G209300
Potri.014G128200,36.48001443,8,1.43E-05,0.000114406,Potri.014G128200
Potri.003G093700,36.47776003,8,1.44E-05,0.000114483,Potri.003G093700
Potri.005G238701,36.47295698,8,1.44E-05,0.000114683,Potri.005G238701
Potri.008G141000,36.4699123,8,1.44E-05,0.000114799,Potri.008G141000
Potri.018G127800,36.4652994,8,1.44E-05,0.00011499,Potri.018G127800
Potri.016G092700,36.46085956,8,1.45E-05,0.000115173,Potri.016G092700
Potri.015G008100,36.44859139,8,1.45E-05,0.000115739,Potri.015G008100
Potri.008G079400,36.43214488,8,1.46E-05,0.000116513,Potri.008G079400
Potri.001G049400,36.43021117,8,1.46E-05,0.000116576,Potri.001G049400
Potri.001G087800,36.415977,8,1.47E-05,0.000117246,Potri.001G087800
Potri.011G064500,36.41169859,8,1.48E-05,0.000117425,Potri.011G064500
Potri.005G158400,36.40669964,8,1.48E-05,0.00011764,Potri.005G158400
Potri.016G035600,36.40550234,8,1.48E-05,0.000117666,Potri.016G035600
Potri.019G098001,36.3986268,8,1.48E-05,0.000117975,Potri.019G098001
Potri.013G003500,36.37630446,8,1.50E-05,0.000119059,Potri.013G003500
Potri.018G057500,36.36296379,8,1.51E-05,0.000119698,Potri.018G057500
Potri.006G113600,36.34416119,8,1.52E-05,0.000120618,Potri.006G113600
Potri.007G043700,36.32025459,8,1.53E-05,0.000121808,Potri.007G043700
Potri.012G088000,36.31069831,8,1.54E-05,0.000122266,Potri.012G088000
Potri.001G439600,36.30874192,8,1.54E-05,0.000122332,Potri.001G439600
Potri.006G159200,36.30058528,8,1.55E-05,0.00012272,Potri.006G159200
Potri.002G154700,36.29474837,8,1.55E-05,0.000122988,Potri.002G154700
Potri.001G471200,36.29207763,8,1.55E-05,0.000123092,Potri.001G471200
Potri.009G047700,36.29071088,8,1.55E-05,0.000123129,Potri.009G047700
Potri.019G085100,36.27951319,8,1.56E-05,0.000123677,Potri.019G085100
Potri.010G098000,36.27742347,8,1.56E-05,0.000123752,Potri.010G098000
Potri.011G098800,36.25339262,8,1.58E-05,0.000124978,Potri.011G098800
Potri.017G090800,36.24692942,8,1.58E-05,0.000125285,Potri.017G090800
Potri.006G267600,36.22401773,8,1.60E-05,0.000126466,Potri.006G267600
Potri.001G268200,36.21677149,8,1.60E-05,0.000126818,Potri.001G268200
Potri.010G176000,36.18970287,8,1.62E-05,0.000128239,Potri.010G176000
Potri.003G146400,36.13705916,8,1.66E-05,0.000131082,Potri.003G146400
Potri.010G100400,36.13020583,8,1.66E-05,0.000131425,Potri.010G100400
Potri.014G179800,36.11907146,8,1.67E-05,0.000132006,Potri.014G179800
Potri.007G101600,36.11090077,8,1.68E-05,0.000132425,Potri.007G101600
Potri.010G242700,36.10205769,8,1.68E-05,0.000132883,Potri.010G242700
Potri.015G023300,36.09795806,8,1.68E-05,0.000133075,Potri.015G023300
Potri.014G142000,36.09060884,8,1.69E-05,0.000133451,Potri.014G142000
Potri.012G126100,36.0710769,8,1.70E-05,0.000134517,Potri.012G126100
Potri.001G178000,36.03347467,8,1.73E-05,0.000136629,Potri.001G178000
Potri.001G101400,36.01777663,8,1.74E-05,0.000137498,Potri.001G101400
Potri.003G046600,36.00873778,8,1.75E-05,0.000137984,Potri.003G046600
Potri.008G032500,35.99429529,8,1.76E-05,0.000138788,Potri.008G032500
Potri.005G083100,35.99067209,8,1.76E-05,0.000138961,Potri.005G083100
Potri.018G098400,35.9843948,8,1.77E-05,0.000139291,Potri.018G098400
Potri.002G081200,35.93710211,8,1.80E-05,0.000142055,Potri.002G081200
Potri.018G024700,35.93025324,8,1.81E-05,0.000142426,Potri.018G024700
Potri.017G110000,35.92372673,8,1.81E-05,0.000142778,Potri.017G110000
Potri.010G248401,35.91611657,8,1.82E-05,0.000143197,Potri.010G248401
Potri.016G068200,35.88248472,8,1.85E-05,0.0001452,Potri.016G068200
Potri.010G101500,35.86636779,8,1.86E-05,0.000146149,Potri.010G101500
Potri.008G075700,35.8547268,8,1.87E-05,0.000146826,Potri.008G075700
Potri.017G007200,35.84146998,8,1.88E-05,0.000147607,Potri.017G007200
Potri.018G110700,35.82969549,8,1.89E-05,0.0001483,Potri.018G110700
Potri.001G193000,35.82660563,8,1.89E-05,0.000148452,Potri.001G193000
Potri.010G150800,35.80501045,8,1.91E-05,0.000149766,Potri.010G150800
Potri.006G174801,35.80070021,8,1.91E-05,0.000149997,Potri.006G174801
Potri.005G210200,35.78896625,8,1.92E-05,0.000150698,Potri.005G210200
Potri.001G454101,35.75550874,8,1.95E-05,0.000152793,Potri.001G454101
Potri.016G031600,35.70468794,8,1.99E-05,0.000156054,Potri.016G031600
Potri.011G022800,35.67868252,8,2.01E-05,0.000157728,Potri.011G022800
Potri.006G257200,35.66428817,8,2.02E-05,0.000158642,Potri.006G257200
Potri.004G233300,35.65742575,8,2.03E-05,0.000159057,Potri.004G233300
Potri.008G062000,35.64998511,8,2.03E-05,0.000159511,Potri.008G062000
Potri.003G137400,35.63915895,8,2.04E-05,0.000160195,Potri.003G137400
Potri.005G164000,35.57767084,8,2.10E-05,0.000164347,Potri.005G164000
Potri.009G129400,35.56650959,8,2.11E-05,0.000165075,Potri.009G129400
Potri.011G009900,35.56250503,8,2.11E-05,0.000165308,Potri.011G009900
Potri.009G047500,35.53639849,8,2.13E-05,0.000167086,Potri.009G047500
Potri.019G015768,35.50745841,8,2.16E-05,0.000169086,Potri.019G015768
Potri.018G063600,35.50138161,8,2.17E-05,0.000169471,Potri.018G063600
Potri.001G455600,35.48732735,8,2.18E-05,0.000170428,Potri.001G455600
Potri.015G005000,35.4740584,8,2.19E-05,0.000171335,Potri.015G005000
Potri.005G071700,35.46643632,8,2.20E-05,0.000171837,Potri.005G071700
Potri.008G114300,35.45193723,8,2.21E-05,0.00017284,Potri.008G114300
Potri.001G104000,35.42908816,8,2.23E-05,0.00017446,Potri.001G104000
Potri.015G062700,35.41272174,8,2.25E-05,0.000175615,Potri.015G062700
Potri.016G048500,35.38892827,8,2.27E-05,0.000177331,Potri.016G048500
Potri.014G109801,35.38753092,8,2.27E-05,0.000177386,Potri.014G109801
Potri.005G037300,35.36813501,8,2.29E-05,0.000178789,Potri.005G037300
Potri.009G137000,35.28062049,8,2.38E-05,0.000185433,Potri.009G137000
Potri.002G163300,35.26468692,8,2.39E-05,0.000186627,Potri.002G163300
Potri.005G191700,35.26152454,8,2.40E-05,0.000186823,Potri.005G191700
Potri.001G392801,35.25085673,8,2.41E-05,0.00018761,Potri.001G392801
Potri.008G186900,35.24573074,8,2.41E-05,0.000187963,Potri.008G186900
Potri.009G156900,35.23143423,8,2.43E-05,0.000189043,Potri.009G156900
Potri.001G197400,35.16600944,8,2.49E-05,0.000194254,Potri.001G197400
Potri.001G368100,35.1609495,8,2.50E-05,0.000194613,Potri.001G368100
Potri.011G130533,35.14556934,8,2.52E-05,0.00019582,Potri.011G130533
Potri.017G139400,35.12646028,8,2.54E-05,0.000197342,Potri.017G139400
Potri.017G012400,35.06513079,8,2.60E-05,0.000202431,Potri.017G012400
Potri.003G105000,35.05711535,8,2.61E-05,0.000203057,Potri.003G105000
Potri.010G069000,35.04992654,8,2.62E-05,0.000203614,Potri.010G069000
Potri.002G226900,35.04067615,8,2.63E-05,0.00020435,Potri.002G226900
Potri.015G131200,35.0192343,8,2.65E-05,0.000206139,Potri.015G131200
Potri.009G010350,34.98519575,8,2.69E-05,0.000209046,Potri.009G010350
Potri.005G142732,34.95007711,8,2.73E-05,0.000212089,Potri.005G142732
Potri.016G066500,34.94138585,8,2.74E-05,0.000212805,Potri.016G066500
Potri.001G155500,34.936936,8,2.75E-05,0.000213144,Potri.001G155500
Potri.006G280000,34.91695902,8,2.77E-05,0.000214878,Potri.006G280000
Potri.009G071800,34.91199005,8,2.77E-05,0.000215267,Potri.009G071800
Potri.003G004600,34.89669267,8,2.79E-05,0.000216592,Potri.003G004600
Potri.001G321000,34.88428806,8,2.81E-05,0.000217662,Potri.001G321000
Potri.005G040300,34.85004975,8,2.85E-05,0.000220747,Potri.005G040300
Potri.001G114100,34.82668169,8,2.88E-05,0.000222858,Potri.001G114100
Potri.004G077650,34.80849742,8,2.90E-05,0.000224501,Potri.004G077650
Potri.014G162400,34.80645166,8,2.90E-05,0.000224632,Potri.014G162400
Potri.014G187300,34.79771016,8,2.91E-05,0.000225395,Potri.014G187300
Potri.004G068500,34.79592138,8,2.91E-05,0.000225465,Potri.004G068500
Potri.003G066300,34.79566424,8,2.91E-05,0.000225465,Potri.003G066300
Potri.004G106200,34.78985016,8,2.92E-05,0.000225953,Potri.004G106200
Potri.001G207000,34.77949292,8,2.93E-05,0.000226873,Potri.001G207000
Potri.011G067800,34.77656784,8,2.94E-05,0.000227089,Potri.011G067800
Potri.010G231900,34.77539157,8,2.94E-05,0.000227139,Potri.010G231900
Potri.002G214000,34.76613365,8,2.95E-05,0.000227959,Potri.002G214000
Potri.001G357100,34.74664753,8,2.97E-05,0.000229765,Potri.001G357100
Potri.010G159100,34.74162142,8,2.98E-05,0.000230186,Potri.010G159100
Potri.001G141300,34.73373327,8,2.99E-05,0.000230885,Potri.001G141300
Potri.011G095000,34.71431798,8,3.01E-05,0.000232706,Potri.011G095000
Potri.016G105500,34.71235801,8,3.02E-05,0.000232834,Potri.016G105500
Potri.006G010700,34.69955392,8,3.03E-05,0.000234022,Potri.006G010700
Potri.011G118500,34.68549599,8,3.05E-05,0.000235339,Potri.011G118500
Potri.018G035500,34.6789302,8,3.06E-05,0.000235923,Potri.018G035500
Potri.016G109000,34.66927049,8,3.07E-05,0.000236814,Potri.016G109000
Potri.014G057200,34.66114855,8,3.08E-05,0.000237556,Potri.014G057200
Potri.008G101800,34.63207033,8,3.12E-05,0.0002404,Potri.008G101800
Potri.008G167400,34.62767934,8,3.13E-05,0.000240777,Potri.008G167400
Potri.012G033200,34.60732371,8,3.15E-05,0.000242771,Potri.012G033200
Potri.009G053800,34.60337831,8,3.16E-05,0.000243106,Potri.009G053800
Potri.001G423400,34.57204829,8,3.20E-05,0.000246248,Potri.001G423400
Potri.015G138500,34.55196764,8,3.23E-05,0.000248258,Potri.015G138500
Potri.018G058300,34.53564669,8,3.25E-05,0.000249891,Potri.018G058300
Potri.014G172800,34.48421108,8,3.32E-05,0.000255257,Potri.014G172800
Potri.006G116500,34.46652702,8,3.34E-05,0.000257083,Potri.006G116500
Potri.008G198900,34.45129747,8,3.36E-05,0.000258655,Potri.008G198900
Potri.004G133260,34.43749711,8,3.38E-05,0.000260081,Potri.004G133260
Potri.001G185600,34.42771306,8,3.40E-05,0.000261077,Potri.001G185600
Potri.010G011700,34.42198093,8,3.41E-05,0.000261632,Potri.010G011700
Potri.001G472000,34.41915035,8,3.41E-05,0.000261871,Potri.001G472000
Potri.008G161100,34.390433,8,3.45E-05,0.000264962,Potri.008G161100
Potri.014G035600,34.38433855,8,3.46E-05,0.000265566,Potri.014G035600
Potri.003G074400,34.37472366,8,3.47E-05,0.000266563,Potri.003G074400
Potri.006G093800,34.37195168,8,3.48E-05,0.0002668,Potri.006G093800
Potri.010G214300,34.36654701,8,3.49E-05,0.000267331,Potri.010G214300
Potri.017G111800,34.30243226,8,3.58E-05,0.000274517,Potri.017G111800
Potri.006G203400,34.29712468,8,3.59E-05,0.000275052,Potri.006G203400
Potri.006G213300,34.29502158,8,3.59E-05,0.000275219,Potri.006G213300
Potri.009G092500,34.29273379,8,3.60E-05,0.000275408,Potri.009G092500
Potri.011G065000,34.28953591,8,3.60E-05,0.000275702,Potri.011G065000
Potri.015G073600,34.28715885,8,3.60E-05,0.000275901,Potri.015G073600
Potri.015G034500,34.26429984,8,3.64E-05,0.000278473,Potri.015G034500
Potri.018G107000,34.24232296,8,3.67E-05,0.000280966,Potri.018G107000
Potri.006G017100,34.22642553,8,3.70E-05,0.000282761,Potri.006G017100
Potri.010G217500,34.22424243,8,3.70E-05,0.000282943,Potri.010G217500
Potri.002G057000,34.19987988,8,3.74E-05,0.000285759,Potri.002G057000
Potri.003G126700,34.18058114,8,3.77E-05,0.000287994,Potri.003G126700
Potri.013G084300,34.1597645,8,3.80E-05,0.00029043,Potri.013G084300
Potri.006G057800,34.14766863,8,3.82E-05,0.000291822,Potri.006G057800
Potri.002G255500,34.13634089,8,3.84E-05,0.000293126,Potri.002G255500
Potri.010G090200,34.1326454,8,3.84E-05,0.000293499,Potri.010G090200
Potri.001G326200,34.12924243,8,3.85E-05,0.000293837,Potri.001G326200
Potri.002G091900,34.12378967,8,3.86E-05,0.000294427,Potri.002G091900
Potri.004G034100,34.10742622,8,3.88E-05,0.000296366,Potri.004G034100
Potri.002G095600,34.09464445,8,3.91E-05,0.000297871,Potri.002G095600
Potri.013G073300,34.09110467,8,3.91E-05,0.000298231,Potri.013G073300
Potri.006G112400,34.08108826,8,3.93E-05,0.000299399,Potri.006G112400
Potri.017G063500,34.07209914,8,3.94E-05,0.000300444,Potri.017G063500
Potri.003G051300,34.02143613,8,4.03E-05,0.000306781,Potri.003G051300
Potri.017G138500,33.99696343,8,4.07E-05,0.000309846,Potri.017G138500
Potri.007G147300,33.99123711,8,4.08E-05,0.000310503,Potri.007G147300
Potri.014G075200,33.97913678,8,4.10E-05,0.000311991,Potri.014G075200
Potri.008G140000,33.95474508,8,4.14E-05,0.000315096,Potri.008G140000
Potri.004G079000,33.94950182,8,4.15E-05,0.000315701,Potri.004G079000
Potri.013G035800,33.94635392,8,4.15E-05,0.000316031,Potri.013G035800
Potri.001G216500,33.92608413,8,4.19E-05,0.000318628,Potri.001G216500
Potri.010G189500,33.90371181,8,4.23E-05,0.000321528,Potri.010G189500
Potri.005G098650,33.86446883,8,4.30E-05,0.000326745,Potri.005G098650
Potri.008G053300,33.86322335,8,4.30E-05,0.000326757,Potri.008G053300
Potri.004G145700,33.86308779,8,4.30E-05,0.000326757,Potri.004G145700
Potri.001G251900,33.84347634,8,4.34E-05,0.000329351,Potri.001G251900
Potri.001G066900,33.81274806,8,4.39E-05,0.000333507,Potri.001G066900
Potri.019G008541,33.77820876,8,4.46E-05,0.000338251,Potri.019G008541
Potri.006G210700,33.76332855,8,4.48E-05,0.000340264,Potri.006G210700
Potri.012G090800,33.76073271,8,4.49E-05,0.000340541,Potri.012G090800
Potri.006G201900,33.75307425,8,4.50E-05,0.000341537,Potri.006G201900
Potri.001G182700,33.74141417,8,4.53E-05,0.000343109,Potri.001G182700
Potri.002G050000,33.73493898,8,4.54E-05,0.00034394,Potri.002G050000
Potri.008G114101,33.73431927,8,4.54E-05,0.00034394,Potri.008G114101
Potri.003G056100,33.70844969,8,4.59E-05,0.000347553,Potri.003G056100
Potri.006G146400,33.70794264,8,4.59E-05,0.000347553,Potri.006G146400
Potri.012G135700,33.69393819,8,4.62E-05,0.000349493,Potri.012G135700
Potri.015G144600,33.69126131,8,4.62E-05,0.000349789,Potri.015G144600
Potri.001G359500,33.66228553,8,4.68E-05,0.000353941,Potri.001G359500
Potri.015G042900,33.64447525,8,4.71E-05,0.000356481,Potri.015G042900
Potri.015G114600,33.63605624,8,4.73E-05,0.000357637,Potri.015G114600
Potri.019G039600,33.62262897,8,4.75E-05,0.000359546,Potri.019G039600
Potri.009G076200,33.61791411,8,4.76E-05,0.000360156,Potri.009G076200
Potri.003G015000,33.61323329,8,4.77E-05,0.000360762,Potri.003G015000
Potri.003G056900,33.60538774,8,4.79E-05,0.000361845,Potri.003G056900
Potri.010G219500,33.59454132,8,4.81E-05,0.000363386,Potri.010G219500
Potri.006G184200,33.57262364,8,4.85E-05,0.000366618,Potri.006G184200
Potri.005G252500,33.56635836,8,4.87E-05,0.000367477,Potri.005G252500
Potri.014G145000,33.56535564,8,4.87E-05,0.000367533,Potri.014G145000
Potri.005G165400,33.55907751,8,4.88E-05,0.000368396,Potri.005G165400
Potri.001G331300,33.51208111,8,4.98E-05,0.000375571,Potri.001G331300
Potri.001G145750,33.50692791,8,4.99E-05,0.000376277,Potri.001G145750
Potri.007G000400,33.50125204,8,5.00E-05,0.000377066,Potri.007G000400
Potri.009G135100,33.49906815,8,5.01E-05,0.000377308,Potri.009G135100
Potri.003G145600,33.4871303,8,5.03E-05,0.000379086,Potri.003G145600
Potri.018G127100,33.48305589,8,5.04E-05,0.000379628,Potri.018G127100
Potri.005G252600,33.455933,8,5.10E-05,0.000383833,Potri.005G252600
Potri.013G107050,33.44094116,8,5.13E-05,0.000386131,Potri.013G107050
Potri.005G006500,33.43374372,8,5.14E-05,0.000387186,Potri.005G006500
Potri.010G133001,33.42254354,8,5.17E-05,0.00038889,Potri.010G133001
Potri.004G146600,33.41848791,8,5.18E-05,0.000389443,Potri.004G146600
Potri.011G104600,33.41346499,8,5.19E-05,0.000390153,Potri.011G104600
Potri.006G199100,33.39299217,8,5.23E-05,0.000393384,Potri.006G199100
Potri.013G104200,33.38692577,8,5.24E-05,0.000394273,Potri.013G104200
Potri.017G101200,33.37650681,8,5.27E-05,0.000395879,Potri.017G101200
Potri.005G212800,33.37287714,8,5.28E-05,0.000396372,Potri.005G212800
Potri.001G104900,33.36305053,8,5.30E-05,0.000397889,Potri.001G104900
Potri.018G000600,33.34644069,8,5.33E-05,0.000400539,Potri.018G000600
Potri.005G156400,33.33915561,8,5.35E-05,0.000401648,Potri.005G156400
Potri.003G022600,33.28652834,8,5.47E-05,0.000410421,Potri.003G022600
Potri.019G090500,33.2761594,8,5.49E-05,0.000412083,Potri.019G090500
Potri.008G223000,33.24006869,8,5.57E-05,0.000418198,Potri.008G223000
Potri.019G002201,33.22510452,8,5.61E-05,0.000420694,Potri.019G002201
Potri.018G066300,33.22083445,8,5.62E-05,0.00042133,Potri.018G066300
Potri.014G085300,33.20182266,8,5.66E-05,0.000424558,Potri.014G085300
Potri.019G009198,33.19366853,8,5.68E-05,0.000425885,Potri.019G009198
Potri.010G233100,33.16414699,8,5.75E-05,0.000431024,Potri.010G233100
Potri.018G034700,33.11772197,8,5.87E-05,0.000439285,Potri.018G034700
Potri.019G082000,33.11715187,8,5.87E-05,0.000439285,Potri.019G082000
Potri.009G147800,33.11616983,8,5.87E-05,0.000439347,Potri.009G147800
Potri.007G020600,33.1006867,8,5.91E-05,0.000442063,Potri.007G020600
Potri.013G110700,33.09592352,8,5.92E-05,0.000442821,Potri.013G110700
Potri.009G024100,33.06160496,8,6.00E-05,0.000449055,Potri.009G024100
Potri.001G036100,33.05114562,8,6.03E-05,0.000450889,Potri.001G036100
Potri.014G095300,33.0476284,8,6.04E-05,0.000451429,Potri.014G095300
Potri.018G067700,33.02977025,8,6.08E-05,0.000454666,Potri.018G067700
Potri.010G226600,32.98838147,8,6.19E-05,0.000462419,Potri.010G226600
Potri.011G103700,32.96082983,8,6.26E-05,0.000467611,Potri.011G103700
Potri.010G161400,32.95391559,8,6.28E-05,0.00046883,Potri.010G161400
Potri.005G175900,32.93344945,8,6.33E-05,0.000472701,Potri.005G175900
Potri.010G234400,32.93112273,8,6.34E-05,0.000473033,Potri.010G234400
Potri.001G115800,32.90943056,8,6.39E-05,0.000477181,Potri.001G115800
Potri.001G304900,32.89817745,8,6.42E-05,0.000479286,Potri.001G304900
Potri.006G260100,32.89377865,8,6.44E-05,0.000480035,Potri.006G260100
Potri.005G208900,32.89129681,8,6.44E-05,0.000480402,Potri.005G208900
Potri.006G253800,32.87901998,8,6.48E-05,0.000482726,Potri.006G253800
Potri.018G050200,32.8766833,8,6.48E-05,0.000483067,Potri.018G050200
Potri.016G098500,32.85608188,8,6.54E-05,0.000487082,Potri.016G098500
Potri.015G033200,32.84994996,8,6.55E-05,0.000488193,Potri.015G033200
Potri.008G098600,32.82254894,8,6.63E-05,0.000493639,Potri.008G098600
Potri.006G193300,32.82062087,8,6.63E-05,0.000493903,Potri.006G193300
Potri.002G135400,32.81538259,8,6.65E-05,0.000494846,Potri.002G135400
Potri.014G118100,32.79908428,8,6.69E-05,0.000498069,Potri.014G118100
Potri.003G075000,32.79523906,8,6.70E-05,0.000498732,Potri.003G075000
Potri.017G007700,32.78190311,8,6.74E-05,0.000501364,Potri.017G007700
Potri.002G129000,32.76853177,8,6.78E-05,0.000504016,Potri.002G129000
Potri.004G217800,32.74935115,8,6.83E-05,0.000507904,Potri.004G217800
Potri.017G090600,32.74606531,8,6.84E-05,0.000508462,Potri.017G090600
Potri.015G105200,32.74089641,8,6.86E-05,0.000509418,Potri.015G105200
Potri.013G113500,32.73754658,8,6.87E-05,0.000509992,Potri.013G113500
Potri.008G146000,32.73084641,8,6.89E-05,0.000511275,Potri.008G146000
Potri.017G125500,32.68498911,8,7.02E-05,0.000520941,Potri.017G125500
Potri.011G037100,32.65580747,8,7.10E-05,0.000527136,Potri.011G037100
Potri.001G082800,32.64104682,8,7.15E-05,0.000530228,Potri.001G082800
Potri.013G114400,32.60007334,8,7.27E-05,0.000539156,Potri.013G114400
Potri.004G006200,32.59623925,8,7.28E-05,0.000539871,Potri.004G006200
Potri.010G213000,32.58616247,8,7.31E-05,0.000541985,Potri.010G213000
Potri.006G034300,32.58281773,8,7.32E-05,0.000542594,Potri.006G034300
Potri.012G021000,32.55311587,8,7.41E-05,0.000549031,Potri.012G021000
Potri.014G111600,32.55305093,8,7.41E-05,0.000549031,Potri.014G111600
Potri.006G153900,32.53680256,8,7.46E-05,0.000552498,Potri.006G153900
Potri.016G051100,32.5365721,8,7.46E-05,0.000552498,Potri.016G051100
Potri.015G062900,32.53381033,8,7.47E-05,0.000552985,Potri.015G062900
Potri.018G151900,32.51304286,8,7.54E-05,0.000557611,Potri.018G151900
Potri.013G007700,32.49620864,8,7.59E-05,0.00056136,Potri.013G007700
Potri.002G224600,32.48406975,8,7.63E-05,0.000564039,Potri.002G224600
Potri.009G100100,32.47863374,8,7.64E-05,0.00056516,Potri.009G100100
Potri.001G094332,32.46810641,8,7.68E-05,0.000567478,Potri.001G094332
Potri.003G135400,32.46381236,8,7.69E-05,0.000568338,Potri.003G135400
Potri.001G145300,32.44102181,8,7.76E-05,0.00057357,Potri.001G145300
Potri.005G219500,32.43868674,8,7.77E-05,0.000573974,Potri.005G219500
Potri.003G099800,32.43711145,8,7.78E-05,0.000574198,Potri.003G099800
Potri.005G076100,32.41344544,8,7.85E-05,0.000579693,Potri.005G076100
Potri.T005401,32.41034413,8,7.86E-05,0.000580285,Potri.T005401
Potri.005G213200,32.40962837,8,7.86E-05,0.000580306,Potri.005G213200
Potri.005G173000,32.40214358,8,7.89E-05,0.000581952,Potri.005G173000
Potri.005G109900,32.4009687,8,7.89E-05,0.000582083,Potri.005G109900
Potri.003G156000,32.3999422,8,7.90E-05,0.000582179,Potri.003G156000
Potri.008G101100,32.39853569,8,7.90E-05,0.000582365,Potri.008G101100
Potri.001G351000,32.38094804,8,7.96E-05,0.000586462,Potri.001G351000
Potri.009G084666,32.37462639,8,7.98E-05,0.000587843,Potri.009G084666
Potri.001G094700,32.34040442,8,8.09E-05,0.000596062,Potri.001G094700
Potri.017G100100,32.32309571,8,8.15E-05,0.000600184,Potri.017G100100
Potri.014G039100,32.28700031,8,8.27E-05,0.000609043,Potri.014G039100
Potri.008G096900,32.27324059,8,8.32E-05,0.000612356,Potri.008G096900
Potri.017G148600,32.26777654,8,8.34E-05,0.00061358,Potri.017G148600
Potri.015G006700,32.26260267,8,8.36E-05,0.000614733,Potri.015G006700
Potri.001G210200,32.24058329,8,8.43E-05,0.000620188,Potri.001G210200
Potri.010G216100,32.22380041,8,8.49E-05,0.000624339,Potri.010G216100
Potri.019G035200,32.20056944,8,8.57E-05,0.000630193,Potri.019G035200
Potri.005G105900,32.16780268,8,8.69E-05,0.000638611,Potri.005G105900
Potri.015G114501,32.16331387,8,8.71E-05,0.000639629,Potri.015G114501
Potri.007G053000,32.15926134,8,8.72E-05,0.000640534,Potri.007G053000
Potri.001G060100,32.14760038,8,8.76E-05,0.000643457,Potri.001G060100
Potri.017G143433,32.14278926,8,8.78E-05,0.000644569,Potri.017G143433
Potri.008G097000,32.09804265,8,8.94E-05,0.000656413,Potri.008G097000
Potri.011G098600,32.09058209,8,8.97E-05,0.000658266,Potri.011G098600
Potri.004G235200,32.08924409,8,8.98E-05,0.000658459,Potri.004G235200
Potri.010G141700,32.08421855,8,9.00E-05,0.000659654,Potri.010G141700
Potri.006G263400,32.08114195,8,9.01E-05,0.000660321,Potri.006G263400
Potri.017G001600,32.07905229,8,9.02E-05,0.000660719,Potri.017G001600
Potri.002G066000,32.07286299,8,9.04E-05,0.000662237,Potri.002G066000
Potri.012G131800,32.07107044,8,9.05E-05,0.000662555,Potri.012G131800
Potri.003G071300,32.0642971,8,9.07E-05,0.000664238,Potri.003G071300
Potri.017G145532,32.0514116,8,9.12E-05,0.000667605,Potri.017G145532
Potri.005G185900,32.04506754,8,9.14E-05,0.000669181,Potri.005G185900
Potri.013G057700,32.03744542,8,9.17E-05,0.000671115,Potri.013G057700
Potri.008G192600,32.02541233,8,9.22E-05,0.00067428,Potri.008G192600
Potri.015G116100,32.0082132,8,9.28E-05,0.000678904,Potri.015G116100
Potri.005G097600,32.00431727,8,9.30E-05,0.00067982,Potri.005G097600
Potri.003G048800,31.99498418,8,9.33E-05,0.000682266,Potri.003G048800
Potri.006G265700,31.95659499,8,9.48E-05,0.000692972,Potri.006G265700
Potri.001G264900,31.94800869,8,9.52E-05,0.00069525,Potri.001G264900
Potri.015G007800,31.91955086,8,9.63E-05,0.000703273,Potri.015G007800
Potri.001G175400,31.91611321,8,9.64E-05,0.000704088,Potri.001G175400
Potri.012G093800,31.91262252,8,9.66E-05,0.00070492,Potri.012G093800
Potri.006G247400,31.87750894,8,9.80E-05,0.000715011,Potri.006G247400
Potri.002G106900,31.86799356,8,9.84E-05,0.000717635,Potri.002G106900
Potri.017G009500,31.84422318,8,9.93E-05,0.000724511,Potri.017G009500
Potri.003G131300,31.83599779,8,9.97E-05,0.000726783,Potri.003G131300
Potri.008G154301,31.81804984,8,0.000100395,0.000731988,Potri.008G154301
Potri.001G171900,31.78917217,8,0.000101597,0.000740556,Potri.001G171900
Potri.008G140200,31.78450097,8,0.000101792,0.000741791,Potri.008G140200
Potri.014G027200,31.76807477,8,0.000102483,0.000746634,Potri.014G027200
Potri.006G111700,31.74708822,8,0.000103373,0.00075292,Potri.006G111700
Potri.017G049200,31.71465433,8,0.000104762,0.000762845,Potri.017G049200
Potri.015G070500,31.69112577,8,0.000105782,0.000770071,Potri.015G070500
Potri.006G114800,31.68506151,8,0.000106046,0.000771797,Potri.006G114800
Potri.010G064600,31.68130276,8,0.000106211,0.000772793,Potri.010G064600
Potri.007G044750,31.65489911,8,0.000107371,0.000781036,Potri.007G044750
Potri.018G006200,31.64177535,8,0.000107952,0.000785063,Potri.018G006200
Potri.007G023900,31.6340299,8,0.000108297,0.000787367,Potri.007G023900
Potri.004G208700,31.5859793,8,0.000110459,0.00080288,Potri.004G208700
Potri.013G068300,31.57090169,8,0.000111146,0.000807667,Potri.013G068300
Potri.001G055000,31.54316337,8,0.000112422,0.000816724,Potri.001G055000
Potri.013G093700,31.51103902,8,0.000113916,0.000827371,Potri.013G093700
Potri.005G113100,31.50155153,8,0.000114362,0.000830391,Potri.005G113100
Potri.003G067800,31.49032821,8,0.00011489,0.000834017,Potri.003G067800
Potri.004G105400,31.47933748,8,0.000115411,0.000837579,Potri.004G105400
Potri.001G448300,31.46532111,8,0.000116078,0.000842202,Potri.001G448300
Potri.014G149600,31.44046964,8,0.000117269,0.00085063,Potri.014G149600
Potri.016G111600,31.43237476,8,0.00011766,0.000853246,Potri.016G111600
Potri.006G243100,31.41527731,8,0.00011849,0.000859041,Potri.006G243100
Potri.001G352500,31.41315008,8,0.000118593,0.000859572,Potri.001G352500
Potri.005G087400,31.3961396,8,0.000119425,0.000865379,Potri.005G087400
Potri.001G261300,31.3943649,8,0.000119512,0.000865788,Potri.001G261300
Potri.003G147700,31.39056297,8,0.000119699,0.00086692,Potri.003G147700
Potri.010G087900,31.38261469,8,0.00012009,0.000869532,Potri.010G087900
Potri.010G123600,31.37222825,8,0.000120604,0.000873027,Potri.010G123600
Potri.002G252700,31.37023554,8,0.000120703,0.000873518,Potri.002G252700
Potri.007G098600,31.34532427,8,0.000121944,0.000882276,Potri.007G098600
Potri.010G027400,31.32346424,8,0.000123044,0.000890005,Potri.010G027400
Potri.001G429660,31.31714072,8,0.000123364,0.000892091,Potri.001G429660
Potri.014G191500,31.31471368,8,0.000123487,0.000892752,Potri.014G191500
Potri.002G044300,31.30525229,8,0.000123967,0.000895998,Potri.002G044300
Potri.005G157400,31.28881002,8,0.000124807,0.000901837,Potri.005G157400
Potri.008G144600,31.2734842,8,0.000125595,0.000907297,Potri.008G144600
Potri.014G082600,31.2548703,8,0.000126558,0.000914023,Potri.014G082600
Potri.014G039333,31.25073531,8,0.000126773,0.000915342,Potri.014G039333
Potri.010G081500,31.2228056,8,0.000128235,0.000925659,Potri.010G081500
Potri.005G232900,31.19592409,8,0.000129657,0.000935687,Potri.005G232900
Potri.002G097132,31.19237408,8,0.000129846,0.000936812,Potri.002G097132
Potri.006G267500,31.18798923,8,0.00013008,0.00093826,Potri.006G267500
Potri.001G157700,31.1605362,8,0.000131553,0.000948645,Potri.001G157700
Potri.002G049900,31.1321126,8,0.000133096,0.000959525,Potri.002G049900
Potri.007G100600,31.12280206,8,0.000133605,0.000962951,Potri.007G100600
Potri.011G115900,31.11348018,8,0.000134117,0.000966393,Potri.011G115900
Potri.003G006800,31.11124842,8,0.00013424,0.000967031,Potri.003G006800
Potri.010G225400,31.08011758,8,0.000135964,0.000979205,Potri.010G225400
Potri.017G123300,31.06745059,8,0.000136672,0.000984053,Potri.017G123300
Potri.009G121100,31.06263709,8,0.000136942,0.000985746,Potri.009G121100
Potri.001G371700,31.04786148,8,0.000137774,0.000991483,Potri.001G371700
Potri.002G099400,31.03353315,8,0.000138586,0.000997069,Potri.002G099400