,waldStat_2,df_2,pvalue_2,fdr_2,gene_id
Potri.001G371900,29668.87908,8,0,0,Potri.001G371900
Potri.006G123500,3004.450011,8,0,0,Potri.006G123500
Potri.002G257900,2518.987392,8,0,0,Potri.002G257900
Potri.001G068100,2348.927962,8,0,0,Potri.001G068100
Potri.009G092300,2082.572962,8,0,0,Potri.009G092300
Potri.011G069600,2023.043218,8,0,0,Potri.011G069600
Potri.009G027300,1959.27995,8,0,0,Potri.009G027300
Potri.018G103900,1952.715646,8,0,0,Potri.018G103900
Potri.002G033000,1823.470142,8,0,0,Potri.002G033000
Potri.002G008800,1794.592732,8,0,0,Potri.002G008800
Potri.001G416300,1719.576076,8,0,0,Potri.001G416300
Potri.019G038268,1655.879355,8,0,0,Potri.019G038268
Potri.003G070200,1644.222099,8,0,0,Potri.003G070200
Potri.010G132500,1596.862988,8,0,0,Potri.010G132500
Potri.005G233600,1585.035329,8,0,0,Potri.005G233600
Potri.009G006500,1535.924612,8,0,0,Potri.009G006500
Potri.001G235500,1521.561559,8,0,0,Potri.001G235500
Potri.006G181900,1508.967626,8,0,0,Potri.006G181900
Potri.009G009500,1501.330848,8,0,0,Potri.009G009500
Potri.015G012500,1471.507968,8,0,0,Potri.015G012500
Potri.005G061600,1442.342865,8,0,0,Potri.005G061600
Potri.014G108300,1438.193789,8,0,0,Potri.014G108300
Potri.013G157900,1402.054932,8,0,0,Potri.013G157900
Potri.005G129500,1375.479531,8,0,0,Potri.005G129500
Potri.011G068300,1371.43023,8,0,0,Potri.011G068300
Potri.002G034400,1368.165304,8,0,0,Potri.002G034400
Potri.008G201600,1345.777512,8,0,0,Potri.008G201600
Potri.004G211900,1330.691533,8,0,0,Potri.004G211900
Potri.010G187600,1326.892883,8,0,0,Potri.010G187600
Potri.002G101200,1321.368403,8,0,0,Potri.002G101200
Potri.002G049400,1306.697025,8,0,0,Potri.002G049400
Potri.019G014405,1258.833847,8,0,0,Potri.019G014405
Potri.013G083800,1244.458025,8,0,0,Potri.013G083800
Potri.009G011100,1221.405419,8,0,0,Potri.009G011100
Potri.016G051900,1218.281454,8,0,0,Potri.016G051900
Potri.001G087701,1216.240845,8,0,0,Potri.001G087701
Potri.014G092300,1205.426665,8,0,0,Potri.014G092300
Potri.004G007600,1192.774185,8,0,0,Potri.004G007600
Potri.016G112000,1187.20805,8,0,0,Potri.016G112000
Potri.002G029100,1168.479935,8,0,0,Potri.002G029100
Potri.009G061100,1165.201662,8,0,0,Potri.009G061100
Potri.006G021600,1163.931383,8,0,0,Potri.006G021600
Potri.015G034700,1135.414813,8,0,0,Potri.015G034700
Potri.014G096200,1112.859731,8,0,0,Potri.014G096200
Potri.019G055800,1094.941293,8,0,0,Potri.019G055800
Potri.006G224800,1090.949939,8,0,0,Potri.006G224800
Potri.016G064600,1087.548188,8,0,0,Potri.016G064600
Potri.001G416800,1087.192827,8,0,0,Potri.001G416800
Potri.008G197000,1078.265355,8,0,0,Potri.008G197000
Potri.008G006500,1076.970642,8,0,0,Potri.008G006500
Potri.008G112300,1074.887828,8,0,0,Potri.008G112300
Potri.001G063309,1067.733694,8,0,0,Potri.001G063309
Potri.004G196500,1066.516697,8,0,0,Potri.004G196500
Potri.010G069000,1062.623891,8,0,0,Potri.010G069000
Potri.008G006000,1052.605397,8,0,0,Potri.008G006000
Potri.001G055100,1048.584947,8,0,0,Potri.001G055100
Potri.008G182700,1047.82022,8,0,0,Potri.008G182700
Potri.008G151700,1040.426264,8,0,0,Potri.008G151700
Potri.014G032300,1038.548705,8,0,0,Potri.014G032300
Potri.015G143600,1027.896438,8,0,0,Potri.015G143600
Potri.006G033500,1018.851785,8,0,0,Potri.006G033500
Potri.001G403600,1011.948418,8,0,0,Potri.001G403600
Potri.007G038300,1011.546555,8,0,0,Potri.007G038300
Potri.001G050100,1008.481974,8,0,0,Potri.001G050100
Potri.006G056300,1002.839841,8,0,0,Potri.006G056300
Potri.014G029900,1001.631394,8,0,0,Potri.014G029900
Potri.008G069700,999.2849352,8,0,0,Potri.008G069700
Potri.006G178200,995.5463536,8,0,0,Potri.006G178200
Potri.018G006000,969.9316412,8,0,0,Potri.018G006000
Potri.002G257700,968.412371,8,0,0,Potri.002G257700
Potri.002G119300,961.3129344,8,0,0,Potri.002G119300
Potri.018G099800,956.4443324,8,0,0,Potri.018G099800
Potri.008G100300,951.1126171,8,0,0,Potri.008G100300
Potri.006G139500,940.6425246,8,0,0,Potri.006G139500
Potri.007G107200,934.3391693,8,0,0,Potri.007G107200
Potri.006G035400,927.0638369,8,0,0,Potri.006G035400
Potri.003G083600,922.0736474,8,0,0,Potri.003G083600
Potri.010G076200,914.8873099,8,0,0,Potri.010G076200
Potri.010G004400,912.6582786,8,0,0,Potri.010G004400
Potri.001G112200,908.6757845,8,0,0,Potri.001G112200
Potri.006G136700,904.706356,8,0,0,Potri.006G136700
Potri.009G140600,902.1597754,8,0,0,Potri.009G140600
Potri.005G257900,894.2973945,8,0,0,Potri.005G257900
Potri.006G278700,894.1056105,8,0,0,Potri.006G278700
Potri.006G076200,884.2717355,8,0,0,Potri.006G076200
Potri.001G099400,878.8302619,8,0,0,Potri.001G099400
Potri.012G080000,866.0542025,8,0,0,Potri.012G080000
Potri.019G049201,864.5954767,8,0,0,Potri.019G049201
Potri.004G135300,858.4739101,8,0,0,Potri.004G135300
Potri.013G066200,857.7794503,8,0,0,Potri.013G066200
Potri.005G205700,847.6410913,8,0,0,Potri.005G205700
Potri.008G038900,847.2338435,8,0,0,Potri.008G038900
Potri.009G074300,845.9974478,8,0,0,Potri.009G074300
Potri.006G052600,841.6535109,8,0,0,Potri.006G052600
Potri.015G069000,837.9700461,8,0,0,Potri.015G069000
Potri.007G043900,833.6829646,8,0,0,Potri.007G043900
Potri.008G026400,832.6648786,8,0,0,Potri.008G026400
Potri.005G137500,829.5302118,8,0,0,Potri.005G137500
Potri.011G165100,825.1753684,8,0,0,Potri.011G165100
Potri.006G016200,824.0500452,8,0,0,Potri.006G016200
Potri.007G039100,821.6412099,8,0,0,Potri.007G039100
Potri.002G025200,818.0506912,8,0,0,Potri.002G025200
Potri.001G280200,811.2323583,8,0,0,Potri.001G280200
Potri.016G032400,809.6044955,8,0,0,Potri.016G032400
Potri.007G039000,809.4419495,8,0,0,Potri.007G039000
Potri.012G142300,806.6558932,8,0,0,Potri.012G142300
Potri.001G467600,786.7462909,8,0,0,Potri.001G467600
Potri.003G138100,786.7459283,8,0,0,Potri.003G138100
Potri.008G012400,783.4256378,8,0,0,Potri.008G012400
Potri.011G153700,776.9233019,8,0,0,Potri.011G153700
Potri.002G189200,774.0202641,8,0,0,Potri.002G189200
Potri.011G129100,773.8658213,8,0,0,Potri.011G129100
Potri.009G010400,770.4774577,8,0,0,Potri.009G010400
Potri.018G108200,768.4719148,8,0,0,Potri.018G108200
Potri.006G275000,766.5617956,8,0,0,Potri.006G275000
Potri.007G135300,764.5574874,8,0,0,Potri.007G135300
Potri.005G141300,758.7413511,8,0,0,Potri.005G141300
Potri.014G076300,758.0081433,8,0,0,Potri.014G076300
Potri.005G199600,747.575345,8,0,0,Potri.005G199600
Potri.014G091800,745.1405858,8,0,0,Potri.014G091800
Potri.002G146400,743.4186449,8,0,0,Potri.002G146400
Potri.019G034800,738.9649283,8,0,0,Potri.019G034800
Potri.015G069200,735.7507505,8,0,0,Potri.015G069200
Potri.007G014400,734.9547533,8,0,0,Potri.007G014400
Potri.008G069400,734.2655906,8,0,0,Potri.008G069400
Potri.003G155200,731.1416692,8,0,0,Potri.003G155200
Potri.007G100100,729.7512,8,0,0,Potri.007G100100
Potri.010G041100,724.9666135,8,0,0,Potri.010G041100
Potri.014G024700,722.7960861,8,0,0,Potri.014G024700
Potri.019G072800,722.7322323,8,0,0,Potri.019G072800
Potri.002G099200,716.0679713,8,0,0,Potri.002G099200
Potri.012G127700,714.6775801,8,0,0,Potri.012G127700
Potri.016G020000,712.9847574,8,0,0,Potri.016G020000
Potri.017G143215,709.446318,8,0,0,Potri.017G143215
Potri.001G410600,708.7704767,8,0,0,Potri.001G410600
Potri.014G115500,703.3473112,8,0,0,Potri.014G115500
Potri.001G358200,701.2704852,8,0,0,Potri.001G358200
Potri.001G037400,701.0715424,8,0,0,Potri.001G037400
Potri.002G154100,700.239317,8,0,0,Potri.002G154100
Potri.002G192500,696.6153634,8,0,0,Potri.002G192500
Potri.001G472800,695.4899516,8,0,0,Potri.001G472800
Potri.011G079400,687.6021084,8,0,0,Potri.011G079400
Potri.010G001600,687.0310209,8,0,0,Potri.010G001600
Potri.002G085100,677.8885598,8,0,0,Potri.002G085100
Potri.002G063700,675.2841945,8,0,0,Potri.002G063700
Potri.008G030200,674.3621704,8,0,0,Potri.008G030200
Potri.006G152700,672.6336928,8,0,0,Potri.006G152700
Potri.010G188100,672.370163,8,0,0,Potri.010G188100
Potri.016G134600,664.2057065,8,0,0,Potri.016G134600
Potri.002G112100,661.8439591,8,0,0,Potri.002G112100
Potri.013G153400,661.4452169,8,0,0,Potri.013G153400
Potri.005G003300,657.6787107,8,0,0,Potri.005G003300
Potri.002G123500,656.6237578,8,0,0,Potri.002G123500
Potri.007G046700,653.5182184,8,0,0,Potri.007G046700
Potri.001G158000,651.8316289,8,0,0,Potri.001G158000
Potri.008G029800,651.6866014,8,0,0,Potri.008G029800
Potri.014G103600,651.6393889,8,0,0,Potri.014G103600
Potri.006G129200,647.9118429,8,0,0,Potri.006G129200
Potri.005G232700,647.416686,8,0,0,Potri.005G232700
Potri.010G221600,641.132507,8,0,0,Potri.010G221600
Potri.002G185300,640.4314685,8,0,0,Potri.002G185300
Potri.010G148500,638.9387605,8,0,0,Potri.010G148500
Potri.011G134200,638.4742676,8,0,0,Potri.011G134200
Potri.002G260800,636.2069263,8,0,0,Potri.002G260800
Potri.001G297200,631.7501429,8,0,0,Potri.001G297200
Potri.008G032700,631.7116992,8,0,0,Potri.008G032700
Potri.010G105900,628.8832124,8,0,0,Potri.010G105900
Potri.010G042200,627.0877714,8,0,0,Potri.010G042200
Potri.011G165200,626.4741849,8,0,0,Potri.011G165200
Potri.008G099300,626.2724048,8,0,0,Potri.008G099300
Potri.003G214200,625.8746767,8,0,0,Potri.003G214200
Potri.016G006200,621.9432366,8,0,0,Potri.016G006200
Potri.002G240900,619.8730219,8,0,0,Potri.002G240900
Potri.001G032500,617.8413794,8,0,0,Potri.001G032500
Potri.015G033600,616.7100785,8,0,0,Potri.015G033600
Potri.014G081700,616.6492935,8,0,0,Potri.014G081700
Potri.001G320400,615.9470502,8,0,0,Potri.001G320400
Potri.006G096900,614.7467515,8,0,0,Potri.006G096900
Potri.004G118600,612.644229,8,0,0,Potri.004G118600
Potri.005G113600,610.4704396,8,0,0,Potri.005G113600
Potri.015G104700,606.6173987,8,0,0,Potri.015G104700
Potri.015G042800,606.3232644,8,0,0,Potri.015G042800
Potri.001G077600,593.8770211,8,0,0,Potri.001G077600
Potri.005G208500,593.4316562,8,0,0,Potri.005G208500
Potri.003G133300,592.715126,8,0,0,Potri.003G133300
Potri.002G233400,588.9848811,8,0,0,Potri.002G233400
Potri.018G120800,587.7405053,8,0,0,Potri.018G120800
Potri.005G053800,587.0397142,8,0,0,Potri.005G053800
Potri.018G139300,585.1740247,8,0,0,Potri.018G139300
Potri.008G152200,584.6592544,8,0,0,Potri.008G152200
Potri.016G024700,581.7330885,8,0,0,Potri.016G024700
Potri.001G301900,575.2375128,8,0,0,Potri.001G301900
Potri.001G126100,575.1774486,8,0,0,Potri.001G126100
Potri.005G205800,574.236345,8,0,0,Potri.005G205800
Potri.013G150500,570.6007764,8,0,0,Potri.013G150500
Potri.013G031400,570.1554396,8,0,0,Potri.013G031400
Potri.015G135500,569.7379296,8,0,0,Potri.015G135500
Potri.002G036200,568.7255082,8,0,0,Potri.002G036200
Potri.014G036500,568.588901,8,0,0,Potri.014G036500
Potri.014G076800,567.2918921,8,0,0,Potri.014G076800
Potri.001G332300,567.2101042,8,0,0,Potri.001G332300
Potri.002G222700,567.0335058,8,0,0,Potri.002G222700
Potri.010G117500,565.9406638,8,0,0,Potri.010G117500
Potri.015G029400,565.2072849,8,0,0,Potri.015G029400
Potri.008G069000,563.0540091,8,0,0,Potri.008G069000
Potri.017G133600,562.8420259,8,0,0,Potri.017G133600
Potri.008G094800,561.0745126,8,0,0,Potri.008G094800
Potri.010G231200,560.7831138,8,0,0,Potri.010G231200
Potri.012G034400,559.528739,8,0,0,Potri.012G034400
Potri.008G091700,558.8006157,8,0,0,Potri.008G091700
Potri.011G122900,556.6749134,8,0,0,Potri.011G122900
Potri.018G018400,556.5730133,8,0,0,Potri.018G018400
Potri.011G096500,555.206871,8,0,0,Potri.011G096500
Potri.007G052000,555.177581,8,0,0,Potri.007G052000
Potri.009G011000,552.8908542,8,0,0,Potri.009G011000
Potri.013G041000,552.0529892,8,0,0,Potri.013G041000
Potri.010G223300,550.4660542,8,0,0,Potri.010G223300
Potri.007G007400,548.5433303,8,0,0,Potri.007G007400
Potri.002G201000,545.0087336,8,0,0,Potri.002G201000
Potri.001G409500,543.9286945,8,0,0,Potri.001G409500
Potri.002G072200,542.8747825,8,0,0,Potri.002G072200
Potri.001G077160,542.8622799,8,0,0,Potri.001G077160
Potri.013G081700,540.691685,8,0,0,Potri.013G081700
Potri.006G167700,536.285209,8,0,0,Potri.006G167700
Potri.017G119900,532.3625681,8,0,0,Potri.017G119900
Potri.003G045300,531.5682174,8,0,0,Potri.003G045300
Potri.017G059300,530.4301108,8,0,0,Potri.017G059300
Potri.014G017500,530.3290904,8,0,0,Potri.014G017500
Potri.003G000800,530.0815017,8,0,0,Potri.003G000800
Potri.011G132600,530.0267683,8,0,0,Potri.011G132600
Potri.004G033500,528.0086861,8,0,0,Potri.004G033500
Potri.012G088300,526.2212765,8,0,0,Potri.012G088300
Potri.003G164200,525.141293,8,0,0,Potri.003G164200
Potri.013G114200,524.3286536,8,0,0,Potri.013G114200
Potri.004G126800,522.1099383,8,0,0,Potri.004G126800
Potri.006G005600,521.0066746,8,0,0,Potri.006G005600
Potri.006G097100,518.689625,8,0,0,Potri.006G097100
Potri.008G020900,515.5833359,8,0,0,Potri.008G020900
Potri.014G171500,514.0729483,8,0,0,Potri.014G171500
Potri.014G126100,513.0129388,8,0,0,Potri.014G126100
Potri.017G082300,512.7623802,8,0,0,Potri.017G082300
Potri.010G163200,511.3882187,8,0,0,Potri.010G163200
Potri.002G236200,510.4795946,8,0,0,Potri.002G236200
Potri.010G244900,509.6345731,8,0,0,Potri.010G244900
Potri.009G053900,509.6111121,8,0,0,Potri.009G053900
Potri.004G068500,506.1402116,8,0,0,Potri.004G068500
Potri.004G009600,504.3903579,8,0,0,Potri.004G009600
Potri.001G373100,503.9175875,8,0,0,Potri.001G373100
Potri.015G142000,501.7815661,8,0,0,Potri.015G142000
Potri.008G186500,501.3387767,8,0,0,Potri.008G186500
Potri.011G152400,500.9057212,8,0,0,Potri.011G152400
Potri.016G001000,500.3450254,8,0,0,Potri.016G001000
Potri.007G110500,499.1136701,8,0,0,Potri.007G110500
Potri.011G067400,499.0785809,8,0,0,Potri.011G067400
Potri.004G224200,498.0563316,8,0,0,Potri.004G224200
Potri.006G192000,495.312432,8,0,0,Potri.006G192000
Potri.018G017701,494.1272155,8,0,0,Potri.018G017701
Potri.003G118000,490.7893452,8,0,0,Potri.003G118000
Potri.009G075400,490.3368961,8,0,0,Potri.009G075400
Potri.008G156600,489.566454,8,0,0,Potri.008G156600
Potri.001G012200,487.3052848,8,0,0,Potri.001G012200
Potri.007G034500,486.9504256,8,0,0,Potri.007G034500
Potri.008G073700,485.8623063,8,0,0,Potri.008G073700
Potri.001G239300,484.3802557,8,0,0,Potri.001G239300
Potri.001G292900,483.3848443,8,0,0,Potri.001G292900
Potri.008G221400,483.08347,8,0,0,Potri.008G221400
Potri.018G091600,482.5359129,8,0,0,Potri.018G091600
Potri.018G062700,482.3598158,8,0,0,Potri.018G062700
Potri.001G415600,481.3934973,8,0,0,Potri.001G415600
Potri.003G161900,479.8678227,8,0,0,Potri.003G161900
Potri.003G101600,479.4474485,8,0,0,Potri.003G101600
Potri.009G013300,479.1176493,8,0,0,Potri.009G013300
Potri.012G142200,478.7160804,8,0,0,Potri.012G142200
Potri.012G145800,477.6137324,8,0,0,Potri.012G145800
Potri.007G107300,477.1539959,8,0,0,Potri.007G107300
Potri.001G449100,474.7934324,8,0,0,Potri.001G449100
Potri.018G104400,474.5302438,8,0,0,Potri.018G104400
Potri.008G055900,473.4898867,8,0,0,Potri.008G055900
Potri.014G039600,469.3457934,8,0,0,Potri.014G039600
Potri.006G018000,466.0082903,8,0,0,Potri.006G018000
Potri.014G075100,465.8831328,8,0,0,Potri.014G075100
Potri.001G340000,465.8525675,8,0,0,Potri.001G340000
Potri.007G056400,463.2021767,8,0,0,Potri.007G056400
Potri.006G003000,463.0464991,8,0,0,Potri.006G003000
Potri.011G094800,460.1008488,8,0,0,Potri.011G094800
Potri.003G003300,459.7463399,8,0,0,Potri.003G003300
Potri.002G127800,459.2980813,8,0,0,Potri.002G127800
Potri.013G156200,458.408459,8,0,0,Potri.013G156200
Potri.014G147000,456.6396025,8,0,0,Potri.014G147000
Potri.014G043300,456.3488907,8,0,0,Potri.014G043300
Potri.005G182800,456.2775687,8,0,0,Potri.005G182800
Potri.008G018400,454.2907361,8,0,0,Potri.008G018400
Potri.012G007500,454.2342185,8,0,0,Potri.012G007500
Potri.016G109700,453.6803924,8,0,0,Potri.016G109700
Potri.017G144181,453.6512733,8,0,0,Potri.017G144181
Potri.009G091600,452.2745815,8,0,0,Potri.009G091600
Potri.002G223300,449.9634357,8,0,0,Potri.002G223300
Potri.012G091400,448.150012,8,0,0,Potri.012G091400
Potri.004G053000,448.0148395,8,0,0,Potri.004G053000
Potri.007G011900,445.1527565,8,0,0,Potri.007G011900
Potri.016G004401,444.7311623,8,0,0,Potri.016G004401
Potri.008G126800,440.601857,8,0,0,Potri.008G126800
Potri.005G162800,440.345483,8,0,0,Potri.005G162800
Potri.013G102200,439.4643276,8,0,0,Potri.013G102200
Potri.004G135200,438.7665566,8,0,0,Potri.004G135200
Potri.006G062200,438.0222696,8,0,0,Potri.006G062200
Potri.006G045500,436.6440922,8,0,0,Potri.006G045500
Potri.008G128800,435.6888532,8,0,0,Potri.008G128800
Potri.007G011200,435.631116,8,0,0,Potri.007G011200
Potri.003G114100,435.5225447,8,0,0,Potri.003G114100
Potri.004G048301,435.0405631,8,0,0,Potri.004G048301
Potri.002G104400,432.7510431,8,0,0,Potri.002G104400
Potri.006G144500,432.5370275,8,0,0,Potri.006G144500
Potri.006G009000,429.6547654,8,0,0,Potri.006G009000
Potri.011G146900,429.2003893,8,0,0,Potri.011G146900
Potri.019G084100,428.535065,8,0,0,Potri.019G084100
Potri.006G138500,427.9851495,8,0,0,Potri.006G138500
Potri.010G084300,427.5717672,8,0,0,Potri.010G084300
Potri.015G106000,427.3518995,8,0,0,Potri.015G106000
Potri.010G121800,427.2044202,8,0,0,Potri.010G121800
Potri.004G148300,426.502212,8,0,0,Potri.004G148300
Potri.008G117100,426.1181373,8,0,0,Potri.008G117100
Potri.019G035000,424.0777071,8,0,0,Potri.019G035000
Potri.012G128300,421.1093435,8,0,0,Potri.012G128300
Potri.006G067000,420.2929221,8,0,0,Potri.006G067000
Potri.017G026200,419.5423233,8,0,0,Potri.017G026200
Potri.010G224300,419.0490663,8,0,0,Potri.010G224300
Potri.007G043800,417.84424,8,0,0,Potri.007G043800
Potri.010G157600,417.6461787,8,0,0,Potri.010G157600
Potri.001G300900,416.293781,8,0,0,Potri.001G300900
Potri.005G082800,415.6042697,8,0,0,Potri.005G082800
Potri.016G136500,414.1901586,8,0,0,Potri.016G136500
Potri.002G104300,409.842969,8,0,0,Potri.002G104300
Potri.014G161700,409.6097652,8,0,0,Potri.014G161700
Potri.010G112200,409.3958493,8,0,0,Potri.010G112200
Potri.009G085100,409.326932,8,0,0,Potri.009G085100
Potri.015G057800,408.7607722,8,0,0,Potri.015G057800
Potri.011G087500,408.7571367,8,0,0,Potri.011G087500
Potri.004G079200,408.7129004,8,0,0,Potri.004G079200
Potri.008G023800,408.2644679,8,0,0,Potri.008G023800
Potri.008G092700,407.4331329,8,0,0,Potri.008G092700
Potri.004G086100,407.2998894,8,0,0,Potri.004G086100
Potri.016G071500,406.8268664,8,0,0,Potri.016G071500
Potri.006G040400,406.4881837,8,0,0,Potri.006G040400
Potri.006G097000,405.5340318,8,0,0,Potri.006G097000
Potri.001G115600,404.965638,8,0,0,Potri.001G115600
Potri.006G104800,404.3729602,8,0,0,Potri.006G104800
Potri.008G116400,403.8959686,8,0,0,Potri.008G116400
Potri.015G096700,403.2675251,8,0,0,Potri.015G096700
Potri.019G116400,403.1254084,8,0,0,Potri.019G116400
Potri.010G003300,403.0701685,8,0,0,Potri.010G003300
Potri.007G000900,402.6867124,8,0,0,Potri.007G000900
Potri.010G124000,401.9279462,8,0,0,Potri.010G124000
Potri.002G223100,400.9536476,8,0,0,Potri.002G223100
Potri.001G376700,400.1426715,8,0,0,Potri.001G376700
Potri.012G085000,398.0519888,8,0,0,Potri.012G085000
Potri.008G110300,397.3704082,8,0,0,Potri.008G110300
Potri.007G040800,395.4770921,8,0,0,Potri.007G040800
Potri.011G057500,393.8191415,8,0,0,Potri.011G057500
Potri.016G043600,393.6607696,8,0,0,Potri.016G043600
Potri.008G069100,393.0568663,8,0,0,Potri.008G069100
Potri.010G113100,392.4577141,8,0,0,Potri.010G113100
Potri.007G057200,391.6865996,8,0,0,Potri.007G057200
Potri.002G092400,390.1322339,8,0,0,Potri.002G092400
Potri.001G061600,389.3983463,8,0,0,Potri.001G061600
Potri.008G067500,388.9256449,8,0,0,Potri.008G067500
Potri.001G465800,388.7099602,8,0,0,Potri.001G465800
Potri.003G192800,388.4653452,8,0,0,Potri.003G192800
Potri.007G032800,387.5458604,8,0,0,Potri.007G032800
Potri.013G036300,387.3552689,8,0,0,Potri.013G036300
Potri.014G162900,387.0769555,8,0,0,Potri.014G162900
Potri.009G060600,385.8831191,8,0,0,Potri.009G060600
Potri.016G024600,384.3350573,8,0,0,Potri.016G024600
Potri.004G234100,384.1699669,8,0,0,Potri.004G234100
Potri.006G194900,383.0086465,8,0,0,Potri.006G194900
Potri.001G455000,382.8121736,8,0,0,Potri.001G455000
Potri.003G180300,382.5903229,8,0,0,Potri.003G180300
Potri.016G084800,381.6664903,8,0,0,Potri.016G084800
Potri.001G361600,381.2984409,8,0,0,Potri.001G361600
Potri.012G073900,379.9534974,8,0,0,Potri.012G073900
Potri.006G143800,379.9530376,8,0,0,Potri.006G143800
Potri.016G041600,379.6940715,8,0,0,Potri.016G041600
Potri.011G066100,379.6935248,8,0,0,Potri.011G066100
Potri.001G141500,379.5847628,8,0,0,Potri.001G141500
Potri.018G021900,379.4187678,8,0,0,Potri.018G021900
Potri.016G051500,379.3695423,8,0,0,Potri.016G051500
Potri.006G049300,378.4476813,8,0,0,Potri.006G049300
Potri.009G033300,378.2583336,8,0,0,Potri.009G033300
Potri.014G088100,378.2558848,8,0,0,Potri.014G088100
Potri.012G067800,377.5803935,8,0,0,Potri.012G067800
Potri.007G088700,375.7781088,8,0,0,Potri.007G088700
Potri.005G207000,375.2270253,8,0,0,Potri.005G207000
Potri.008G038450,375.1005602,8,0,0,Potri.008G038450
Potri.002G248900,374.5561913,8,0,0,Potri.002G248900
Potri.007G085700,373.5309609,8,0,0,Potri.007G085700
Potri.006G112500,373.2090025,8,0,0,Potri.006G112500
Potri.016G115300,373.0967779,8,0,0,Potri.016G115300
Potri.014G099000,372.7359695,8,0,0,Potri.014G099000
Potri.009G164300,372.2018333,8,0,0,Potri.009G164300
Potri.016G033100,372.0506533,8,0,0,Potri.016G033100
Potri.003G113100,370.6981421,8,0,0,Potri.003G113100
Potri.009G143100,370.6274719,8,0,0,Potri.009G143100
Potri.016G104400,370.5484948,8,0,0,Potri.016G104400
Potri.003G136000,370.5453133,8,0,0,Potri.003G136000
Potri.011G053600,370.2296811,8,0,0,Potri.011G053600
Potri.005G078700,369.3051494,8,0,0,Potri.005G078700
Potri.002G108100,369.1345634,8,0,0,Potri.002G108100
Potri.012G078700,368.3930851,8,0,0,Potri.012G078700
Potri.016G083900,367.9800376,8,0,0,Potri.016G083900
Potri.018G095200,367.4567993,8,0,0,Potri.018G095200
Potri.014G091300,366.6053002,8,0,0,Potri.014G091300
Potri.019G125000,364.564045,8,0,0,Potri.019G125000
Potri.017G152800,364.4981178,8,0,0,Potri.017G152800
Potri.004G087600,364.3430612,8,0,0,Potri.004G087600
Potri.006G204600,364.2890839,8,0,0,Potri.006G204600
Potri.012G071900,363.9882185,8,0,0,Potri.012G071900
Potri.011G033100,363.7839653,8,0,0,Potri.011G033100
Potri.003G166400,363.4533772,8,0,0,Potri.003G166400
Potri.016G043100,363.4450443,8,0,0,Potri.016G043100
Potri.015G105000,361.5705902,8,0,0,Potri.015G105000
Potri.014G039466,361.0039941,8,0,0,Potri.014G039466
Potri.001G009600,359.7627156,8,0,0,Potri.001G009600
Potri.009G064300,359.6513544,8,0,0,Potri.009G064300
Potri.008G100000,359.0672789,8,0,0,Potri.008G100000
Potri.002G150000,357.842378,8,0,0,Potri.002G150000
Potri.006G129800,357.5868547,8,0,0,Potri.006G129800
Potri.017G057900,357.4448246,8,0,0,Potri.017G057900
Potri.017G138100,356.5723477,8,0,0,Potri.017G138100
Potri.016G137000,355.5155129,8,0,0,Potri.016G137000
Potri.014G139900,355.0206477,8,0,0,Potri.014G139900
Potri.019G074400,354.4238415,8,0,0,Potri.019G074400
Potri.009G141400,353.9978592,8,0,0,Potri.009G141400
Potri.001G233400,353.9828301,8,0,0,Potri.001G233400
Potri.017G057400,353.9105889,8,0,0,Potri.017G057400
Potri.004G159300,353.886796,8,0,0,Potri.004G159300
Potri.002G069400,353.7561745,8,0,0,Potri.002G069400
Potri.007G054100,352.9553645,8,0,0,Potri.007G054100
Potri.011G028400,351.9546896,8,0,0,Potri.011G028400
Potri.009G045000,351.6857334,8,0,0,Potri.009G045000
Potri.003G072800,351.5594043,8,0,0,Potri.003G072800
Potri.005G184500,350.5809671,8,0,0,Potri.005G184500
Potri.005G192100,350.1633258,8,0,0,Potri.005G192100
Potri.016G111000,349.9013652,8,0,0,Potri.016G111000
Potri.001G297466,349.432165,8,0,0,Potri.001G297466
Potri.016G115900,349.3135724,8,0,0,Potri.016G115900
Potri.014G087200,349.0821367,8,0,0,Potri.014G087200
Potri.006G036400,348.2674177,8,0,0,Potri.006G036400
Potri.009G075300,348.068361,8,0,0,Potri.009G075300
Potri.018G024400,347.8657774,8,0,0,Potri.018G024400
Potri.005G237900,347.6325459,8,0,0,Potri.005G237900
Potri.009G090700,347.1013796,8,0,0,Potri.009G090700
Potri.019G128100,346.6182325,8,0,0,Potri.019G128100
Potri.012G101400,346.2506461,8,0,0,Potri.012G101400
Potri.001G296500,346.0785487,8,0,0,Potri.001G296500
Potri.001G025100,345.943056,8,0,0,Potri.001G025100
Potri.001G131400,345.8630608,8,0,0,Potri.001G131400
Potri.001G345300,344.9824582,8,0,0,Potri.001G345300
Potri.005G232600,344.7366227,8,0,0,Potri.005G232600
Potri.006G230800,344.573587,8,0,0,Potri.006G230800
Potri.006G226500,344.538912,8,0,0,Potri.006G226500
Potri.010G043800,344.5114668,8,0,0,Potri.010G043800
Potri.005G194200,344.4345122,8,0,0,Potri.005G194200
Potri.003G142600,343.2657508,8,0,0,Potri.003G142600
Potri.001G372300,342.1673551,8,0,0,Potri.001G372300
Potri.001G145200,341.8565699,8,0,0,Potri.001G145200
Potri.004G173200,341.4933886,8,0,0,Potri.004G173200
Potri.002G024500,341.4289615,8,0,0,Potri.002G024500
Potri.001G002300,340.899243,8,0,0,Potri.001G002300
Potri.002G001900,340.7148197,8,0,0,Potri.002G001900
Potri.001G059400,340.1534964,8,0,0,Potri.001G059400
Potri.006G275700,339.5614983,8,0,0,Potri.006G275700
Potri.001G200400,338.9112147,8,0,0,Potri.001G200400
Potri.006G040900,338.6385109,8,0,0,Potri.006G040900
Potri.012G041800,338.5038606,8,0,0,Potri.012G041800
Potri.010G211600,338.1358414,8,0,0,Potri.010G211600
Potri.019G076300,338.0965156,8,0,0,Potri.019G076300
Potri.009G082300,338.0590851,8,0,0,Potri.009G082300
Potri.006G019300,337.4849974,8,0,0,Potri.006G019300
Potri.006G232100,336.9706619,8,0,0,Potri.006G232100
Potri.007G044800,336.5011653,8,0,0,Potri.007G044800
Potri.004G014100,335.828414,8,0,0,Potri.004G014100
Potri.005G186500,335.2373572,8,0,0,Potri.005G186500
Potri.008G088600,335.0174552,8,0,0,Potri.008G088600
Potri.003G111500,334.8344083,8,0,0,Potri.003G111500
Potri.011G118900,334.7059729,8,0,0,Potri.011G118900
Potri.010G138600,333.7368727,8,0,0,Potri.010G138600
Potri.004G226800,333.6943061,8,0,0,Potri.004G226800
Potri.005G257800,332.0933978,8,0,0,Potri.005G257800
Potri.015G087800,331.9546151,8,0,0,Potri.015G087800
Potri.017G137700,331.4244605,8,0,0,Potri.017G137700
Potri.005G228600,330.9872359,8,0,0,Potri.005G228600
Potri.003G171300,330.4398746,8,0,0,Potri.003G171300
Potri.006G050800,329.7108622,8,0,0,Potri.006G050800
Potri.010G163600,329.6499043,8,0,0,Potri.010G163600
Potri.007G011400,327.9200893,8,0,0,Potri.007G011400
Potri.006G202200,326.8196265,8,0,0,Potri.006G202200
Potri.009G120800,325.8949748,8,0,0,Potri.009G120800
Potri.015G100700,325.7174878,8,0,0,Potri.015G100700
Potri.002G101800,325.7034841,8,0,0,Potri.002G101800
Potri.005G237700,325.1296896,8,0,0,Potri.005G237700
Potri.014G132400,324.9152183,8,0,0,Potri.014G132400
Potri.019G104600,324.3825349,8,0,0,Potri.019G104600
Potri.010G046800,321.7964174,8,0,0,Potri.010G046800
Potri.011G157000,320.8170118,8,0,0,Potri.011G157000
Potri.006G020900,320.7030453,8,0,0,Potri.006G020900
Potri.018G149400,320.1840267,8,0,0,Potri.018G149400
Potri.010G191300,320.0969814,8,0,0,Potri.010G191300
Potri.006G137300,319.6064799,8,0,0,Potri.006G137300
Potri.010G007877,319.579246,8,0,0,Potri.010G007877
Potri.003G045500,318.9301734,8,0,0,Potri.003G045500
Potri.003G142400,318.8539094,8,0,0,Potri.003G142400
Potri.014G122200,318.271741,8,0,0,Potri.014G122200
Potri.012G140800,317.9785827,8,0,0,Potri.012G140800
Potri.005G168600,317.9072422,8,0,0,Potri.005G168600
Potri.015G074200,317.8926859,8,0,0,Potri.015G074200
Potri.016G085900,316.8574301,8,0,0,Potri.016G085900
Potri.003G177700,316.8487694,8,0,0,Potri.003G177700
Potri.014G167400,316.8461205,8,0,0,Potri.014G167400
Potri.005G140300,316.4118827,8,0,0,Potri.005G140300
Potri.006G117200,315.6266278,8,0,0,Potri.006G117200
Potri.009G061300,315.5651384,8,0,0,Potri.009G061300
Potri.009G054300,315.4189477,8,0,0,Potri.009G054300
Potri.017G126200,315.0770969,8,0,0,Potri.017G126200
Potri.015G049100,314.8212372,8,0,0,Potri.015G049100
Potri.018G050900,314.8111743,8,0,0,Potri.018G050900
Potri.013G041300,314.253942,8,0,0,Potri.013G041300
Potri.012G016900,313.2817734,8,0,0,Potri.012G016900
Potri.009G106600,313.0306898,8,0,0,Potri.009G106600
Potri.007G078200,312.533196,8,0,0,Potri.007G078200
Potri.011G046600,312.4006177,8,0,0,Potri.011G046600
Potri.008G008551,312.3692253,8,0,0,Potri.008G008551
Potri.016G023000,312.0232062,8,0,0,Potri.016G023000
Potri.019G025200,311.8114373,8,0,0,Potri.019G025200
Potri.005G158400,311.3424414,8,0,0,Potri.005G158400
Potri.001G120400,310.899896,8,0,0,Potri.001G120400
Potri.010G013500,310.3104341,8,0,0,Potri.010G013500
Potri.014G086300,310.2468546,8,0,0,Potri.014G086300
Potri.004G062000,309.9360138,8,0,0,Potri.004G062000
Potri.014G121701,309.8014008,8,0,0,Potri.014G121701
Potri.005G034100,309.7509404,8,0,0,Potri.005G034100
Potri.002G079400,309.3042728,8,0,0,Potri.002G079400
Potri.006G278000,308.9795297,8,0,0,Potri.006G278000
Potri.018G008600,308.5654547,8,0,0,Potri.018G008600
Potri.001G097001,308.2025702,8,0,0,Potri.001G097001
Potri.008G203400,308.0881593,8,0,0,Potri.008G203400
Potri.005G094700,306.4500446,8,0,0,Potri.005G094700
Potri.010G249600,305.8162553,8,0,0,Potri.010G249600
Potri.008G046600,305.7362807,8,0,0,Potri.008G046600
Potri.019G053700,305.6652473,8,0,0,Potri.019G053700
Potri.016G038000,305.5855855,8,0,0,Potri.016G038000
Potri.001G040100,304.4246978,8,0,0,Potri.001G040100
Potri.002G182500,304.0314235,8,0,0,Potri.002G182500
Potri.010G029200,303.7445251,8,0,0,Potri.010G029200
Potri.016G004500,303.3640515,8,0,0,Potri.016G004500
Potri.004G006000,303.0800428,8,0,0,Potri.004G006000
Potri.015G040900,302.8423655,8,0,0,Potri.015G040900
Potri.007G045700,302.6390939,8,0,0,Potri.007G045700
Potri.009G067100,301.77775,8,0,0,Potri.009G067100
Potri.001G110300,301.3459651,8,0,0,Potri.001G110300
Potri.009G053700,301.2632831,8,0,0,Potri.009G053700
Potri.010G109300,300.9146323,8,0,0,Potri.010G109300
Potri.010G226000,300.5792426,8,0,0,Potri.010G226000
Potri.012G043900,299.1995364,8,0,0,Potri.012G043900
Potri.002G163200,299.1406536,8,0,0,Potri.002G163200
Potri.004G118800,298.8452002,8,0,0,Potri.004G118800
Potri.004G080200,298.8327579,8,0,0,Potri.004G080200
Potri.004G093500,296.3737869,8,0,0,Potri.004G093500
Potri.016G049700,295.9716606,8,0,0,Potri.016G049700
Potri.004G001900,295.3949148,8,0,0,Potri.004G001900
Potri.009G107600,294.5406336,8,0,0,Potri.009G107600
Potri.004G003900,293.6174688,8,0,0,Potri.004G003900
Potri.006G036300,293.4739308,8,0,0,Potri.006G036300
Potri.006G093900,292.9697735,8,0,0,Potri.006G093900
Potri.003G122900,292.8510513,8,0,0,Potri.003G122900
Potri.004G079000,292.5849531,8,0,0,Potri.004G079000
Potri.T124706,291.7811462,8,0,0,Potri.T124706
Potri.002G088100,291.5677194,8,0,0,Potri.002G088100
Potri.011G007100,291.337108,8,0,0,Potri.011G007100
Potri.008G155900,291.2858616,8,0,0,Potri.008G155900
Potri.011G131900,291.173851,8,0,0,Potri.011G131900
Potri.003G079200,290.1696428,8,0,0,Potri.003G079200
Potri.005G067000,290.0161326,8,0,0,Potri.005G067000
Potri.001G047800,288.6478822,8,0,0,Potri.001G047800
Potri.013G155300,288.4174875,8,0,0,Potri.013G155300
Potri.005G119800,287.7035692,8,0,0,Potri.005G119800
Potri.001G418500,287.2323344,8,0,0,Potri.001G418500
Potri.010G084100,285.9905002,8,0,0,Potri.010G084100
Potri.001G237300,285.8687308,8,0,0,Potri.001G237300
Potri.012G071500,285.6056339,8,0,0,Potri.012G071500
Potri.015G056000,285.4690112,8,0,0,Potri.015G056000
Potri.016G035300,285.4523594,8,0,0,Potri.016G035300
Potri.013G147800,284.3034029,8,0,0,Potri.013G147800
Potri.017G150500,284.0998239,8,0,0,Potri.017G150500
Potri.004G013601,283.6868202,8,0,0,Potri.004G013601
Potri.010G125800,283.6432063,8,0,0,Potri.010G125800
Potri.005G222500,283.2542398,8,0,0,Potri.005G222500
Potri.004G101700,282.698642,8,0,0,Potri.004G101700
Potri.003G015800,282.5629551,8,0,0,Potri.003G015800
Potri.006G108300,282.5488771,8,0,0,Potri.006G108300
Potri.005G036800,282.2927938,8,0,0,Potri.005G036800
Potri.009G019200,281.6450255,8,0,0,Potri.009G019200
Potri.002G231900,279.8464739,8,0,0,Potri.002G231900
Potri.004G106800,279.8270531,8,0,0,Potri.004G106800
Potri.006G238900,279.6514827,8,0,0,Potri.006G238900
Potri.005G241100,279.2582972,8,0,0,Potri.005G241100
Potri.005G215400,279.2362479,8,0,0,Potri.005G215400
Potri.003G178200,279.067425,8,0,0,Potri.003G178200
Potri.001G159700,277.8569007,8,0,0,Potri.001G159700
Potri.002G124100,277.5697061,8,0,0,Potri.002G124100
Potri.014G005300,277.4296713,8,0,0,Potri.014G005300
Potri.012G077300,277.3819684,8,0,0,Potri.012G077300
Potri.004G161500,276.9816308,8,0,0,Potri.004G161500
Potri.018G119500,276.8626281,8,0,0,Potri.018G119500
Potri.017G002950,276.8321099,8,0,0,Potri.017G002950
Potri.013G120300,276.8162152,8,0,0,Potri.013G120300
Potri.002G259000,276.2980521,8,0,0,Potri.002G259000
Potri.019G056200,276.2705732,8,0,0,Potri.019G056200
Potri.008G061800,276.1899579,8,0,0,Potri.008G061800
Potri.014G151300,275.6433794,8,0,0,Potri.014G151300
Potri.002G207286,275.3689371,8,0,0,Potri.002G207286
Potri.011G003400,275.2951226,8,0,0,Potri.011G003400
Potri.005G186400,274.8149389,8,0,0,Potri.005G186400
Potri.007G032100,274.7166385,8,0,0,Potri.007G032100
Potri.013G130700,274.6540845,8,0,0,Potri.013G130700
Potri.008G055800,274.582016,8,0,0,Potri.008G055800
Potri.001G044900,274.3602592,8,0,0,Potri.001G044900
Potri.015G094800,273.8841632,8,0,0,Potri.015G094800
Potri.001G419100,273.428604,8,0,0,Potri.001G419100
Potri.008G074800,273.4065068,8,0,0,Potri.008G074800
Potri.015G099500,272.5521581,8,0,0,Potri.015G099500
Potri.018G024800,272.4020539,8,0,0,Potri.018G024800
Potri.004G170700,272.3359879,8,0,0,Potri.004G170700
Potri.013G134466,271.8471712,8,0,0,Potri.013G134466
Potri.017G108500,271.6052265,8,0,0,Potri.017G108500
Potri.017G086600,271.3394503,8,0,0,Potri.017G086600
Potri.016G034400,270.742341,8,0,0,Potri.016G034400
Potri.009G063900,270.6380578,8,0,0,Potri.009G063900
Potri.011G092500,270.5724841,8,0,0,Potri.011G092500
Potri.009G143700,269.5220373,8,0,0,Potri.009G143700
Potri.007G031400,269.2354189,8,0,0,Potri.007G031400
Potri.003G159700,268.333674,8,0,0,Potri.003G159700
Potri.013G008500,267.9945594,8,0,0,Potri.013G008500
Potri.011G002800,267.8541416,8,0,0,Potri.011G002800
Potri.018G112800,267.8309344,8,0,0,Potri.018G112800
Potri.002G162900,267.4768672,8,0,0,Potri.002G162900
Potri.018G143400,267.0113244,8,0,0,Potri.018G143400
Potri.014G150100,266.694833,8,0,0,Potri.014G150100
Potri.011G006100,266.5485427,8,0,0,Potri.011G006100
Potri.003G028089,266.2970146,8,0,0,Potri.003G028089
Potri.002G179400,266.0448858,8,0,0,Potri.002G179400
Potri.010G112900,266.044302,8,0,0,Potri.010G112900
Potri.017G143820,265.615417,8,0,0,Potri.017G143820
Potri.019G039200,265.4103591,8,0,0,Potri.019G039200
Potri.003G150800,265.0404853,8,0,0,Potri.003G150800
Potri.007G127300,264.912267,8,0,0,Potri.007G127300
Potri.009G089800,264.1893046,8,0,0,Potri.009G089800
Potri.001G246200,264.0332512,8,0,0,Potri.001G246200
Potri.009G146200,263.8993471,8,0,0,Potri.009G146200
Potri.010G212700,263.7237836,8,0,0,Potri.010G212700
Potri.005G001700,262.5430551,8,0,0,Potri.005G001700
Potri.013G068800,262.100246,8,0,0,Potri.013G068800
Potri.001G106100,261.705425,8,0,0,Potri.001G106100
Potri.001G392700,261.6961876,8,0,0,Potri.001G392700
Potri.008G151100,261.4774328,8,0,0,Potri.008G151100
Potri.013G014900,261.3282715,8,0,0,Potri.013G014900
Potri.005G032400,260.5005851,8,0,0,Potri.005G032400
Potri.015G024300,259.5747453,8,0,0,Potri.015G024300
Potri.003G073700,259.4356427,8,0,0,Potri.003G073700
Potri.008G068400,259.4013828,8,0,0,Potri.008G068400
Potri.005G195600,259.3919588,8,0,0,Potri.005G195600
Potri.017G136400,259.1941487,8,0,0,Potri.017G136400
Potri.008G213900,258.7532326,8,0,0,Potri.008G213900
Potri.006G188700,258.6523199,8,0,0,Potri.006G188700
Potri.010G038100,258.4953981,8,0,0,Potri.010G038100
Potri.005G093100,258.286761,8,0,0,Potri.005G093100
Potri.008G086900,258.2746152,8,0,0,Potri.008G086900
Potri.006G258700,258.0015429,8,0,0,Potri.006G258700
Potri.006G093000,257.200376,8,0,0,Potri.006G093000
Potri.008G057500,257.1916001,8,0,0,Potri.008G057500
Potri.017G015700,256.8176249,8,0,0,Potri.017G015700
Potri.013G083400,256.736259,8,0,0,Potri.013G083400
Potri.018G058900,256.7194528,8,0,0,Potri.018G058900
Potri.005G021900,256.6695238,8,0,0,Potri.005G021900
Potri.013G124900,256.3054482,8,0,0,Potri.013G124900
Potri.013G117900,256.1908843,8,0,0,Potri.013G117900
Potri.010G134200,255.6232821,8,0,0,Potri.010G134200
Potri.001G047200,255.1003278,8,0,0,Potri.001G047200
Potri.001G159400,255.0247317,8,0,0,Potri.001G159400
Potri.006G123900,255.0091243,8,0,0,Potri.006G123900
Potri.013G004400,254.9366336,8,0,0,Potri.013G004400
Potri.001G383600,254.7667988,8,0,0,Potri.001G383600
Potri.003G075000,254.3109436,8,0,0,Potri.003G075000
Potri.016G005300,253.420257,8,0,0,Potri.016G005300
Potri.003G001400,253.3100784,8,0,0,Potri.003G001400
Potri.005G141500,253.2925092,8,0,0,Potri.005G141500
Potri.018G096700,253.1501602,8,0,0,Potri.018G096700
Potri.010G187800,253.0150925,8,0,0,Potri.010G187800
Potri.015G077900,252.9790903,8,0,0,Potri.015G077900
Potri.002G033800,252.8876163,8,0,0,Potri.002G033800
Potri.017G039000,252.4203069,8,0,0,Potri.017G039000
Potri.013G077200,252.3889452,8,0,0,Potri.013G077200
Potri.005G004900,252.0121198,8,0,0,Potri.005G004900
Potri.005G158100,251.2614645,8,0,0,Potri.005G158100
Potri.005G229300,251.1334165,8,0,0,Potri.005G229300
Potri.004G168800,251.1213458,8,0,0,Potri.004G168800
Potri.001G267300,250.5141582,8,0,0,Potri.001G267300
Potri.001G134100,250.3989085,8,0,0,Potri.001G134100
Potri.004G153800,250.3792931,8,0,0,Potri.004G153800
Potri.005G075900,250.2728062,8,0,0,Potri.005G075900
Potri.005G026700,250.2499945,8,0,0,Potri.005G026700
Potri.017G110700,250.1287001,8,0,0,Potri.017G110700
Potri.002G088300,249.4413326,8,0,0,Potri.002G088300
Potri.008G125100,249.2560866,8,0,0,Potri.008G125100
Potri.003G098800,249.2130374,8,0,0,Potri.003G098800
Potri.002G143400,249.1239953,8,0,0,Potri.002G143400
Potri.014G075600,248.8577304,8,0,0,Potri.014G075600
Potri.006G200400,248.7482017,8,0,0,Potri.006G200400
Potri.014G036400,247.9297206,8,0,0,Potri.014G036400
Potri.005G173500,247.8436258,8,0,0,Potri.005G173500
Potri.009G160200,247.7697401,8,0,0,Potri.009G160200
Potri.018G068700,247.5142868,8,0,0,Potri.018G068700
Potri.016G001300,247.4469568,8,0,0,Potri.016G001300
Potri.009G046700,247.3932997,8,0,0,Potri.009G046700
Potri.001G141801,247.0041626,8,0,0,Potri.001G141801
Potri.002G074800,246.8893748,8,0,0,Potri.002G074800
Potri.012G123900,246.7101165,8,0,0,Potri.012G123900
Potri.009G073800,246.3042025,8,0,0,Potri.009G073800
Potri.006G013400,246.2933317,8,0,0,Potri.006G013400
Potri.009G118651,245.6952613,8,0,0,Potri.009G118651
Potri.010G113300,245.1035676,8,0,0,Potri.010G113300
Potri.007G097500,244.6422038,8,0,0,Potri.007G097500
Potri.010G188400,244.1851251,8,0,0,Potri.010G188400
Potri.016G054600,244.1259865,8,0,0,Potri.016G054600
Potri.017G094100,244.0906285,8,0,0,Potri.017G094100
Potri.017G139600,243.4701495,8,0,0,Potri.017G139600
Potri.001G027100,243.3693551,8,0,0,Potri.001G027100
Potri.006G110100,243.348966,8,0,0,Potri.006G110100
Potri.002G222600,242.9228309,8,0,0,Potri.002G222600
Potri.010G048300,242.870093,8,0,0,Potri.010G048300
Potri.014G027100,242.8439358,8,0,0,Potri.014G027100
Potri.001G100000,242.7199349,8,0,0,Potri.001G100000
Potri.003G116000,242.6378509,8,0,0,Potri.003G116000
Potri.007G044300,242.1399355,8,0,0,Potri.007G044300
Potri.015G073600,242.036499,8,0,0,Potri.015G073600
Potri.010G097400,241.9149671,8,0,0,Potri.010G097400
Potri.018G139800,241.8538701,8,0,0,Potri.018G139800
Potri.001G067700,241.5458982,8,0,0,Potri.001G067700
Potri.002G105000,241.0983465,8,0,0,Potri.002G105000
Potri.009G122100,240.8910475,8,0,0,Potri.009G122100
Potri.012G139800,240.6293788,8,0,0,Potri.012G139800
Potri.001G402400,240.2932122,8,0,0,Potri.001G402400
Potri.002G109000,240.019532,8,0,0,Potri.002G109000
Potri.009G012400,239.7940287,8,0,0,Potri.009G012400
Potri.011G153600,239.6567419,8,0,0,Potri.011G153600
Potri.010G194600,239.5850101,8,0,0,Potri.010G194600
Potri.004G211200,239.4985565,8,0,0,Potri.004G211200
Potri.013G144000,239.4654453,8,0,0,Potri.013G144000
Potri.018G032900,239.275517,8,0,0,Potri.018G032900
Potri.018G133500,239.2089035,8,0,0,Potri.018G133500
Potri.015G057300,238.7799702,8,0,0,Potri.015G057300
Potri.001G397800,238.524454,8,0,0,Potri.001G397800
Potri.002G063500,238.4946606,8,0,0,Potri.002G063500
Potri.008G192600,238.2467169,8,0,0,Potri.008G192600
Potri.016G130500,237.961785,8,0,0,Potri.016G130500
Potri.002G067100,237.5886496,8,0,0,Potri.002G067100
Potri.006G198800,237.3631451,8,0,0,Potri.006G198800
Potri.003G067600,237.0208821,8,0,0,Potri.003G067600
Potri.013G131100,236.727932,8,0,0,Potri.013G131100
Potri.010G231000,236.491307,8,0,0,Potri.010G231000
Potri.016G006900,235.9171853,8,0,0,Potri.016G006900
Potri.001G081400,235.8809579,8,0,0,Potri.001G081400
Potri.008G168700,235.820608,8,0,0,Potri.008G168700
Potri.006G084000,235.7538839,8,0,0,Potri.006G084000
Potri.003G141100,234.7640149,8,0,0,Potri.003G141100
Potri.018G100166,234.1239557,8,0,0,Potri.018G100166
Potri.005G221600,233.8114157,8,0,0,Potri.005G221600
Potri.017G121100,233.5634271,8,0,0,Potri.017G121100
Potri.019G129100,233.5236783,8,0,0,Potri.019G129100
Potri.011G043300,233.3524406,8,0,0,Potri.011G043300
Potri.016G015500,232.8955536,8,0,0,Potri.016G015500
Potri.004G099200,232.8408092,8,0,0,Potri.004G099200
Potri.018G069450,232.1062949,8,0,0,Potri.018G069450
Potri.002G118000,230.8924505,8,0,0,Potri.002G118000
Potri.002G158200,230.5911455,8,0,0,Potri.002G158200
Potri.001G403700,230.2030378,8,0,0,Potri.001G403700
Potri.006G063000,229.584128,8,0,0,Potri.006G063000
Potri.001G246400,229.4799888,8,0,0,Potri.001G246400
Potri.011G116300,229.0408505,8,0,0,Potri.011G116300
Potri.016G054700,228.8397981,8,0,0,Potri.016G054700
Potri.006G109900,228.6755056,8,0,0,Potri.006G109900
Potri.006G234400,228.6014803,8,0,0,Potri.006G234400
Potri.006G226400,228.5409128,8,0,0,Potri.006G226400
Potri.010G213200,228.2481356,8,0,0,Potri.010G213200
Potri.007G091100,228.228212,8,0,0,Potri.007G091100
Potri.004G098300,227.5730575,8,0,0,Potri.004G098300
Potri.004G226900,227.5036114,8,0,0,Potri.004G226900
Potri.004G188100,227.2358419,8,0,0,Potri.004G188100
Potri.009G050700,226.7978853,8,0,0,Potri.009G050700
Potri.009G042500,226.7805003,8,0,0,Potri.009G042500
Potri.011G026900,226.5760333,8,0,0,Potri.011G026900
Potri.004G004700,226.3516878,8,0,0,Potri.004G004700
Potri.010G045500,226.1128401,8,0,0,Potri.010G045500
Potri.013G067400,225.9519948,8,0,0,Potri.013G067400
Potri.018G045500,225.6990759,8,0,0,Potri.018G045500
Potri.012G107100,225.471329,8,0,0,Potri.012G107100
Potri.007G014600,225.2493381,8,0,0,Potri.007G014600
Potri.012G127900,225.0236127,8,0,0,Potri.012G127900
Potri.001G121700,224.7415602,8,0,0,Potri.001G121700
Potri.019G053800,224.5414075,8,0,0,Potri.019G053800
Potri.004G035800,224.2206144,8,0,0,Potri.004G035800
Potri.006G213700,224.2099957,8,0,0,Potri.006G213700
Potri.003G093400,223.6551855,8,0,0,Potri.003G093400
Potri.012G048700,223.2731752,8,0,0,Potri.012G048700
Potri.001G337400,223.1751255,8,0,0,Potri.001G337400
Potri.008G188000,223.1708286,8,0,0,Potri.008G188000
Potri.015G037000,223.0876064,8,0,0,Potri.015G037000
Potri.014G038300,222.7787325,8,0,0,Potri.014G038300
Potri.011G071800,222.4746127,8,0,0,Potri.011G071800
Potri.012G087800,222.0587685,8,0,0,Potri.012G087800
Potri.006G197700,222.0132409,8,0,0,Potri.006G197700
Potri.001G142200,221.9917608,8,0,0,Potri.001G142200
Potri.007G006900,221.965881,8,0,0,Potri.007G006900
Potri.014G195100,221.5738826,8,0,0,Potri.014G195100
Potri.001G404800,221.5397937,8,0,0,Potri.001G404800
Potri.008G152701,221.0830505,8,0,0,Potri.008G152701
Potri.004G055000,221.0068619,8,0,0,Potri.004G055000
Potri.005G062500,220.6087593,8,0,0,Potri.005G062500
Potri.011G087200,220.450604,8,0,0,Potri.011G087200
Potri.002G225500,220.1456328,8,0,0,Potri.002G225500
Potri.014G070900,219.9788298,8,0,0,Potri.014G070900
Potri.017G142700,219.6022338,8,0,0,Potri.017G142700
Potri.014G070000,219.2975428,8,0,0,Potri.014G070000
Potri.003G082600,219.1285971,8,0,0,Potri.003G082600
Potri.010G195800,218.8788383,8,0,0,Potri.010G195800
Potri.005G163300,218.8609433,8,0,0,Potri.005G163300
Potri.010G047900,218.3809481,8,0,0,Potri.010G047900
Potri.017G105201,218.1161459,8,0,0,Potri.017G105201
Potri.007G026500,218.0825839,8,0,0,Potri.007G026500
Potri.008G019700,218.0370362,8,0,0,Potri.008G019700
Potri.002G009600,217.8658243,8,0,0,Potri.002G009600
Potri.007G005900,217.800102,8,0,0,Potri.007G005900
Potri.018G080900,217.7968296,8,0,0,Potri.018G080900
Potri.009G021800,217.3036179,8,0,0,Potri.009G021800
Potri.004G188800,217.2028273,8,0,0,Potri.004G188800
Potri.010G249200,216.7795012,8,0,0,Potri.010G249200
Potri.019G001971,216.3413843,8,0,0,Potri.019G001971
Potri.005G229700,216.3080426,8,0,0,Potri.005G229700
Potri.001G185700,216.2198041,8,0,0,Potri.001G185700
Potri.009G014500,216.017776,8,0,0,Potri.009G014500
Potri.005G230800,215.8297249,8,0,0,Potri.005G230800
Potri.010G021400,215.3028327,8,0,0,Potri.010G021400
Potri.001G297500,215.2667191,8,0,0,Potri.001G297500
Potri.017G090200,215.2156419,8,0,0,Potri.017G090200
Potri.011G169300,214.7164427,8,0,0,Potri.011G169300
Potri.007G131300,214.6402308,8,0,0,Potri.007G131300
Potri.018G141700,214.6173974,8,0,0,Potri.018G141700
Potri.010G153200,214.367107,8,0,0,Potri.010G153200
Potri.005G139400,214.346878,8,0,0,Potri.005G139400
Potri.010G184800,213.7774731,8,0,0,Potri.010G184800
Potri.006G144900,213.7230851,8,0,0,Potri.006G144900
Potri.010G223766,213.2893104,8,0,0,Potri.010G223766
Potri.007G009200,213.002672,8,0,0,Potri.007G009200
Potri.002G230600,212.9706385,8,0,0,Potri.002G230600
Potri.001G239700,212.9110531,8,0,0,Potri.001G239700
Potri.012G053800,212.8809366,8,0,0,Potri.012G053800
Potri.002G187500,212.644412,8,0,0,Potri.002G187500
Potri.011G043100,212.6361016,8,0,0,Potri.011G043100
Potri.006G058900,212.2222259,8,0,0,Potri.006G058900
Potri.008G026800,212.1237158,8,0,0,Potri.008G026800
Potri.010G244100,211.9894431,8,0,0,Potri.010G244100
Potri.005G027100,211.4836386,8,0,0,Potri.005G027100
Potri.002G168400,211.4649617,8,0,0,Potri.002G168400
Potri.006G133000,211.4487606,8,0,0,Potri.006G133000
Potri.018G114700,211.2143423,8,0,0,Potri.018G114700
Potri.019G056400,210.8954057,8,0,0,Potri.019G056400
Potri.001G004100,210.7403857,8,0,0,Potri.001G004100
Potri.001G177000,210.4406752,8,0,0,Potri.001G177000
Potri.003G081800,210.2950179,8,0,0,Potri.003G081800
Potri.014G150200,210.1247642,8,0,0,Potri.014G150200
Potri.001G230000,210.0286783,8,0,0,Potri.001G230000
Potri.005G087300,210.0041065,8,0,0,Potri.005G087300
Potri.006G219500,209.9425516,8,0,0,Potri.006G219500
Potri.018G020301,209.5642405,8,0,0,Potri.018G020301
Potri.001G422301,209.2294977,8,0,0,Potri.001G422301
Potri.003G051300,209.0894932,8,0,0,Potri.003G051300
Potri.006G239700,208.9249676,8,0,0,Potri.006G239700
Potri.014G176400,208.9229849,8,0,0,Potri.014G176400
Potri.013G152300,208.8734385,8,0,0,Potri.013G152300
Potri.016G010200,208.8443751,8,0,0,Potri.016G010200
Potri.001G041140,208.8016512,8,0,0,Potri.001G041140
Potri.004G011375,208.729134,8,0,0,Potri.004G011375
Potri.010G065000,208.0813911,8,0,0,Potri.010G065000
Potri.003G181000,207.401688,8,0,0,Potri.003G181000
Potri.001G266900,207.3692962,8,0,0,Potri.001G266900
Potri.010G069900,207.1164303,8,0,0,Potri.010G069900
Potri.009G138900,206.5897544,8,0,0,Potri.009G138900
Potri.010G001300,206.2020006,8,0,0,Potri.010G001300
Potri.006G112600,206.1089458,8,0,0,Potri.006G112600
Potri.010G124400,206.0781706,8,0,0,Potri.010G124400
Potri.003G095500,205.2025425,8,0,0,Potri.003G095500
Potri.019G010400,205.0422927,8,0,0,Potri.019G010400
Potri.002G253200,204.9701415,8,0,0,Potri.002G253200
Potri.013G073000,204.9024944,8,0,0,Potri.013G073000
Potri.010G180500,204.5138486,8,0,0,Potri.010G180500
Potri.012G044300,204.4396034,8,0,0,Potri.012G044300
Potri.005G084651,204.1824715,8,0,0,Potri.005G084651
Potri.013G009500,203.8876028,8,0,0,Potri.013G009500
Potri.005G216900,203.0964326,8,0,0,Potri.005G216900
Potri.006G040700,202.7843601,8,0,0,Potri.006G040700
Potri.019G128000,202.7102887,8,0,0,Potri.019G128000
Potri.003G152400,202.4200664,8,0,0,Potri.003G152400
Potri.018G013500,202.4024776,8,0,0,Potri.018G013500
Potri.003G112600,202.0403886,8,0,0,Potri.003G112600
Potri.005G049400,202.0075491,8,0,0,Potri.005G049400
Potri.002G173400,202.0006996,8,0,0,Potri.002G173400
Potri.009G041700,201.9840826,8,0,0,Potri.009G041700
Potri.016G000400,201.8427313,8,0,0,Potri.016G000400
Potri.003G153400,201.8076017,8,0,0,Potri.003G153400
Potri.009G013500,201.337719,8,0,0,Potri.009G013500
Potri.005G014200,201.0517715,8,0,0,Potri.005G014200
Potri.010G062700,200.8665835,8,0,0,Potri.010G062700
Potri.014G117800,200.6448781,8,0,0,Potri.014G117800
Potri.001G405100,200.5684721,8,0,0,Potri.001G405100
Potri.010G119400,200.5393227,8,0,0,Potri.010G119400
Potri.006G139400,200.4982121,8,0,0,Potri.006G139400
Potri.010G098900,200.1456716,8,0,0,Potri.010G098900
Potri.015G063600,199.9329966,8,0,0,Potri.015G063600
Potri.014G099200,199.8407154,8,0,0,Potri.014G099200
Potri.018G072200,199.8180816,8,0,0,Potri.018G072200
Potri.011G138700,199.7984443,8,0,0,Potri.011G138700
Potri.009G079500,199.7121018,8,0,0,Potri.009G079500
Potri.008G108201,199.1507417,8,0,0,Potri.008G108201
Potri.012G078300,198.5573691,8,0,0,Potri.012G078300
Potri.002G007300,198.0382837,8,0,0,Potri.002G007300
Potri.T011100,197.2659245,8,0,0,Potri.T011100
Potri.004G044100,197.2351678,8,0,0,Potri.004G044100
Potri.015G035500,197.1659124,8,0,0,Potri.015G035500
Potri.004G140600,196.8202416,8,0,0,Potri.004G140600
Potri.005G040700,196.767274,8,0,0,Potri.005G040700
Potri.007G035200,196.6871373,8,0,0,Potri.007G035200
Potri.006G121200,196.6709916,8,0,0,Potri.006G121200
Potri.007G099400,196.6468559,8,0,0,Potri.007G099400
Potri.005G211000,196.1931121,8,0,0,Potri.005G211000
Potri.018G023200,195.7561543,8,0,0,Potri.018G023200
Potri.014G070600,195.5225087,8,0,0,Potri.014G070600
Potri.002G051400,195.4114256,8,0,0,Potri.002G051400
Potri.012G023400,195.042286,8,0,0,Potri.012G023400
Potri.003G009000,194.9380247,8,0,0,Potri.003G009000
Potri.018G070100,194.8177107,8,0,0,Potri.018G070100
Potri.001G293150,194.7826853,8,0,0,Potri.001G293150
Potri.009G015700,194.4869502,8,0,0,Potri.009G015700
Potri.003G080100,194.4147665,8,0,0,Potri.003G080100
Potri.018G127300,194.3384993,8,0,0,Potri.018G127300
Potri.016G119700,194.1008799,8,0,0,Potri.016G119700
Potri.010G176500,194.0110419,8,0,0,Potri.010G176500
Potri.011G008868,193.7336709,8,0,0,Potri.011G008868
Potri.008G066300,193.6829783,8,0,0,Potri.008G066300
Potri.T124508,193.4743168,8,0,0,Potri.T124508
Potri.001G358600,193.4221645,8,0,0,Potri.001G358600
Potri.010G065666,193.2267489,8,0,0,Potri.010G065666
Potri.001G301800,193.1918556,8,0,0,Potri.001G301800
Potri.008G087600,193.1586865,8,0,0,Potri.008G087600
Potri.003G221200,193.0628183,8,0,0,Potri.003G221200
Potri.005G203500,192.9014193,8,0,0,Potri.005G203500
Potri.005G170500,192.835103,8,0,0,Potri.005G170500
Potri.008G072100,192.7562322,8,0,0,Potri.008G072100
Potri.010G205700,192.6781888,8,0,0,Potri.010G205700
Potri.005G258900,192.6446667,8,0,0,Potri.005G258900
Potri.010G001200,192.5743345,8,0,0,Potri.010G001200
Potri.016G035500,192.4535814,8,0,0,Potri.016G035500
Potri.014G095800,192.2739091,8,0,0,Potri.014G095800
Potri.002G248500,192.2509504,8,0,0,Potri.002G248500
Potri.009G136400,191.8206467,8,0,0,Potri.009G136400
Potri.005G032800,191.614894,8,0,0,Potri.005G032800
Potri.007G093200,191.59919,8,0,0,Potri.007G093200
Potri.011G167700,191.3839552,8,0,0,Potri.011G167700
Potri.016G091100,191.2739957,8,0,0,Potri.016G091100
Potri.007G076700,191.1701421,8,0,0,Potri.007G076700
Potri.002G251000,190.6237678,8,0,0,Potri.002G251000
Potri.006G079300,190.6069497,8,0,0,Potri.006G079300
Potri.003G143600,190.3590028,8,0,0,Potri.003G143600
Potri.005G222700,190.3296942,8,0,0,Potri.005G222700
Potri.005G238600,190.0780465,8,0,0,Potri.005G238600
Potri.002G125800,190.0106913,8,0,0,Potri.002G125800
Potri.008G139700,189.943777,8,0,0,Potri.008G139700
Potri.001G361100,189.7547734,8,0,0,Potri.001G361100
Potri.016G133500,189.7315949,8,0,0,Potri.016G133500
Potri.002G151400,189.7109619,8,0,0,Potri.002G151400
Potri.004G144800,189.6987434,8,0,0,Potri.004G144800
Potri.012G088100,189.6757764,8,0,0,Potri.012G088100
Potri.006G110700,189.6347366,8,0,0,Potri.006G110700
Potri.014G041700,189.6340319,8,0,0,Potri.014G041700
Potri.011G043800,189.1839153,8,0,0,Potri.011G043800
Potri.012G134100,189.1176582,8,0,0,Potri.012G134100
Potri.018G021700,188.8857041,8,0,0,Potri.018G021700
Potri.019G040000,188.8454848,8,0,0,Potri.019G040000
Potri.006G211000,188.692756,8,0,0,Potri.006G211000
Potri.002G184900,188.4147548,8,0,0,Potri.002G184900
Potri.016G065000,188.0684845,8,0,0,Potri.016G065000
Potri.005G091200,187.746662,8,0,0,Potri.005G091200
Potri.010G076500,187.5728104,8,0,0,Potri.010G076500
Potri.014G172600,186.5444304,8,0,0,Potri.014G172600
Potri.018G015100,186.5340869,8,0,0,Potri.018G015100
Potri.010G019000,186.5042825,8,0,0,Potri.010G019000
Potri.004G099400,186.2334521,8,0,0,Potri.004G099400
Potri.010G236200,185.5195309,8,0,0,Potri.010G236200
Potri.010G152100,185.4019397,8,0,0,Potri.010G152100
Potri.009G168600,185.2578149,8,0,0,Potri.009G168600
Potri.005G185600,185.2064079,8,0,0,Potri.005G185600
Potri.003G157900,185.1790147,8,0,0,Potri.003G157900
Potri.016G105000,184.8607924,8,0,0,Potri.016G105000
Potri.019G083000,184.4579745,8,0,0,Potri.019G083000
Potri.001G189400,183.9212832,8,0,0,Potri.001G189400
Potri.001G261000,183.7002717,8,0,0,Potri.001G261000
Potri.012G006501,183.4961797,8,0,0,Potri.012G006501
Potri.005G163900,183.4317826,8,0,0,Potri.005G163900
Potri.010G101100,183.4114906,8,0,0,Potri.010G101100
Potri.010G043500,183.3988954,8,0,0,Potri.010G043500
Potri.002G093400,183.3123562,8,0,0,Potri.002G093400
Potri.011G010500,183.2894061,8,0,0,Potri.011G010500
Potri.001G070100,183.1649013,8,0,0,Potri.001G070100
Potri.001G358300,183.1124801,8,0,0,Potri.001G358300
Potri.010G111900,182.9826475,8,0,0,Potri.010G111900
Potri.004G208500,182.8481223,8,0,0,Potri.004G208500
Potri.001G136200,182.6477261,8,0,0,Potri.001G136200
Potri.004G189300,182.5519954,8,0,0,Potri.004G189300
Potri.004G197900,182.5414607,8,0,0,Potri.004G197900
Potri.008G040500,182.4577014,8,0,0,Potri.008G040500
Potri.017G070200,182.410313,8,0,0,Potri.017G070200
Potri.008G159200,182.3395,8,0,0,Potri.008G159200
Potri.001G219300,182.3125783,8,0,0,Potri.001G219300
Potri.004G157500,182.1651526,8,0,0,Potri.004G157500
Potri.004G220300,182.1245266,8,0,0,Potri.004G220300
Potri.008G112600,181.9551888,8,0,0,Potri.008G112600
Potri.004G199200,181.9509778,8,0,0,Potri.004G199200
Potri.015G122100,181.9353293,8,0,0,Potri.015G122100
Potri.016G093600,181.7989142,8,0,0,Potri.016G093600
Potri.013G148700,181.715093,8,0,0,Potri.013G148700
Potri.013G035100,181.6993074,8,0,0,Potri.013G035100
Potri.002G202300,181.6729302,8,0,0,Potri.002G202300
Potri.001G345100,181.5827713,8,0,0,Potri.001G345100
Potri.001G050700,181.3847686,8,0,0,Potri.001G050700
Potri.002G187700,181.3783083,8,0,0,Potri.002G187700
Potri.014G191000,181.2037394,8,0,0,Potri.014G191000
Potri.014G127000,181.1370816,8,0,0,Potri.014G127000
Potri.002G049300,181.1303811,8,0,0,Potri.002G049300
Potri.008G162600,180.9901396,8,0,0,Potri.008G162600
Potri.006G169700,180.9783054,8,0,0,Potri.006G169700
Potri.001G059900,180.9535222,8,0,0,Potri.001G059900
Potri.008G097700,180.8336393,8,0,0,Potri.008G097700
Potri.004G159800,180.7369013,8,0,0,Potri.004G159800
Potri.001G215800,179.8551719,8,0,0,Potri.001G215800
Potri.013G145600,179.7870919,8,0,0,Potri.013G145600
Potri.015G079400,179.5781724,8,0,0,Potri.015G079400
Potri.003G080000,179.3917967,8,0,0,Potri.003G080000
Potri.013G136200,179.2719769,8,0,0,Potri.013G136200
Potri.019G063101,179.210068,8,0,0,Potri.019G063101
Potri.018G140300,178.8209428,8,0,0,Potri.018G140300
Potri.001G020300,178.7100617,8,0,0,Potri.001G020300
Potri.007G104000,178.7038623,8,0,0,Potri.007G104000
Potri.012G106100,178.0385122,8,0,0,Potri.012G106100
Potri.017G084800,177.7130084,8,0,0,Potri.017G084800
Potri.009G132100,177.2484358,8,0,0,Potri.009G132100
Potri.005G141600,177.1942013,8,0,0,Potri.005G141600
Potri.008G082100,176.7845019,8,0,0,Potri.008G082100
Potri.009G158900,176.5699422,8,0,0,Potri.009G158900
Potri.005G110900,176.5177315,8,0,0,Potri.005G110900
Potri.006G233100,176.4780449,8,0,0,Potri.006G233100
Potri.002G036400,176.3956724,8,0,0,Potri.002G036400
Potri.007G033100,175.9204898,8,0,0,Potri.007G033100
Potri.010G140200,175.8921546,8,0,0,Potri.010G140200
Potri.011G123500,175.8786778,8,0,0,Potri.011G123500
Potri.012G017100,175.7783921,8,0,0,Potri.012G017100
Potri.001G450600,175.7270436,8,0,0,Potri.001G450600
Potri.016G060400,175.4497611,8,0,0,Potri.016G060400
Potri.003G128600,175.3750158,8,0,0,Potri.003G128600
Potri.012G053200,175.050182,8,0,0,Potri.012G053200
Potri.005G214400,174.9923033,8,0,0,Potri.005G214400
Potri.004G188600,174.8955794,8,0,0,Potri.004G188600
Potri.001G397600,174.6783609,8,0,0,Potri.001G397600
Potri.010G168100,174.5854385,8,0,0,Potri.010G168100
Potri.004G137600,174.4458238,8,0,0,Potri.004G137600
Potri.017G009500,174.3494704,8,0,0,Potri.017G009500
Potri.011G079900,174.310425,8,0,0,Potri.011G079900
Potri.017G019400,174.1845794,8,0,0,Potri.017G019400
Potri.003G163200,174.0806848,8,0,0,Potri.003G163200
Potri.006G281900,173.9927737,8,0,0,Potri.006G281900
Potri.004G068901,173.9333066,8,0,0,Potri.004G068901
Potri.018G082900,173.8825475,8,0,0,Potri.018G082900
Potri.001G132700,173.8004578,8,0,0,Potri.001G132700
Potri.009G073600,173.7336269,8,0,0,Potri.009G073600
Potri.013G062401,173.6825041,8,0,0,Potri.013G062401
Potri.017G141000,173.2972547,8,0,0,Potri.017G141000
Potri.008G183600,173.0229746,8,0,0,Potri.008G183600
Potri.009G005900,172.9571243,8,0,0,Potri.009G005900
Potri.011G156300,172.8223871,8,0,0,Potri.011G156300
Potri.003G108400,172.5550356,8,0,0,Potri.003G108400
Potri.006G276750,172.4899782,8,0,0,Potri.006G276750
Potri.008G065600,172.1428485,8,0,0,Potri.008G065600
Potri.019G014100,171.9086794,8,0,0,Potri.019G014100
Potri.013G135600,171.8308484,8,0,0,Potri.013G135600
Potri.009G099300,171.8199135,8,0,0,Potri.009G099300
Potri.012G105400,171.8000896,8,0,0,Potri.012G105400
Potri.001G333600,171.6758097,8,0,0,Potri.001G333600
Potri.003G192900,171.6574143,8,0,0,Potri.003G192900
Potri.015G137800,171.5514395,8,0,0,Potri.015G137800
Potri.006G036500,171.5312099,8,0,0,Potri.006G036500
Potri.005G101800,171.4876675,8,0,0,Potri.005G101800
Potri.001G026501,171.2089805,8,0,0,Potri.001G026501
Potri.013G015600,171.1094776,8,0,0,Potri.013G015600
Potri.013G005300,171.109032,8,0,0,Potri.013G005300
Potri.016G035400,171.0825636,8,0,0,Potri.016G035400
Potri.001G180200,170.9603977,8,0,0,Potri.001G180200
Potri.006G034500,170.8497563,8,0,0,Potri.006G034500
Potri.001G335400,170.7609076,8,0,0,Potri.001G335400
Potri.010G062000,170.7027573,8,0,0,Potri.010G062000
Potri.017G083200,170.5759903,8,0,0,Potri.017G083200
Potri.014G158900,170.4619676,8,0,0,Potri.014G158900
Potri.012G026050,170.4024763,8,0,0,Potri.012G026050
Potri.001G272700,170.3646563,8,0,0,Potri.001G272700
Potri.016G024800,170.3520671,8,0,0,Potri.016G024800
Potri.001G300700,170.2140009,8,0,0,Potri.001G300700
Potri.002G057700,170.0661638,8,0,0,Potri.002G057700
Potri.002G007700,170.0085286,8,0,0,Potri.002G007700
Potri.010G121600,169.8286908,8,0,0,Potri.010G121600
Potri.006G126800,169.6748443,8,0,0,Potri.006G126800
Potri.001G344700,169.5519134,8,0,0,Potri.001G344700
Potri.018G130100,169.44521,8,0,0,Potri.018G130100
Potri.002G137600,169.2418116,8,0,0,Potri.002G137600
Potri.012G047200,168.9064436,8,0,0,Potri.012G047200
Potri.010G175300,168.73793,8,0,0,Potri.010G175300
Potri.004G131600,168.6945476,8,0,0,Potri.004G131600
Potri.001G248100,168.6434371,8,0,0,Potri.001G248100
Potri.012G039400,168.6405307,8,0,0,Potri.012G039400
Potri.003G177900,168.628698,8,0,0,Potri.003G177900
Potri.001G280700,168.4992793,8,0,0,Potri.001G280700
Potri.007G021000,168.4287256,8,0,0,Potri.007G021000
Potri.012G037500,168.3456803,8,0,0,Potri.012G037500
Potri.006G263500,168.3368265,8,0,0,Potri.006G263500
Potri.006G031800,168.2637681,8,0,0,Potri.006G031800
Potri.012G124400,168.2198146,8,0,0,Potri.012G124400
Potri.011G022800,167.9049473,8,0,0,Potri.011G022800
Potri.009G061700,167.6719879,8,0,0,Potri.009G061700
Potri.009G080600,167.4221269,8,0,0,Potri.009G080600
Potri.010G044400,167.3949486,8,0,0,Potri.010G044400
Potri.002G081400,167.3712675,8,0,0,Potri.002G081400
Potri.009G119500,167.3370715,8,0,0,Potri.009G119500
Potri.004G086000,167.246444,8,0,0,Potri.004G086000
Potri.015G146600,167.2456838,8,0,0,Potri.015G146600
Potri.014G129200,166.9832478,8,0,0,Potri.014G129200
Potri.011G094400,166.8295827,8,0,0,Potri.011G094400
Potri.006G282200,166.8084259,8,0,0,Potri.006G282200
Potri.004G024500,166.7652387,8,0,0,Potri.004G024500
Potri.018G069800,166.6298523,8,0,0,Potri.018G069800
Potri.014G068300,166.4631145,8,0,0,Potri.014G068300
Potri.002G055300,166.2890575,8,0,0,Potri.002G055300
Potri.004G142800,166.1630238,8,0,0,Potri.004G142800
Potri.011G000100,165.9785805,8,0,0,Potri.011G000100
Potri.013G013600,165.8348456,8,0,0,Potri.013G013600
Potri.015G129800,165.7978504,8,0,0,Potri.015G129800
Potri.004G115700,165.6456172,8,0,0,Potri.004G115700
Potri.010G090800,165.6012226,8,0,0,Potri.010G090800
Potri.008G117500,165.4248592,8,0,0,Potri.008G117500
Potri.002G250800,165.3731042,8,0,0,Potri.002G250800
Potri.015G003000,165.3562538,8,0,0,Potri.015G003000
Potri.012G001400,165.2755241,8,0,0,Potri.012G001400
Potri.015G009200,165.2087282,8,0,0,Potri.015G009200
Potri.005G078900,165.0110857,8,0,0,Potri.005G078900
Potri.011G132800,164.821141,8,0,0,Potri.011G132800
Potri.007G076500,164.6568944,8,0,0,Potri.007G076500
Potri.017G140000,164.6529715,8,0,0,Potri.017G140000
Potri.005G123600,164.6420233,8,0,0,Potri.005G123600
Potri.010G089200,164.4027508,8,0,0,Potri.010G089200
Potri.008G113400,164.1315683,8,0,0,Potri.008G113400
Potri.011G052600,164.1016804,8,0,0,Potri.011G052600
Potri.004G137000,164.025417,8,0,0,Potri.004G137000
Potri.002G179100,163.8360929,8,0,0,Potri.002G179100
Potri.001G286700,163.739559,8,0,0,Potri.001G286700
Potri.002G240232,163.4201,8,0,0,Potri.002G240232
Potri.008G155700,163.3290551,8,0,0,Potri.008G155700
Potri.018G037500,163.211898,8,0,0,Potri.018G037500
Potri.011G014101,163.0252751,8,0,0,Potri.011G014101
Potri.002G251700,162.8656735,8,0,0,Potri.002G251700
Potri.010G081800,162.6837987,8,0,0,Potri.010G081800
Potri.T009323,162.6641378,8,0,0,Potri.T009323
Potri.008G135100,162.6204646,8,0,0,Potri.008G135100
Potri.001G255700,162.4905097,8,0,0,Potri.001G255700
Potri.012G102500,162.3572134,8,0,0,Potri.012G102500
Potri.008G103500,162.3289164,8,0,0,Potri.008G103500
Potri.014G043600,162.2721415,8,0,0,Potri.014G043600
Potri.018G067900,162.2450974,8,0,0,Potri.018G067900
Potri.014G041000,162.2364099,8,0,0,Potri.014G041000
Potri.007G097600,161.9463287,8,0,0,Potri.007G097600
Potri.007G096200,161.8951961,8,0,0,Potri.007G096200
Potri.014G082400,161.8497366,8,0,0,Potri.014G082400
Potri.001G443150,161.7071737,8,0,0,Potri.001G443150
Potri.019G101900,161.692765,8,0,0,Potri.019G101900
Potri.002G012000,161.6505184,8,0,0,Potri.002G012000
Potri.001G006400,161.4153835,8,0,0,Potri.001G006400
Potri.002G140400,161.1217267,8,0,0,Potri.002G140400
Potri.009G027900,160.7519955,8,0,0,Potri.009G027900
Potri.010G192600,160.6075475,8,0,0,Potri.010G192600
Potri.T012000,160.5008257,8,0,0,Potri.T012000
Potri.004G095900,160.3353567,8,0,0,Potri.004G095900
Potri.006G121801,160.2539632,8,0,0,Potri.006G121801
Potri.001G189700,159.9060679,8,0,0,Potri.001G189700
Potri.003G094500,159.2031291,8,0,0,Potri.003G094500
Potri.002G168900,159.0730919,8,0,0,Potri.002G168900
Potri.006G228900,158.9345623,8,0,0,Potri.006G228900
Potri.011G112400,158.8804985,8,0,0,Potri.011G112400
Potri.002G142100,158.8619078,8,0,0,Potri.002G142100
Potri.018G024500,158.799933,8,0,0,Potri.018G024500
Potri.014G080900,158.7146485,8,0,0,Potri.014G080900
Potri.006G049200,158.5435156,8,0,0,Potri.006G049200
Potri.008G067400,158.4356339,8,0,0,Potri.008G067400
Potri.003G009700,158.414385,8,0,0,Potri.003G009700
Potri.011G010200,158.3741389,8,0,0,Potri.011G010200
Potri.016G048600,158.3292168,8,0,0,Potri.016G048600
Potri.012G095000,158.1679512,8,0,0,Potri.012G095000
Potri.013G122000,158.1598194,8,0,0,Potri.013G122000
Potri.017G082900,158.0129908,8,0,0,Potri.017G082900
Potri.003G105500,157.8401073,8,0,0,Potri.003G105500
Potri.006G263100,157.827998,8,0,0,Potri.006G263100
Potri.014G091200,157.7564878,8,0,0,Potri.014G091200
Potri.008G137900,157.7358497,8,0,0,Potri.008G137900
Potri.014G072600,157.7213699,8,0,0,Potri.014G072600
Potri.003G166500,157.6827497,8,0,0,Potri.003G166500
Potri.008G124900,157.6152651,8,0,0,Potri.008G124900
Potri.002G124200,157.4070553,8,0,0,Potri.002G124200
Potri.006G222100,157.2432461,8,0,0,Potri.006G222100
Potri.002G032900,157.0119593,8,0,0,Potri.002G032900
Potri.007G082500,156.9678803,8,0,0,Potri.007G082500
Potri.008G132700,156.7939799,8,0,0,Potri.008G132700
Potri.003G222200,156.7713127,8,0,0,Potri.003G222200
Potri.019G009900,156.7614653,8,0,0,Potri.019G009900
Potri.002G155000,156.6797331,8,0,0,Potri.002G155000
Potri.005G097700,156.5545849,8,0,0,Potri.005G097700
Potri.004G135000,156.3815732,8,0,0,Potri.004G135000
Potri.014G138000,156.1703011,8,0,0,Potri.014G138000
Potri.010G193000,156.1470155,8,0,0,Potri.010G193000
Potri.006G073200,156.1113996,8,0,0,Potri.006G073200
Potri.008G156200,156.032624,8,0,0,Potri.008G156200
Potri.006G094600,155.9469711,8,0,0,Potri.006G094600
Potri.001G349900,155.7416258,8,0,0,Potri.001G349900
Potri.010G175500,155.7257136,8,0,0,Potri.010G175500
Potri.010G178050,155.6095017,8,0,0,Potri.010G178050
Potri.010G062900,155.536927,8,0,0,Potri.010G062900
Potri.012G125500,155.5192145,8,0,0,Potri.012G125500
Potri.001G161000,155.3476356,8,0,0,Potri.001G161000
Potri.001G216000,155.229833,8,0,0,Potri.001G216000
Potri.002G003100,155.1631368,8,0,0,Potri.002G003100
Potri.010G188700,154.951814,8,0,0,Potri.010G188700
Potri.009G121500,154.9515592,8,0,0,Potri.009G121500
Potri.001G466800,154.7820173,8,0,0,Potri.001G466800
Potri.011G143400,154.3497438,8,0,0,Potri.011G143400
Potri.014G128000,154.2081864,8,0,0,Potri.014G128000
Potri.008G076100,154.1381823,8,0,0,Potri.008G076100
Potri.005G055900,154.0560993,8,0,0,Potri.005G055900
Potri.001G082700,153.7471431,8,0,0,Potri.001G082700
Potri.005G058000,153.722013,8,0,0,Potri.005G058000
Potri.003G032100,153.5929617,8,0,0,Potri.003G032100
Potri.015G000900,153.5626085,8,0,0,Potri.015G000900
Potri.017G144001,153.5424008,8,0,0,Potri.017G144001
Potri.010G146900,153.4380456,8,0,0,Potri.010G146900
Potri.016G086900,153.3468617,8,0,0,Potri.016G086900
Potri.008G197600,153.0443815,8,0,0,Potri.008G197600
Potri.005G216600,152.9922543,8,0,0,Potri.005G216600
Potri.008G103800,152.8770421,8,0,0,Potri.008G103800
Potri.011G102500,152.8639394,8,0,0,Potri.011G102500
Potri.010G024600,152.6704192,8,0,0,Potri.010G024600
Potri.015G027500,152.5158578,8,0,0,Potri.015G027500
Potri.008G086300,152.2900264,8,0,0,Potri.008G086300
Potri.001G188000,152.0674698,8,0,0,Potri.001G188000
Potri.005G063200,152.0210557,8,0,0,Potri.005G063200
Potri.002G124600,151.684356,8,0,0,Potri.002G124600
Potri.006G151100,151.6744415,8,0,0,Potri.006G151100
Potri.003G031000,151.6651264,8,0,0,Potri.003G031000
Potri.002G130600,151.2127743,8,0,0,Potri.002G130600
Potri.016G067600,151.187939,8,0,0,Potri.016G067600
Potri.019G068500,151.1350609,8,0,0,Potri.019G068500
Potri.018G020900,151.1300207,8,0,0,Potri.018G020900
Potri.005G161100,151.121178,8,0,0,Potri.005G161100
Potri.013G026400,151.0205454,8,0,0,Potri.013G026400
Potri.006G222500,150.9097064,8,0,0,Potri.006G222500
Potri.018G102400,150.7855931,8,0,0,Potri.018G102400
Potri.011G108900,150.7067734,8,0,0,Potri.011G108900
Potri.006G060600,150.6003443,8,0,0,Potri.006G060600
Potri.014G049800,150.5985206,8,0,0,Potri.014G049800
Potri.003G146200,150.4999412,8,0,0,Potri.003G146200
Potri.005G057000,150.3854989,8,0,0,Potri.005G057000
Potri.005G242000,150.297873,8,0,0,Potri.005G242000
Potri.018G055001,150.2234811,8,0,0,Potri.018G055001
Potri.019G014328,150.1879851,8,0,0,Potri.019G014328
Potri.006G170400,150.109473,8,0,0,Potri.006G170400
Potri.014G093700,150.0326382,8,0,0,Potri.014G093700
Potri.009G099500,149.4718426,8,0,0,Potri.009G099500
Potri.002G244000,149.3848321,8,0,0,Potri.002G244000
Potri.004G222500,149.375906,8,0,0,Potri.004G222500
Potri.002G118366,149.3314452,8,0,0,Potri.002G118366
Potri.010G197300,149.2269343,8,0,0,Potri.010G197300
Potri.002G178500,149.1734042,8,0,0,Potri.002G178500
Potri.005G146500,149.1715422,8,0,0,Potri.005G146500
Potri.003G192200,149.1445729,8,0,0,Potri.003G192200
Potri.014G045200,148.9640031,8,0,0,Potri.014G045200
Potri.018G108000,148.780267,8,0,0,Potri.018G108000
Potri.007G110800,148.7610656,8,0,0,Potri.007G110800
Potri.002G012500,148.7181155,8,0,0,Potri.002G012500
Potri.003G082500,148.5595182,8,0,0,Potri.003G082500
Potri.012G036500,148.4725336,8,0,0,Potri.012G036500
Potri.008G159800,148.4466845,8,0,0,Potri.008G159800
Potri.017G068748,148.4075768,8,0,0,Potri.017G068748
Potri.017G108000,148.3566256,8,0,0,Potri.017G108000
Potri.013G025300,148.258867,8,0,0,Potri.013G025300
Potri.013G104300,148.1469594,8,0,0,Potri.013G104300
Potri.004G075525,147.9981638,8,0,0,Potri.004G075525
Potri.015G012800,147.9549702,8,0,0,Potri.015G012800
Potri.002G149500,147.9189703,8,0,0,Potri.002G149500
Potri.010G210300,147.8654295,8,0,0,Potri.010G210300
Potri.005G071900,147.770357,8,0,0,Potri.005G071900
Potri.009G167400,147.7353929,8,0,0,Potri.009G167400
Potri.018G089700,147.3849027,8,0,0,Potri.018G089700
Potri.008G025600,147.2366536,8,0,0,Potri.008G025600
Potri.013G131600,147.2122262,8,0,0,Potri.013G131600
Potri.001G252000,147.1856162,8,0,0,Potri.001G252000
Potri.017G131000,147.1446506,8,0,0,Potri.017G131000
Potri.007G144800,147.0595751,8,0,0,Potri.007G144800
Potri.015G130800,147.0165427,8,0,0,Potri.015G130800
Potri.008G158000,146.7847641,8,0,0,Potri.008G158000
Potri.008G124000,146.6864959,8,0,0,Potri.008G124000
Potri.001G218700,146.6125384,8,0,0,Potri.001G218700
Potri.012G097300,146.5180858,8,0,0,Potri.012G097300
Potri.006G131300,146.3683707,8,0,0,Potri.006G131300
Potri.013G082200,146.3341473,8,0,0,Potri.013G082200
Potri.001G357700,146.261096,8,0,0,Potri.001G357700
Potri.018G152200,146.1600995,8,0,0,Potri.018G152200
Potri.008G089900,146.1011012,8,0,0,Potri.008G089900
Potri.005G140200,145.9329445,8,0,0,Potri.005G140200
Potri.015G126800,145.8971348,8,0,0,Potri.015G126800
Potri.012G074900,145.8759007,8,0,0,Potri.012G074900
Potri.010G229600,145.8220182,8,0,0,Potri.010G229600
Potri.018G095100,145.8197482,8,0,0,Potri.018G095100
Potri.001G205500,145.8140748,8,0,0,Potri.001G205500
Potri.007G131600,145.5856763,8,0,0,Potri.007G131600
Potri.018G064900,145.5747419,8,0,0,Potri.018G064900
Potri.008G006100,145.5413696,8,0,0,Potri.008G006100
Potri.003G136100,145.3680743,8,0,0,Potri.003G136100
Potri.015G097000,145.3162824,8,0,0,Potri.015G097000
Potri.008G097200,144.2789254,8,0,0,Potri.008G097200
Potri.011G003300,144.1784906,8,0,0,Potri.011G003300
Potri.010G066400,144.028098,8,0,0,Potri.010G066400
Potri.010G092300,143.9100365,8,0,0,Potri.010G092300
Potri.014G143900,143.7761535,8,0,0,Potri.014G143900
Potri.001G235800,143.7081391,8,0,0,Potri.001G235800
Potri.005G039800,143.5472537,8,0,0,Potri.005G039800
Potri.018G034100,143.3566815,8,0,0,Potri.018G034100
Potri.001G061200,143.3437618,8,0,0,Potri.001G061200
Potri.001G012300,143.1312291,8,0,0,Potri.001G012300
Potri.010G100700,143.0931157,8,0,0,Potri.010G100700
Potri.017G087500,142.9148547,8,0,0,Potri.017G087500
Potri.019G099000,142.8187853,8,0,0,Potri.019G099000
Potri.017G135000,142.253321,8,0,0,Potri.017G135000
Potri.013G085300,142.1752607,8,0,0,Potri.013G085300
Potri.017G107300,142.1584454,8,0,0,Potri.017G107300
Potri.007G038900,142.1022124,8,0,0,Potri.007G038900
Potri.001G250200,142.0316428,8,0,0,Potri.001G250200
Potri.002G113400,142.0189178,8,0,0,Potri.002G113400
Potri.002G158800,142.0031306,8,0,0,Potri.002G158800
Potri.004G202400,141.9626926,8,0,0,Potri.004G202400
Potri.003G220866,141.8924836,8,0,0,Potri.003G220866
Potri.002G087000,141.8331631,8,0,0,Potri.002G087000
Potri.004G158400,141.7135602,8,0,0,Potri.004G158400
Potri.006G196800,141.6938409,8,0,0,Potri.006G196800
Potri.002G016900,141.6274703,8,0,0,Potri.002G016900
Potri.012G102800,141.4892953,8,0,0,Potri.012G102800
Potri.010G044300,141.2784443,8,0,0,Potri.010G044300
Potri.002G105600,141.217667,8,0,0,Potri.002G105600
Potri.005G177000,141.1800178,8,0,0,Potri.005G177000
Potri.002G094200,141.0904808,8,0,0,Potri.002G094200
Potri.001G073400,141.0901727,8,0,0,Potri.001G073400
Potri.002G032600,141.0100255,8,0,0,Potri.002G032600
Potri.008G168600,140.9267173,8,0,0,Potri.008G168600
Potri.001G127300,140.917154,8,0,0,Potri.001G127300
Potri.012G014966,140.8105098,8,0,0,Potri.012G014966
Potri.010G103000,140.7543606,8,0,0,Potri.010G103000
Potri.005G108100,140.7501648,8,0,0,Potri.005G108100
Potri.003G062200,140.7159063,8,0,0,Potri.003G062200
Potri.005G144900,140.6489945,8,0,0,Potri.005G144900
Potri.009G054200,140.6026658,8,0,0,Potri.009G054200
Potri.003G086000,140.5874572,8,0,0,Potri.003G086000
Potri.015G004100,140.5446644,8,0,0,Potri.015G004100
Potri.002G146800,140.3967729,8,0,0,Potri.002G146800
Potri.004G126500,140.3267732,8,0,0,Potri.004G126500
Potri.005G230900,140.215303,8,0,0,Potri.005G230900
Potri.008G022100,140.1650018,8,0,0,Potri.008G022100
Potri.018G128400,140.1630728,8,0,0,Potri.018G128400
Potri.002G001700,140.1250926,8,0,0,Potri.002G001700
Potri.011G073216,140.1208835,8,0,0,Potri.011G073216
Potri.011G126700,140.112495,8,0,0,Potri.011G126700
Potri.015G048100,140.0493963,8,0,0,Potri.015G048100
Potri.019G020102,139.9818678,8,0,0,Potri.019G020102
Potri.007G040400,139.9694837,8,0,0,Potri.007G040400
Potri.001G174900,139.8771685,8,0,0,Potri.001G174900
Potri.002G191000,139.7670134,8,0,0,Potri.002G191000
Potri.003G131600,139.7177844,8,0,0,Potri.003G131600
Potri.002G119500,139.6847714,8,0,0,Potri.002G119500
Potri.014G047600,139.5845607,8,0,0,Potri.014G047600
Potri.018G108500,139.5147107,8,0,0,Potri.018G108500
Potri.010G044200,139.3705151,8,0,0,Potri.010G044200
Potri.013G011000,139.3218121,8,0,0,Potri.013G011000
Potri.006G192800,139.299795,8,0,0,Potri.006G192800
Potri.013G154200,139.1136865,8,0,0,Potri.013G154200
Potri.012G128700,138.9596162,8,0,0,Potri.012G128700
Potri.017G100300,138.8940314,8,0,0,Potri.017G100300
Potri.013G094400,138.8717182,8,0,0,Potri.013G094400
Potri.018G087100,138.8583079,8,0,0,Potri.018G087100
Potri.014G015200,138.8396038,8,0,0,Potri.014G015200
Potri.017G081100,138.7834139,8,0,0,Potri.017G081100
Potri.011G111500,138.7455516,8,0,0,Potri.011G111500
Potri.010G005500,138.7379882,8,0,0,Potri.010G005500
Potri.010G250900,138.4428326,8,0,0,Potri.010G250900
Potri.009G075900,138.3129447,8,0,0,Potri.009G075900
Potri.006G114400,138.2597516,8,0,0,Potri.006G114400
Potri.006G141700,138.1750924,8,0,0,Potri.006G141700
Potri.008G087200,138.1271584,8,0,0,Potri.008G087200
Potri.008G095300,138.1064387,8,0,0,Potri.008G095300
Potri.008G126100,138.1046323,8,0,0,Potri.008G126100
Potri.003G120000,138.0921947,8,0,0,Potri.003G120000
Potri.018G068100,138.0707729,8,0,0,Potri.018G068100
Potri.015G075800,138.0627903,8,0,0,Potri.015G075800
Potri.002G191400,138.0388801,8,0,0,Potri.002G191400
Potri.006G052100,138.0279753,8,0,0,Potri.006G052100
Potri.007G017900,138.0167257,8,0,0,Potri.007G017900
Potri.002G178900,137.8615799,8,0,0,Potri.002G178900
Potri.015G105500,137.538594,8,0,0,Potri.015G105500
Potri.004G108200,137.3694568,8,0,0,Potri.004G108200
Potri.001G138700,137.3230923,8,0,0,Potri.001G138700
Potri.001G208000,137.2547141,8,0,0,Potri.001G208000
Potri.019G024200,137.1987807,8,0,0,Potri.019G024200
Potri.001G238900,137.1048635,8,0,0,Potri.001G238900
Potri.004G155300,136.9898728,8,0,0,Potri.004G155300
Potri.005G023500,136.9730391,8,0,0,Potri.005G023500
Potri.011G129400,136.8009244,8,0,0,Potri.011G129400
Potri.002G149600,136.565876,8,0,0,Potri.002G149600
Potri.004G019500,136.4660667,8,0,0,Potri.004G019500
Potri.003G127100,136.4336757,8,0,0,Potri.003G127100
Potri.001G230100,136.4062432,8,0,0,Potri.001G230100
Potri.001G031400,136.3370106,8,0,0,Potri.001G031400
Potri.013G014400,136.3348495,8,0,0,Potri.013G014400
Potri.012G144800,136.3273928,8,0,0,Potri.012G144800
Potri.008G018800,136.2662249,8,0,0,Potri.008G018800
Potri.019G037600,136.2591284,8,0,0,Potri.019G037600
Potri.003G202500,136.1993086,8,0,0,Potri.003G202500
Potri.002G071400,136.1988425,8,0,0,Potri.002G071400
Potri.009G125900,136.1479416,8,0,0,Potri.009G125900
Potri.012G126100,136.0691524,8,0,0,Potri.012G126100
Potri.006G043700,135.9752313,8,0,0,Potri.006G043700
Potri.001G073900,135.841519,8,0,0,Potri.001G073900
Potri.009G019400,135.7082898,8,0,0,Potri.009G019400
Potri.010G168500,135.6786976,8,0,0,Potri.010G168500
Potri.008G056200,135.3685016,8,0,0,Potri.008G056200
Potri.010G033400,135.3313915,8,0,0,Potri.010G033400
Potri.016G003400,135.2239201,8,0,0,Potri.016G003400
Potri.018G096077,135.1170755,8,0,0,Potri.018G096077
Potri.008G149300,134.6855338,8,0,0,Potri.008G149300
Potri.004G024566,134.6851853,8,0,0,Potri.004G024566
Potri.004G152400,134.6261351,8,0,0,Potri.004G152400
Potri.002G077400,134.4927052,8,0,0,Potri.002G077400
Potri.009G011200,134.4890016,8,0,0,Potri.009G011200
Potri.005G043400,134.4339482,8,0,0,Potri.005G043400
Potri.008G070600,134.1830197,8,0,0,Potri.008G070600
Potri.007G090600,134.1712625,8,0,0,Potri.007G090600
Potri.012G063800,134.1327554,8,0,0,Potri.012G063800
Potri.014G197600,133.9384563,8,0,0,Potri.014G197600
Potri.010G227000,133.8173291,8,0,0,Potri.010G227000
Potri.018G026900,133.7736529,8,0,0,Potri.018G026900
Potri.010G154700,133.7662632,8,0,0,Potri.010G154700
Potri.001G405025,133.746113,8,0,0,Potri.001G405025
Potri.001G305900,133.6208058,8,0,0,Potri.001G305900
Potri.013G001000,133.5326124,8,0,0,Potri.013G001000
Potri.013G112500,133.407495,8,0,0,Potri.013G112500
Potri.005G001200,133.2104588,8,0,0,Potri.005G001200
Potri.003G018500,133.2087588,8,0,0,Potri.003G018500
Potri.006G157700,133.1494102,8,0,0,Potri.006G157700
Potri.006G024000,133.0612983,8,0,0,Potri.006G024000
Potri.010G071000,133.0177412,8,0,0,Potri.010G071000
Potri.014G105101,132.9915875,8,0,0,Potri.014G105101
Potri.016G063200,132.9239163,8,0,0,Potri.016G063200
Potri.006G099500,132.7416962,8,0,0,Potri.006G099500
Potri.001G049400,132.6795825,8,0,0,Potri.001G049400
Potri.012G082200,132.5833084,8,0,0,Potri.012G082200
Potri.010G186700,132.581172,8,0,0,Potri.010G186700
Potri.001G182600,132.5299341,8,0,0,Potri.001G182600
Potri.006G204200,132.4775475,8,0,0,Potri.006G204200
Potri.008G112700,132.4225872,8,0,0,Potri.008G112700
Potri.005G136900,132.4022847,8,0,0,Potri.005G136900
Potri.015G096500,132.3330143,8,0,0,Potri.015G096500
Potri.002G084800,132.2899623,8,0,0,Potri.002G084800
Potri.017G095900,132.2300295,8,0,0,Potri.017G095900
Potri.001G066700,132.0670215,8,0,0,Potri.001G066700
Potri.002G020400,132.0347964,8,0,0,Potri.002G020400
Potri.011G065100,132.0266521,8,0,0,Potri.011G065100
Potri.010G250600,132.0210403,8,0,0,Potri.010G250600
Potri.005G084600,132.0070724,8,0,0,Potri.005G084600
Potri.014G022600,132.0046454,8,0,0,Potri.014G022600
Potri.010G254900,131.986179,8,0,0,Potri.010G254900
Potri.001G150800,131.8996569,8,0,0,Potri.001G150800
Potri.011G162500,131.8526419,8,0,0,Potri.011G162500
Potri.019G019710,131.7227902,8,0,0,Potri.019G019710
Potri.014G089300,131.6272975,8,0,0,Potri.014G089300
Potri.010G076425,131.4018302,8,0,0,Potri.010G076425
Potri.009G002900,131.2748937,8,0,0,Potri.009G002900
Potri.010G028700,131.2471677,8,0,0,Potri.010G028700
Potri.001G406600,131.1527107,8,0,0,Potri.001G406600
Potri.014G161600,130.9664701,8,0,0,Potri.014G161600
Potri.012G081800,130.9108604,8,0,0,Potri.012G081800
Potri.003G103400,130.8687342,8,0,0,Potri.003G103400
Potri.019G079300,130.8677839,8,0,0,Potri.019G079300
Potri.014G180200,130.8490007,8,0,0,Potri.014G180200
Potri.003G162700,130.7471053,8,0,0,Potri.003G162700
Potri.001G412900,130.6730768,8,0,0,Potri.001G412900
Potri.017G104301,130.6512821,8,0,0,Potri.017G104301
Potri.009G039300,130.6511377,8,0,0,Potri.009G039300
Potri.009G014750,130.6481447,8,0,0,Potri.009G014750
Potri.011G167532,130.5229633,8,0,0,Potri.011G167532
Potri.014G019900,130.4447192,8,0,0,Potri.014G019900
Potri.001G209400,130.3081379,8,0,0,Potri.001G209400
Potri.008G191051,130.2232063,8,0,0,Potri.008G191051
Potri.002G055500,130.1465848,8,0,0,Potri.002G055500
Potri.001G004000,129.9664776,8,0,0,Potri.001G004000
Potri.019G062500,129.7353989,8,0,0,Potri.019G062500
Potri.011G170000,129.4212581,8,0,0,Potri.011G170000
Potri.014G094300,129.346312,8,0,0,Potri.014G094300
Potri.016G117300,128.6173517,8,0,0,Potri.016G117300
Potri.007G119200,128.4422803,8,0,0,Potri.007G119200
Potri.004G186200,128.2829392,8,0,0,Potri.004G186200
Potri.013G118500,128.1940203,8,0,0,Potri.013G118500
Potri.001G148600,128.1765841,8,0,0,Potri.001G148600
Potri.002G060500,128.0992242,8,0,0,Potri.002G060500
Potri.012G049300,128.0605995,8,0,0,Potri.012G049300
Potri.012G039300,127.9794836,8,0,0,Potri.012G039300
Potri.002G233600,127.9317643,8,0,0,Potri.002G233600
Potri.007G102400,127.8699907,8,0,0,Potri.007G102400
Potri.005G227300,127.8171854,8,0,0,Potri.005G227300
Potri.009G148800,127.8076466,8,0,0,Potri.009G148800
Potri.019G080000,127.7952035,8,0,0,Potri.019G080000
Potri.003G195400,127.7376863,8,0,0,Potri.003G195400
Potri.005G196700,127.6951332,8,0,0,Potri.005G196700
Potri.015G124500,127.6103262,8,0,0,Potri.015G124500
Potri.007G066900,127.6073997,8,0,0,Potri.007G066900
Potri.019G052500,127.5047467,8,0,0,Potri.019G052500
Potri.014G098400,127.3375555,8,0,0,Potri.014G098400
Potri.019G078300,127.3247435,8,0,0,Potri.019G078300
Potri.014G023000,127.2840698,8,0,0,Potri.014G023000
Potri.012G065200,127.2697563,8,0,0,Potri.012G065200
Potri.001G005500,127.0473643,8,0,0,Potri.001G005500
Potri.009G057200,126.8408163,8,0,0,Potri.009G057200
Potri.009G162900,126.8298886,8,0,0,Potri.009G162900
Potri.001G381000,126.5189564,8,0,0,Potri.001G381000
Potri.001G079501,126.5046311,8,0,0,Potri.001G079501
Potri.013G058400,126.2183697,8,0,0,Potri.013G058400
Potri.019G130000,126.1649137,8,0,0,Potri.019G130000
Potri.008G180800,126.1381995,8,0,0,Potri.008G180800
Potri.006G164000,126.1345201,8,0,0,Potri.006G164000
Potri.004G193300,126.1065335,8,0,0,Potri.004G193300
Potri.015G108600,125.8711399,8,0,0,Potri.015G108600
Potri.001G086000,125.8003608,8,0,0,Potri.001G086000
Potri.002G016200,125.7907908,8,0,0,Potri.002G016200
Potri.016G009300,125.676382,8,0,0,Potri.016G009300
Potri.002G167800,125.6230487,8,0,0,Potri.002G167800
Potri.003G130301,125.5749548,8,0,0,Potri.003G130301
Potri.010G206100,125.4868113,8,0,0,Potri.010G206100
Potri.012G067000,125.4834873,8,0,0,Potri.012G067000
Potri.002G208251,125.4785785,8,0,0,Potri.002G208251
Potri.006G275100,125.4089235,8,0,0,Potri.006G275100
Potri.010G110000,125.2240617,8,0,0,Potri.010G110000
Potri.009G065800,125.1346463,8,0,0,Potri.009G065800
Potri.010G056500,125.0671809,8,0,0,Potri.010G056500
Potri.011G148700,124.8460312,8,0,0,Potri.011G148700
Potri.005G110200,124.8245814,8,0,0,Potri.005G110200
Potri.011G135000,124.6746081,8,0,0,Potri.011G135000
Potri.004G221800,124.582893,8,0,0,Potri.004G221800
Potri.001G451700,124.373536,8,0,0,Potri.001G451700
Potri.006G226700,124.3058886,8,0,0,Potri.006G226700
Potri.002G171700,124.2127387,8,0,0,Potri.002G171700
Potri.002G000200,124.2088272,8,0,0,Potri.002G000200
Potri.014G051800,124.2019508,8,0,0,Potri.014G051800
Potri.003G109100,124.2011597,8,0,0,Potri.003G109100
Potri.001G346900,124.0876715,8,0,0,Potri.001G346900
Potri.005G246500,124.0486526,8,0,0,Potri.005G246500
Potri.001G057800,124.0364127,8,0,0,Potri.001G057800
Potri.019G007884,124.0277138,8,0,0,Potri.019G007884
Potri.003G163300,123.859629,8,0,0,Potri.003G163300
Potri.009G118900,123.7242638,8,0,0,Potri.009G118900
Potri.018G052200,123.6694421,8,0,0,Potri.018G052200
Potri.009G111100,123.5319177,8,0,0,Potri.009G111100
Potri.017G138900,123.5275261,8,0,0,Potri.017G138900
Potri.006G237200,123.4728201,8,0,0,Potri.006G237200
Potri.019G035300,123.4664501,8,0,0,Potri.019G035300
Potri.002G208058,123.4572382,8,0,0,Potri.002G208058
Potri.006G015100,123.3796384,8,0,0,Potri.006G015100
Potri.008G043900,123.2793171,8,0,0,Potri.008G043900
Potri.018G078801,123.2786777,8,0,0,Potri.018G078801
Potri.007G131800,123.23606,8,0,0,Potri.007G131800
Potri.008G070950,123.1945733,8,0,0,Potri.008G070950
Potri.011G041500,123.0975752,8,0,0,Potri.011G041500
Potri.005G257000,123.0196886,8,0,0,Potri.005G257000
Potri.018G129500,122.7756764,8,0,0,Potri.018G129500
Potri.014G157600,122.7714296,8,0,0,Potri.014G157600
Potri.011G139700,122.6843745,8,0,0,Potri.011G139700
Potri.006G108400,122.4646592,8,0,0,Potri.006G108400
Potri.013G128300,122.3398487,8,0,0,Potri.013G128300
Potri.008G013200,122.2628209,8,0,0,Potri.008G013200
Potri.003G192400,122.2321136,8,0,0,Potri.003G192400
Potri.012G087400,122.1691939,8,0,0,Potri.012G087400
Potri.010G210200,122.017539,8,0,0,Potri.010G210200
Potri.011G123900,121.9943147,8,0,0,Potri.011G123900
Potri.019G065500,121.9413348,8,0,0,Potri.019G065500
Potri.001G262600,121.9206364,8,0,0,Potri.001G262600
Potri.019G001800,121.7415974,8,0,0,Potri.019G001800
Potri.013G086700,121.734381,8,0,0,Potri.013G086700
Potri.007G006000,121.7138612,8,0,0,Potri.007G006000
Potri.001G329700,121.6434373,8,0,0,Potri.001G329700
Potri.008G151000,121.6362959,8,0,0,Potri.008G151000
Potri.012G098400,121.6277985,8,0,0,Potri.012G098400
Potri.011G139500,121.5899823,8,0,0,Potri.011G139500
Potri.001G229300,121.5729924,8,0,0,Potri.001G229300
Potri.008G056000,121.5447822,8,0,0,Potri.008G056000
Potri.001G048700,121.429579,8,0,0,Potri.001G048700
Potri.001G066500,121.2372777,8,0,0,Potri.001G066500
Potri.008G198300,121.1933575,8,0,0,Potri.008G198300
Potri.010G122866,121.134487,8,0,0,Potri.010G122866
Potri.017G070500,121.0061751,8,0,0,Potri.017G070500
Potri.005G033500,120.9602819,8,0,0,Potri.005G033500
Potri.001G050400,120.911694,8,0,0,Potri.001G050400
Potri.019G025500,120.9000677,8,0,0,Potri.019G025500
Potri.014G085900,120.8988504,8,0,0,Potri.014G085900
Potri.001G206800,120.8685965,8,0,0,Potri.001G206800
Potri.010G126000,120.6700372,8,0,0,Potri.010G126000
Potri.012G071600,120.6300912,8,0,0,Potri.012G071600
Potri.006G264300,120.2155603,8,0,0,Potri.006G264300
Potri.002G242600,120.1859728,8,0,0,Potri.002G242600
Potri.001G215000,120.1106638,8,0,0,Potri.001G215000
Potri.001G259900,120.0003489,8,0,0,Potri.001G259900
Potri.001G273600,119.9869539,8,0,0,Potri.001G273600
Potri.008G186000,119.9210014,8,0,0,Potri.008G186000
Potri.001G003900,119.8619206,8,0,0,Potri.001G003900
Potri.010G206400,119.8207065,8,0,0,Potri.010G206400
Potri.006G047700,119.7730173,8,0,0,Potri.006G047700
Potri.005G166100,119.7677072,8,0,0,Potri.005G166100
Potri.012G111100,119.6660672,8,0,0,Potri.012G111100
Potri.017G026500,119.4617747,8,0,0,Potri.017G026500
Potri.001G341100,119.4126026,8,0,0,Potri.001G341100
Potri.009G064600,119.344545,8,0,0,Potri.009G064600
Potri.006G165300,119.2942617,8,0,0,Potri.006G165300
Potri.010G230600,119.2381191,8,0,0,Potri.010G230600
Potri.001G256000,119.1347459,8,0,0,Potri.001G256000
Potri.014G170500,119.0951753,8,0,0,Potri.014G170500
Potri.018G100232,119.0646194,8,0,0,Potri.018G100232
Potri.009G038300,119.0059313,8,0,0,Potri.009G038300
Potri.019G131400,118.9606633,8,0,0,Potri.019G131400
Potri.008G051900,118.9602055,8,0,0,Potri.008G051900
Potri.011G005900,118.8134013,8,0,0,Potri.011G005900
Potri.008G055100,118.708592,8,0,0,Potri.008G055100
Potri.008G110100,118.6965015,8,0,0,Potri.008G110100
Potri.006G019100,118.345067,8,0,0,Potri.006G019100
Potri.001G068300,118.3283973,8,0,0,Potri.001G068300
Potri.006G254200,118.324916,8,0,0,Potri.006G254200
Potri.007G039500,118.3140637,8,0,0,Potri.007G039500
Potri.005G241000,118.3012233,8,0,0,Potri.005G241000
Potri.018G139700,118.1652902,8,0,0,Potri.018G139700
Potri.002G242200,118.1473664,8,0,0,Potri.002G242200
Potri.005G111200,118.136333,8,0,0,Potri.005G111200
Potri.017G037900,118.0483979,8,0,0,Potri.017G037900
Potri.008G179700,118.0474655,8,0,0,Potri.008G179700
Potri.018G117981,118.020772,8,0,0,Potri.018G117981
Potri.006G131400,118.0054985,8,0,0,Potri.006G131400
Potri.001G186100,118.0018949,8,0,0,Potri.001G186100
Potri.006G072400,117.9845329,8,0,0,Potri.006G072400
Potri.006G074400,117.8972794,8,0,0,Potri.006G074400
Potri.007G140400,117.8326528,8,0,0,Potri.007G140400
Potri.016G051000,117.8048363,8,0,0,Potri.016G051000
Potri.009G113700,117.6686998,8,0,0,Potri.009G113700
Potri.001G471500,117.6594628,8,0,0,Potri.001G471500
Potri.002G176700,117.5972491,8,0,0,Potri.002G176700
Potri.002G241366,117.5020394,8,0,0,Potri.002G241366
Potri.001G065800,117.4519682,8,0,0,Potri.001G065800
Potri.001G449500,117.4207377,8,0,0,Potri.001G449500
Potri.002G113300,117.2869629,8,0,0,Potri.002G113300
Potri.015G099100,117.2015223,8,0,0,Potri.015G099100
Potri.015G121201,117.190009,8,0,0,Potri.015G121201
Potri.016G110100,117.1324073,8,0,0,Potri.016G110100
Potri.007G055500,117.1174426,8,0,0,Potri.007G055500
Potri.015G045800,117.0819616,8,0,0,Potri.015G045800
Potri.018G119200,117.0167215,8,0,0,Potri.018G119200
Potri.006G072300,116.8894573,8,0,0,Potri.006G072300
Potri.014G172200,116.887966,8,0,0,Potri.014G172200
Potri.008G004400,116.8831797,8,0,0,Potri.008G004400
Potri.010G160100,116.7170687,8,0,0,Potri.010G160100
Potri.007G024100,116.6384562,8,0,0,Potri.007G024100
Potri.008G061600,116.5392154,8,0,0,Potri.008G061600
Potri.017G130600,116.5236519,8,0,0,Potri.017G130600
Potri.006G025800,116.2517195,8,0,0,Potri.006G025800
Potri.006G002900,116.045224,8,0,0,Potri.006G002900
Potri.008G211500,116.0123056,8,0,0,Potri.008G211500
Potri.006G115000,116.0091812,8,0,0,Potri.006G115000
Potri.015G039800,115.9099363,8,0,0,Potri.015G039800
Potri.015G008100,115.4196158,8,0,0,Potri.015G008100
Potri.002G178700,115.3515742,8,0,0,Potri.002G178700
Potri.013G033900,115.349808,8,0,0,Potri.013G033900
Potri.006G133500,115.2943575,8,0,0,Potri.006G133500
Potri.003G074400,115.2571294,8,0,0,Potri.003G074400
Potri.012G115800,115.218307,8,0,0,Potri.012G115800
Potri.010G159800,115.2119997,8,0,0,Potri.010G159800
Potri.002G168200,115.1633593,8,0,0,Potri.002G168200
Potri.017G144541,114.9942439,8,0,0,Potri.017G144541
Potri.004G044800,114.8694593,8,0,0,Potri.004G044800
Potri.012G082400,114.8658063,8,0,0,Potri.012G082400
Potri.019G031000,114.8638761,8,0,0,Potri.019G031000
Potri.006G046000,114.8249044,8,0,0,Potri.006G046000
Potri.015G007300,114.7935285,8,0,0,Potri.015G007300
Potri.007G077400,114.7512254,8,0,0,Potri.007G077400
Potri.018G146100,114.7000712,8,0,0,Potri.018G146100
Potri.013G119400,114.6472518,8,0,0,Potri.013G119400
Potri.001G225600,114.5936774,8,0,0,Potri.001G225600
Potri.007G082400,114.5133027,8,0,0,Potri.007G082400
Potri.013G051400,114.4939756,8,0,0,Potri.013G051400
Potri.014G084600,114.4707617,8,0,0,Potri.014G084600
Potri.013G070200,114.4638594,8,0,0,Potri.013G070200
Potri.013G117100,114.408077,8,0,0,Potri.013G117100
Potri.018G142800,114.2837889,8,0,0,Potri.018G142800
Potri.007G096800,114.2226373,8,0,0,Potri.007G096800
Potri.015G138000,114.1556513,8,0,0,Potri.015G138000
Potri.006G220000,114.1183833,8,0,0,Potri.006G220000
Potri.002G154400,114.088786,8,0,0,Potri.002G154400
Potri.005G149500,114.0654891,8,0,0,Potri.005G149500
Potri.010G065500,113.9029408,8,0,0,Potri.010G065500
Potri.006G076900,113.8998536,8,0,0,Potri.006G076900
Potri.019G064000,113.8952453,8,0,0,Potri.019G064000
Potri.005G024250,113.8562827,8,0,0,Potri.005G024250
Potri.003G144900,113.7794537,8,0,0,Potri.003G144900
Potri.006G026700,113.7586933,8,0,0,Potri.006G026700
Potri.005G098900,113.7251864,8,0,0,Potri.005G098900
Potri.014G157500,113.5830535,8,0,0,Potri.014G157500
Potri.015G030400,113.5537395,8,0,0,Potri.015G030400
Potri.001G371800,113.5504168,8,0,0,Potri.001G371800
Potri.006G052700,113.5425268,8,0,0,Potri.006G052700
Potri.004G205200,113.5095297,8,0,0,Potri.004G205200
Potri.002G001100,113.480479,8,0,0,Potri.002G001100
Potri.014G155000,113.4691844,8,0,0,Potri.014G155000
Potri.009G073000,113.4518786,8,0,0,Potri.009G073000
Potri.014G140500,113.4442238,8,0,0,Potri.014G140500
Potri.005G164200,113.416516,8,0,0,Potri.005G164200
Potri.006G100300,113.3782257,8,0,0,Potri.006G100300
Potri.007G106100,113.2284547,8,0,0,Potri.007G106100
Potri.001G077040,113.1677559,8,0,0,Potri.001G077040
Potri.010G052200,113.1179907,8,0,0,Potri.010G052200
Potri.012G024300,113.0518345,8,0,0,Potri.012G024300
Potri.002G181300,113.0487188,8,0,0,Potri.002G181300
Potri.010G248900,112.9750463,8,0,0,Potri.010G248900
Potri.001G024200,112.9287264,8,0,0,Potri.001G024200
Potri.019G043400,112.8796806,8,0,0,Potri.019G043400
Potri.019G081000,112.6050353,8,0,0,Potri.019G081000
Potri.015G109100,112.5932993,8,0,0,Potri.015G109100
Potri.005G003400,112.4792195,8,0,0,Potri.005G003400
Potri.019G104500,112.4755085,8,0,0,Potri.019G104500
Potri.014G135520,112.432817,8,0,0,Potri.014G135520
Potri.003G193100,112.3625858,8,0,0,Potri.003G193100
Potri.006G274700,112.3389355,8,0,0,Potri.006G274700
Potri.006G254900,112.3036199,8,0,0,Potri.006G254900
Potri.006G083700,112.2461315,8,0,0,Potri.006G083700
Potri.009G064200,112.1865203,8,0,0,Potri.009G064200
Potri.005G027600,112.1590782,8,0,0,Potri.005G027600
Potri.014G172400,111.9402033,8,0,0,Potri.014G172400
Potri.009G006000,111.7859777,8,0,0,Potri.009G006000
Potri.010G041300,111.7453445,8,0,0,Potri.010G041300
Potri.015G055300,111.7021823,8,0,0,Potri.015G055300
Potri.011G015400,111.6384898,8,0,0,Potri.011G015400
Potri.005G042400,111.600734,8,0,0,Potri.005G042400
Potri.011G004700,111.5810826,8,0,0,Potri.011G004700
Potri.016G001800,111.5013365,8,0,0,Potri.016G001800
Potri.005G060800,111.4387895,8,0,0,Potri.005G060800
Potri.008G132400,111.3781547,8,0,0,Potri.008G132400
Potri.009G139400,111.2641522,8,0,0,Potri.009G139400
Potri.002G016700,111.178295,8,0,0,Potri.002G016700
Potri.018G121500,110.9763631,8,0,0,Potri.018G121500
Potri.001G309500,110.9436449,8,0,0,Potri.001G309500
Potri.018G036600,110.9098641,8,0,0,Potri.018G036600
Potri.004G183900,110.8814954,8,0,0,Potri.004G183900
Potri.006G075800,110.8196802,8,0,0,Potri.006G075800
Potri.006G165500,110.7699688,8,0,0,Potri.006G165500
Potri.015G005400,110.7133946,8,0,0,Potri.015G005400
Potri.004G059900,110.5192301,8,0,0,Potri.004G059900
Potri.006G059600,110.5138635,8,0,0,Potri.006G059600
Potri.011G002900,110.4171604,8,0,0,Potri.011G002900
Potri.001G394000,110.3771353,8,0,0,Potri.001G394000
Potri.004G031300,110.1708587,8,0,0,Potri.004G031300
Potri.005G005800,110.160269,8,0,0,Potri.005G005800
Potri.014G017200,110.1496897,8,0,0,Potri.014G017200
Potri.008G034800,110.0674043,8,0,0,Potri.008G034800
Potri.013G032200,110.0607445,8,0,0,Potri.013G032200
Potri.010G053100,110.0175875,8,0,0,Potri.010G053100
Potri.010G011800,109.9562869,8,0,0,Potri.010G011800
Potri.011G078200,109.9087175,8,0,0,Potri.011G078200
Potri.002G007400,109.8741378,8,0,0,Potri.002G007400
Potri.005G049500,109.83412,8,0,0,Potri.005G049500
Potri.002G101400,109.7303252,8,0,0,Potri.002G101400
Potri.006G168200,109.5893751,8,0,0,Potri.006G168200
Potri.011G022900,109.5753219,8,0,0,Potri.011G022900
Potri.010G162300,109.5423231,8,0,0,Potri.010G162300
Potri.005G173800,109.4523014,8,0,0,Potri.005G173800
Potri.016G004800,109.4100014,8,0,0,Potri.016G004800
Potri.019G055200,109.2554801,8,0,0,Potri.019G055200
Potri.010G054466,109.2483371,8,0,0,Potri.010G054466
Potri.004G108920,109.2161514,8,0,0,Potri.004G108920
Potri.011G049500,109.1750788,8,0,0,Potri.011G049500
Potri.009G106700,109.1382218,8,0,0,Potri.009G106700
Potri.013G134300,109.0943903,8,0,0,Potri.013G134300
Potri.004G197700,109.0617832,8,0,0,Potri.004G197700
Potri.007G100600,109.0367773,8,0,0,Potri.007G100600
Potri.005G204600,108.9308029,8,0,0,Potri.005G204600
Potri.001G288200,108.8359638,8,0,0,Potri.001G288200
Potri.010G082400,108.7449639,8,0,0,Potri.010G082400
Potri.015G129300,108.5636076,8,0,0,Potri.015G129300
Potri.002G014700,108.5259072,8,0,0,Potri.002G014700
Potri.006G156314,108.4267051,8,0,0,Potri.006G156314
Potri.007G020400,108.329344,8,0,0,Potri.007G020400
Potri.018G093000,108.2718577,8,0,0,Potri.018G093000
Potri.001G005400,108.2612465,8,0,0,Potri.001G005400
Potri.015G092900,108.2417097,8,0,0,Potri.015G092900
Potri.006G106900,108.2328192,8,0,0,Potri.006G106900
Potri.008G144900,108.1557069,8,0,0,Potri.008G144900
Potri.014G134400,108.1235425,8,0,0,Potri.014G134400
Potri.006G134300,108.0324229,8,0,0,Potri.006G134300
Potri.006G006000,107.908562,8,0,0,Potri.006G006000
Potri.019G122500,107.8152498,8,0,0,Potri.019G122500
Potri.017G017300,107.7724699,8,0,0,Potri.017G017300
Potri.004G201600,107.6801033,8,0,0,Potri.004G201600
Potri.002G160600,107.627504,8,0,0,Potri.002G160600
Potri.012G128600,107.5176173,8,0,0,Potri.012G128600
Potri.014G094800,107.3924139,8,0,0,Potri.014G094800
Potri.010G109600,107.3237996,8,0,0,Potri.010G109600
Potri.005G145100,107.3165577,8,0,0,Potri.005G145100
Potri.002G236300,107.2960279,8,0,0,Potri.002G236300
Potri.018G082600,107.1904933,8,0,0,Potri.018G082600
Potri.014G056800,107.0694685,8,0,0,Potri.014G056800
Potri.006G095400,107.0205927,8,0,0,Potri.006G095400
Potri.017G081600,106.9244661,8,0,0,Potri.017G081600
Potri.004G019700,106.865383,8,0,0,Potri.004G019700
Potri.002G059300,106.8546285,8,0,0,Potri.002G059300
Potri.003G204500,106.8394738,8,0,0,Potri.003G204500
Potri.012G105500,106.8255427,8,0,0,Potri.012G105500
Potri.015G073800,106.8180338,8,0,0,Potri.015G073800
Potri.003G006900,106.8024376,8,0,0,Potri.003G006900
Potri.005G077200,106.7253462,8,0,0,Potri.005G077200
Potri.011G095700,106.647452,8,0,0,Potri.011G095700
Potri.012G109200,106.5995948,8,0,0,Potri.012G109200
Potri.017G064500,106.5990233,8,0,0,Potri.017G064500
Potri.009G071400,106.580125,8,0,0,Potri.009G071400
Potri.006G137900,106.4676549,8,0,0,Potri.006G137900
Potri.012G113700,106.4551491,8,0,0,Potri.012G113700
Potri.008G135700,106.3859662,8,0,0,Potri.008G135700
Potri.014G100400,106.37117,8,0,0,Potri.014G100400
Potri.006G279000,106.357265,8,0,0,Potri.006G279000
Potri.004G029600,106.3141149,8,0,0,Potri.004G029600
Potri.001G382400,106.2982971,8,0,0,Potri.001G382400
Potri.009G146700,106.292762,8,0,0,Potri.009G146700
Potri.013G049300,106.2819774,8,0,0,Potri.013G049300
Potri.004G174400,106.2541744,8,0,0,Potri.004G174400
Potri.005G140700,106.2285909,8,0,0,Potri.005G140700
Potri.014G174700,106.1869523,8,0,0,Potri.014G174700
Potri.014G124200,106.1807883,8,0,0,Potri.014G124200
Potri.008G185300,106.1434653,8,0,0,Potri.008G185300
Potri.003G023800,106.132391,8,0,0,Potri.003G023800
Potri.015G033400,106.0626567,8,0,0,Potri.015G033400
Potri.014G029100,106.0283921,8,0,0,Potri.014G029100
Potri.018G101600,106.0211928,8,0,0,Potri.018G101600
Potri.002G034000,106.0045809,8,0,0,Potri.002G034000
Potri.006G107300,105.950195,8,0,0,Potri.006G107300
Potri.006G057200,105.9263529,8,0,0,Potri.006G057200
Potri.009G086800,105.9260083,8,0,0,Potri.009G086800
Potri.005G070100,105.8947856,8,0,0,Potri.005G070100
Potri.011G119800,105.8932654,8,0,0,Potri.011G119800
Potri.012G020500,105.8429155,8,0,0,Potri.012G020500
Potri.016G143700,105.6719541,8,0,0,Potri.016G143700
Potri.010G158500,105.6508436,8,0,0,Potri.010G158500
Potri.014G066200,105.6305793,8,0,0,Potri.014G066200
Potri.010G019150,105.528117,8,0,0,Potri.010G019150
Potri.T046100,105.489353,8,0,0,Potri.T046100
Potri.010G194100,105.4703221,8,0,0,Potri.010G194100
Potri.001G331200,105.1783109,8,0,0,Potri.001G331200
Potri.001G360500,105.1676694,8,0,0,Potri.001G360500
Potri.013G073900,105.0995497,8,0,0,Potri.013G073900
Potri.001G392801,105.0723069,8,0,0,Potri.001G392801
Potri.015G034800,105.0527719,8,0,0,Potri.015G034800
Potri.002G235400,105.0164709,8,0,0,Potri.002G235400
Potri.010G193500,104.8650088,8,0,0,Potri.010G193500
Potri.017G063900,104.8649998,8,0,0,Potri.017G063900
Potri.010G236500,104.8635554,8,0,0,Potri.010G236500
Potri.014G163400,104.8116989,8,0,0,Potri.014G163400
Potri.015G041400,104.8021926,8,0,0,Potri.015G041400
Potri.011G033000,104.7958026,8,0,0,Potri.011G033000
Potri.010G250800,104.750117,8,0,0,Potri.010G250800
Potri.005G238800,104.7068479,8,0,0,Potri.005G238800
Potri.006G218300,104.6731542,8,0,0,Potri.006G218300
Potri.001G131600,104.6648197,8,0,0,Potri.001G131600
Potri.007G142400,104.4896103,8,0,0,Potri.007G142400
Potri.008G128600,104.4387016,8,0,0,Potri.008G128600
Potri.010G029100,104.3592132,8,0,0,Potri.010G029100
Potri.004G223400,104.3478966,8,0,0,Potri.004G223400
Potri.012G066000,104.3128241,8,0,0,Potri.012G066000
Potri.004G151200,104.2346452,8,0,0,Potri.004G151200
Potri.012G114600,104.1942988,8,0,0,Potri.012G114600
Potri.005G096700,104.163931,8,0,0,Potri.005G096700
Potri.018G114500,104.1398972,8,0,0,Potri.018G114500
Potri.004G235000,104.1295159,8,0,0,Potri.004G235000
Potri.004G168500,103.9389649,8,0,0,Potri.004G168500
Potri.017G055800,103.8616759,8,0,0,Potri.017G055800
Potri.014G141400,103.8327157,8,0,0,Potri.014G141400
Potri.006G107900,103.7638316,8,0,0,Potri.006G107900
Potri.014G143400,103.7521245,8,0,0,Potri.014G143400
Potri.014G066600,103.731422,8,0,0,Potri.014G066600
Potri.015G062200,103.6659254,8,0,0,Potri.015G062200
Potri.017G141950,103.5562691,8,0,0,Potri.017G141950
Potri.003G132100,103.5361647,8,0,0,Potri.003G132100
Potri.006G066150,103.5344046,8,0,0,Potri.006G066150
Potri.006G048400,103.5334486,8,0,0,Potri.006G048400
Potri.003G115400,103.5253415,8,0,0,Potri.003G115400
Potri.014G069200,103.4812511,8,0,0,Potri.014G069200
Potri.001G260900,103.4479957,8,0,0,Potri.001G260900
Potri.016G047500,103.361459,8,0,0,Potri.016G047500
Potri.012G117600,103.3476989,8,0,0,Potri.012G117600
Potri.016G023800,103.164386,8,0,0,Potri.016G023800
Potri.003G223601,103.1396155,8,0,0,Potri.003G223601
Potri.005G003500,102.9304197,8,0,0,Potri.005G003500
Potri.002G114500,102.8269761,8,0,0,Potri.002G114500
Potri.012G007300,102.6706377,8,0,0,Potri.012G007300
Potri.017G144421,102.5996802,8,0,0,Potri.017G144421
Potri.017G055000,102.3894202,8,0,0,Potri.017G055000
Potri.016G118000,102.3693298,8,0,0,Potri.016G118000
Potri.018G092666,102.3312828,8,0,0,Potri.018G092666
Potri.012G051500,102.3145408,8,0,0,Potri.012G051500
Potri.012G031100,102.2527376,8,0,0,Potri.012G031100
Potri.007G022000,102.1995268,8,0,0,Potri.007G022000
Potri.002G028600,102.1992188,8,0,0,Potri.002G028600
Potri.001G449633,102.1518686,8,0,0,Potri.001G449633
Potri.016G051800,102.1061208,8,0,0,Potri.016G051800
Potri.001G140900,101.984236,8,0,0,Potri.001G140900
Potri.001G153000,101.9732561,8,0,0,Potri.001G153000
Potri.006G043400,101.9194502,8,0,0,Potri.006G043400
Potri.004G164400,101.7206401,8,0,0,Potri.004G164400
Potri.010G251500,101.6206507,8,0,0,Potri.010G251500
Potri.008G192100,101.6006602,8,0,0,Potri.008G192100
Potri.002G196300,101.598929,8,0,0,Potri.002G196300
Potri.006G108600,101.5934609,8,0,0,Potri.006G108600
Potri.001G238300,101.5036028,8,0,0,Potri.001G238300
Potri.001G377900,101.4731122,8,0,0,Potri.001G377900
Potri.001G024100,101.2485046,8,0,0,Potri.001G024100
Potri.013G025900,101.209373,8,0,0,Potri.013G025900
Potri.010G126800,101.1506812,8,0,0,Potri.010G126800
Potri.006G193800,101.0565457,8,0,0,Potri.006G193800
Potri.009G114300,101.0019652,8,0,0,Potri.009G114300
Potri.003G164000,100.9611833,8,0,0,Potri.003G164000
Potri.009G109400,100.8714147,8,0,0,Potri.009G109400
Potri.003G157100,100.8617602,8,0,0,Potri.003G157100
Potri.010G228500,100.6030044,8,0,0,Potri.010G228500
Potri.005G194500,100.5996055,8,0,0,Potri.005G194500
Potri.010G144900,100.5601789,8,0,0,Potri.010G144900
Potri.014G100200,100.4734897,8,0,0,Potri.014G100200
Potri.017G063800,100.4409301,8,0,0,Potri.017G063800
Potri.015G029500,100.3595714,8,0,0,Potri.015G029500
Potri.015G090100,100.2951519,8,0,0,Potri.015G090100
Potri.001G082000,100.2909315,8,0,0,Potri.001G082000
Potri.011G164900,100.2234773,8,0,0,Potri.011G164900
Potri.013G055000,100.2172887,8,0,0,Potri.013G055000
Potri.001G331700,100.1685765,8,0,0,Potri.001G331700
Potri.006G259700,100.1616321,8,0,0,Potri.006G259700
Potri.007G030900,100.0295055,8,0,0,Potri.007G030900
Potri.006G121400,100.0015981,8,0,0,Potri.006G121400
Potri.015G116700,99.94320637,8,0,0,Potri.015G116700
Potri.003G158000,99.8559402,8,0,0,Potri.003G158000
Potri.005G211200,99.79307415,8,0,0,Potri.005G211200
Potri.013G068200,99.67231686,8,0,0,Potri.013G068200
Potri.001G046600,99.56398495,8,0,0,Potri.001G046600
Potri.013G072200,99.47199636,8,0,0,Potri.013G072200
Potri.019G058700,99.45774623,8,0,0,Potri.019G058700
Potri.012G119200,99.39468652,8,0,0,Potri.012G119200
Potri.005G007300,99.31250548,8,0,0,Potri.005G007300
Potri.011G165700,99.27040699,8,0,0,Potri.011G165700
Potri.006G203000,99.12512513,8,0,0,Potri.006G203000
Potri.017G058400,99.09658223,8,0,0,Potri.017G058400
Potri.006G186600,99.06358582,8,0,0,Potri.006G186600
Potri.013G110800,99.05485423,8,0,0,Potri.013G110800
Potri.005G096800,99.04271179,8,0,0,Potri.005G096800
Potri.010G212300,98.96033639,8,0,0,Potri.010G212300
Potri.013G023400,98.88861136,8,0,0,Potri.013G023400
Potri.002G061900,98.79076913,8,0,0,Potri.002G061900
Potri.001G229100,98.77622074,8,0,0,Potri.001G229100
Potri.019G111700,98.74875739,8,0,0,Potri.019G111700
Potri.006G064800,98.64044854,8,0,0,Potri.006G064800
Potri.008G134600,98.59536721,8,0,0,Potri.008G134600
Potri.013G041400,98.55668898,8,0,0,Potri.013G041400
Potri.018G055300,98.51920856,8,0,0,Potri.018G055300
Potri.003G222600,98.45866396,8,0,0,Potri.003G222600
Potri.007G061500,98.3999145,8,0,0,Potri.007G061500
Potri.015G075400,98.39597518,8,0,0,Potri.015G075400
Potri.017G136000,98.22964954,8,0,0,Potri.017G136000
Potri.008G178600,98.20032465,8,0,0,Potri.008G178600
Potri.001G170500,98.14677776,8,0,0,Potri.001G170500
Potri.009G064500,97.98205594,8,0,0,Potri.009G064500
Potri.002G061650,97.96093937,8,0,0,Potri.002G061650
Potri.008G132900,97.76779201,8,0,0,Potri.008G132900
Potri.014G151400,97.73314622,8,0,0,Potri.014G151400
Potri.001G075300,97.72906605,8,0,0,Potri.001G075300
Potri.018G030200,97.67802687,8,0,0,Potri.018G030200
Potri.005G128900,97.62738112,8,0,0,Potri.005G128900
Potri.009G121100,97.58835294,8,0,0,Potri.009G121100
Potri.005G058501,97.55720654,8,0,0,Potri.005G058501
Potri.014G045300,97.49761495,8,0,0,Potri.014G045300
Potri.015G079000,97.49689954,8,0,0,Potri.015G079000
Potri.010G147301,97.44839282,8,0,0,Potri.010G147301
Potri.015G139500,97.42197869,8,0,0,Potri.015G139500
Potri.008G031700,97.36626516,8,0,0,Potri.008G031700
Potri.012G095200,97.29052831,8,0,0,Potri.012G095200
Potri.002G249000,97.28201236,8,0,0,Potri.002G249000
Potri.002G010100,97.27400427,8,0,0,Potri.002G010100
Potri.010G142001,97.22980516,8,0,0,Potri.010G142001
Potri.005G051600,97.08515086,8,0,0,Potri.005G051600
Potri.012G007445,97.0777428,8,0,0,Potri.012G007445
Potri.010G097900,96.91463795,8,0,0,Potri.010G097900
Potri.001G180600,96.87139227,8,0,0,Potri.001G180600
Potri.001G118500,96.70773903,8,0,0,Potri.001G118500
Potri.005G164500,96.67777994,8,0,0,Potri.005G164500
Potri.006G193700,96.67323842,8,0,0,Potri.006G193700
Potri.014G037600,96.64806502,8,0,0,Potri.014G037600
Potri.004G173900,96.64429425,8,0,0,Potri.004G173900
Potri.013G131900,96.60288003,8,0,0,Potri.013G131900
Potri.017G007200,96.58530038,8,0,0,Potri.017G007200
Potri.010G014700,96.51905466,8,0,0,Potri.010G014700
Potri.012G132500,96.51283165,8,0,0,Potri.012G132500
Potri.005G083300,96.42992392,8,0,0,Potri.005G083300
Potri.016G097100,96.42943408,8,0,0,Potri.016G097100
Potri.003G058500,96.42220115,8,0,0,Potri.003G058500
Potri.005G068700,96.35216621,8,0,0,Potri.005G068700
Potri.006G004000,96.30496537,8,0,0,Potri.006G004000
Potri.003G081600,96.25131233,8,0,0,Potri.003G081600
Potri.007G074014,96.24019493,8,0,0,Potri.007G074014
Potri.017G144121,96.19503371,8,0,0,Potri.017G144121
Potri.003G138000,96.13251923,8,0,0,Potri.003G138000
Potri.008G009400,96.10066064,8,0,0,Potri.008G009400
Potri.014G089400,96.09706152,8,0,0,Potri.014G089400
Potri.006G164632,96.09529419,8,0,0,Potri.006G164632
Potri.007G051500,96.05896709,8,0,0,Potri.007G051500
Potri.010G157800,96.02005873,8,0,0,Potri.010G157800
Potri.006G149800,96.00345939,8,0,0,Potri.006G149800
Potri.009G138200,95.93679947,8,0,0,Potri.009G138200
Potri.009G055200,95.91124343,8,0,0,Potri.009G055200
Potri.005G067300,95.90695319,8,0,0,Potri.005G067300
Potri.016G030900,95.85726696,8,0,0,Potri.016G030900
Potri.007G008600,95.85418862,8,0,0,Potri.007G008600
Potri.019G081700,95.66278928,8,0,0,Potri.019G081700
Potri.015G010600,95.65119512,8,0,0,Potri.015G010600
Potri.005G237800,95.60463837,8,0,0,Potri.005G237800
Potri.003G038900,95.58684238,8,0,0,Potri.003G038900
Potri.004G129000,95.51909191,8,0,0,Potri.004G129000
Potri.009G168500,95.47797064,8,0,0,Potri.009G168500
Potri.006G263900,95.40398033,8,0,0,Potri.006G263900
Potri.008G219900,95.38218564,8,0,0,Potri.008G219900
Potri.001G018300,95.37042768,8,0,0,Potri.001G018300
Potri.002G043200,95.36010995,8,0,0,Potri.002G043200
Potri.010G208700,95.27030938,8,0,0,Potri.010G208700
Potri.010G200500,95.23169135,8,0,0,Potri.010G200500
Potri.001G472600,95.13914793,8,0,0,Potri.001G472600
Potri.003G129800,95.07644386,8,0,0,Potri.003G129800
Potri.002G066600,95.03845927,8,0,0,Potri.002G066600
Potri.006G122800,95.0368889,8,0,0,Potri.006G122800
Potri.007G026900,95.0206775,8,0,0,Potri.007G026900
Potri.009G115300,95.00971606,8,0,0,Potri.009G115300
Potri.014G069700,94.99607016,8,0,0,Potri.014G069700
Potri.015G094600,94.92241113,8,0,0,Potri.015G094600
Potri.004G021500,94.87692854,8,0,0,Potri.004G021500
Potri.006G026200,94.85477741,8,0,0,Potri.006G026200
Potri.013G040201,94.84508436,8,0,0,Potri.013G040201
Potri.008G077400,94.82335679,8,0,0,Potri.008G077400
Potri.014G140000,94.81730349,8,0,0,Potri.014G140000
Potri.009G131900,94.78373178,8,0,0,Potri.009G131900
Potri.008G129100,94.75455352,8,0,0,Potri.008G129100
Potri.002G124800,94.71148348,8,0,0,Potri.002G124800
Potri.007G044700,94.66411007,8,0,0,Potri.007G044700
Potri.001G087900,94.60409446,8,0,0,Potri.001G087900
Potri.017G106900,94.58453791,8,0,0,Potri.017G106900
Potri.005G071400,94.573669,8,0,0,Potri.005G071400
Potri.019G077700,94.49511806,8,1.11E-16,1.47E-15,Potri.019G077700
Potri.017G140800,94.48737584,8,1.11E-16,1.47E-15,Potri.017G140800
Potri.008G083900,94.43565543,8,1.11E-16,1.47E-15,Potri.008G083900
Potri.004G050800,94.37398394,8,1.11E-16,1.47E-15,Potri.004G050800
Potri.001G463800,94.32643017,8,1.11E-16,1.47E-15,Potri.001G463800
Potri.013G158100,94.25037781,8,1.11E-16,1.47E-15,Potri.013G158100
Potri.007G077600,94.21584915,8,1.11E-16,1.47E-15,Potri.007G077600
Potri.009G148100,94.19848307,8,1.11E-16,1.47E-15,Potri.009G148100
Potri.017G000800,94.17319775,8,1.11E-16,1.47E-15,Potri.017G000800
Potri.015G104800,94.12204828,8,1.11E-16,1.47E-15,Potri.015G104800
Potri.004G231000,94.04098084,8,1.11E-16,1.47E-15,Potri.004G231000
Potri.007G044500,93.94872407,8,1.11E-16,1.47E-15,Potri.007G044500
Potri.006G185501,93.92615076,8,1.11E-16,1.47E-15,Potri.006G185501
Potri.002G138200,93.89773742,8,1.11E-16,1.47E-15,Potri.002G138200
Potri.002G060200,93.84374096,8,1.11E-16,1.47E-15,Potri.002G060200
Potri.014G144100,93.80723365,8,1.11E-16,1.47E-15,Potri.014G144100
Potri.005G094400,93.792584,8,1.11E-16,1.47E-15,Potri.005G094400
Potri.014G111700,93.67236001,8,1.11E-16,1.47E-15,Potri.014G111700
Potri.011G077001,93.63812874,8,1.11E-16,1.47E-15,Potri.011G077001
Potri.001G002600,93.54386155,8,1.11E-16,1.47E-15,Potri.001G002600
Potri.012G101500,93.52837527,8,1.11E-16,1.47E-15,Potri.012G101500
Potri.003G060000,93.48604283,8,1.11E-16,1.47E-15,Potri.003G060000
Potri.002G250100,93.41934377,8,1.11E-16,1.47E-15,Potri.002G250100
Potri.002G222300,93.30059437,8,1.11E-16,1.47E-15,Potri.002G222300
Potri.018G059200,93.10931526,8,1.11E-16,1.47E-15,Potri.018G059200
Potri.012G044900,93.09627009,8,1.11E-16,1.47E-15,Potri.012G044900
Potri.005G097300,93.03811707,8,1.11E-16,1.47E-15,Potri.005G097300
Potri.019G095932,93.03539091,8,1.11E-16,1.47E-15,Potri.019G095932
Potri.013G018800,92.97454138,8,1.11E-16,1.47E-15,Potri.013G018800
Potri.010G093600,92.95710137,8,1.11E-16,1.47E-15,Potri.010G093600
Potri.008G130000,92.9207274,8,1.11E-16,1.47E-15,Potri.008G130000
Potri.002G113132,92.91582265,8,1.11E-16,1.47E-15,Potri.002G113132
Potri.011G080700,92.88388679,8,1.11E-16,1.47E-15,Potri.011G080700
Potri.017G009700,92.85170601,8,1.11E-16,1.47E-15,Potri.017G009700
Potri.016G062600,92.80478335,8,1.11E-16,1.47E-15,Potri.016G062600
Potri.002G240000,92.69671773,8,1.11E-16,1.47E-15,Potri.002G240000
Potri.008G067100,92.65172544,8,1.11E-16,1.47E-15,Potri.008G067100
Potri.016G000300,92.57503094,8,1.11E-16,1.47E-15,Potri.016G000300
Potri.018G063901,92.52427366,8,1.11E-16,1.47E-15,Potri.018G063901
Potri.002G195700,92.46880251,8,1.11E-16,1.47E-15,Potri.002G195700
Potri.006G230400,92.42089511,8,1.11E-16,1.47E-15,Potri.006G230400
Potri.011G035600,92.33283261,8,1.11E-16,1.47E-15,Potri.011G035600
Potri.014G189600,92.21496122,8,1.11E-16,1.47E-15,Potri.014G189600
Potri.008G034700,92.21290624,8,1.11E-16,1.47E-15,Potri.008G034700
Potri.019G104700,92.16903188,8,2.22E-16,2.91E-15,Potri.019G104700
Potri.009G100200,92.16773378,8,2.22E-16,2.91E-15,Potri.009G100200
Potri.001G163100,92.13700123,8,2.22E-16,2.91E-15,Potri.001G163100
Potri.003G141050,91.95377824,8,2.22E-16,2.91E-15,Potri.003G141050
Potri.006G166600,91.92588225,8,2.22E-16,2.91E-15,Potri.006G166600
Potri.005G119900,91.9152706,8,2.22E-16,2.91E-15,Potri.005G119900
Potri.014G194300,91.87663941,8,2.22E-16,2.91E-15,Potri.014G194300
Potri.016G019000,91.83169904,8,2.22E-16,2.91E-15,Potri.016G019000
Potri.001G297000,91.81956636,8,2.22E-16,2.91E-15,Potri.001G297000
Potri.008G188600,91.720336,8,2.22E-16,2.91E-15,Potri.008G188600
Potri.006G250300,91.66519976,8,2.22E-16,2.91E-15,Potri.006G250300
Potri.002G216400,91.58378097,8,2.22E-16,2.91E-15,Potri.002G216400
Potri.009G091200,91.52058414,8,2.22E-16,2.91E-15,Potri.009G091200
Potri.011G077260,91.45855894,8,2.22E-16,2.91E-15,Potri.011G077260
Potri.001G088400,91.42711624,8,2.22E-16,2.91E-15,Potri.001G088400
Potri.008G194632,91.39096048,8,2.22E-16,2.91E-15,Potri.008G194632
Potri.017G048000,91.30193843,8,2.22E-16,2.91E-15,Potri.017G048000
Potri.014G179300,91.2615398,8,2.22E-16,2.91E-15,Potri.014G179300
Potri.017G080700,91.21871755,8,2.22E-16,2.91E-15,Potri.017G080700
Potri.014G159000,91.20303188,8,2.22E-16,2.91E-15,Potri.014G159000
Potri.015G055200,91.14184314,8,2.22E-16,2.91E-15,Potri.015G055200
Potri.018G135800,91.12060668,8,2.22E-16,2.91E-15,Potri.018G135800
Potri.001G353000,91.10640915,8,2.22E-16,2.91E-15,Potri.001G353000
Potri.003G162400,91.04421579,8,3.33E-16,4.33E-15,Potri.003G162400
Potri.006G135600,91.01596548,8,3.33E-16,4.33E-15,Potri.006G135600
Potri.008G008100,91.01327311,8,3.33E-16,4.33E-15,Potri.008G008100
Potri.001G242100,91.01234358,8,3.33E-16,4.33E-15,Potri.001G242100
Potri.006G068200,90.99798607,8,3.33E-16,4.33E-15,Potri.006G068200
Potri.009G149700,90.95884922,8,3.33E-16,4.33E-15,Potri.009G149700
Potri.013G161200,90.9284924,8,3.33E-16,4.33E-15,Potri.013G161200
Potri.013G068501,90.84019466,8,3.33E-16,4.33E-15,Potri.013G068501
Potri.012G131900,90.81150905,8,3.33E-16,4.33E-15,Potri.012G131900
Potri.005G040800,90.79929303,8,3.33E-16,4.33E-15,Potri.005G040800
Potri.002G129000,90.78112661,8,3.33E-16,4.33E-15,Potri.002G129000
Potri.002G259200,90.67062654,8,3.33E-16,4.33E-15,Potri.002G259200
Potri.017G099200,90.65104033,8,3.33E-16,4.33E-15,Potri.017G099200
Potri.016G032600,90.60210777,8,3.33E-16,4.33E-15,Potri.016G032600
Potri.005G156600,90.56640273,8,3.33E-16,4.33E-15,Potri.005G156600
Potri.012G069300,90.53537768,8,3.33E-16,4.33E-15,Potri.012G069300
Potri.008G204400,90.4755191,8,3.33E-16,4.33E-15,Potri.008G204400
Potri.001G267200,90.40925614,8,3.33E-16,4.33E-15,Potri.001G267200
Potri.010G170000,90.33818664,8,4.44E-16,5.73E-15,Potri.010G170000
Potri.003G090400,90.32862408,8,4.44E-16,5.73E-15,Potri.003G090400
Potri.016G040900,90.31104843,8,4.44E-16,5.73E-15,Potri.016G040900
Potri.007G000300,90.31078451,8,4.44E-16,5.73E-15,Potri.007G000300
Potri.015G133400,90.25616138,8,4.44E-16,5.73E-15,Potri.015G133400
Potri.007G095200,90.11027093,8,4.44E-16,5.73E-15,Potri.007G095200
Potri.011G150200,90.0981925,8,4.44E-16,5.73E-15,Potri.011G150200
Potri.001G165900,90.03513537,8,4.44E-16,5.73E-15,Potri.001G165900
Potri.001G241600,90.03436542,8,4.44E-16,5.73E-15,Potri.001G241600
Potri.010G154300,89.99201346,8,4.44E-16,5.73E-15,Potri.010G154300
Potri.001G344600,89.94311674,8,4.44E-16,5.73E-15,Potri.001G344600
Potri.001G047400,89.86337322,8,4.44E-16,5.73E-15,Potri.001G047400
Potri.008G178100,89.86265914,8,4.44E-16,5.73E-15,Potri.008G178100
Potri.007G005500,89.86203354,8,4.44E-16,5.73E-15,Potri.007G005500
Potri.010G083200,89.86087615,8,4.44E-16,5.73E-15,Potri.010G083200
Potri.017G105801,89.78905988,8,5.55E-16,7.12E-15,Potri.017G105801
Potri.009G017700,89.78771473,8,5.55E-16,7.12E-15,Potri.009G017700
Potri.003G183100,89.78360687,8,5.55E-16,7.12E-15,Potri.003G183100
Potri.001G403000,89.74884662,8,5.55E-16,7.12E-15,Potri.001G403000
Potri.002G134200,89.74684475,8,5.55E-16,7.12E-15,Potri.002G134200
Potri.003G098200,89.68728437,8,5.55E-16,7.12E-15,Potri.003G098200
Potri.016G127700,89.63360911,8,5.55E-16,7.12E-15,Potri.016G127700
Potri.008G204200,89.59782021,8,5.55E-16,7.12E-15,Potri.008G204200
Potri.012G080900,89.57974079,8,5.55E-16,7.12E-15,Potri.012G080900
Potri.001G245700,89.52259148,8,5.55E-16,7.12E-15,Potri.001G245700
Potri.008G099100,89.50384945,8,5.55E-16,7.12E-15,Potri.008G099100
Potri.017G152601,89.46596345,8,5.55E-16,7.12E-15,Potri.017G152601
Potri.003G149800,89.4516041,8,5.55E-16,7.12E-15,Potri.003G149800
Potri.001G347100,89.42210193,8,5.55E-16,7.12E-15,Potri.001G347100
Potri.017G088200,89.38669423,8,6.66E-16,8.52E-15,Potri.017G088200
Potri.004G100000,89.33840757,8,6.66E-16,8.52E-15,Potri.004G100000
Potri.010G111700,89.18959094,8,6.66E-16,8.52E-15,Potri.010G111700
Potri.007G025800,89.11326364,8,6.66E-16,8.52E-15,Potri.007G025800
Potri.012G108200,89.06223733,8,6.66E-16,8.52E-15,Potri.012G108200
Potri.006G110400,89.03599851,8,7.77E-16,9.91E-15,Potri.006G110400
Potri.015G144200,88.96487031,8,7.77E-16,9.91E-15,Potri.015G144200
Potri.010G102100,88.94281464,8,7.77E-16,9.91E-15,Potri.010G102100
Potri.007G045900,88.87985967,8,7.77E-16,9.91E-15,Potri.007G045900
Potri.003G130100,88.84363002,8,7.77E-16,9.91E-15,Potri.003G130100
Potri.013G104400,88.79205702,8,7.77E-16,9.91E-15,Potri.013G104400
Potri.008G085150,88.77601855,8,7.77E-16,9.91E-15,Potri.008G085150
Potri.015G007100,88.72921889,8,8.88E-16,1.13E-14,Potri.015G007100
Potri.011G026600,88.65838049,8,8.88E-16,1.13E-14,Potri.011G026600
Potri.005G162600,88.64571098,8,8.88E-16,1.13E-14,Potri.005G162600
Potri.001G177500,88.55622335,8,8.88E-16,1.13E-14,Potri.001G177500
Potri.001G139100,88.50827237,8,8.88E-16,1.13E-14,Potri.001G139100
Potri.007G013500,88.49117675,8,8.88E-16,1.13E-14,Potri.007G013500
Potri.007G135500,88.47595064,8,9.99E-16,1.27E-14,Potri.007G135500
Potri.008G029500,88.4555444,8,9.99E-16,1.27E-14,Potri.008G029500
Potri.012G046400,88.30965954,8,9.99E-16,1.27E-14,Potri.012G046400
Potri.002G059700,88.29483198,8,9.99E-16,1.27E-14,Potri.002G059700
Potri.016G138000,88.23499528,8,1.11E-15,1.41E-14,Potri.016G138000
Potri.001G005900,88.21285485,8,1.11E-15,1.41E-14,Potri.001G005900
Potri.001G271500,88.09330598,8,1.11E-15,1.41E-14,Potri.001G271500
Potri.008G182900,87.98996582,8,1.22E-15,1.54E-14,Potri.008G182900
Potri.011G079600,87.95010177,8,1.22E-15,1.54E-14,Potri.011G079600
Potri.002G044800,87.89010899,8,1.22E-15,1.54E-14,Potri.002G044800
Potri.009G089500,87.88108653,8,1.22E-15,1.54E-14,Potri.009G089500
Potri.006G015700,87.88040059,8,1.22E-15,1.54E-14,Potri.006G015700
Potri.005G063000,87.85894305,8,1.22E-15,1.54E-14,Potri.005G063000
Potri.014G153900,87.79127542,8,1.33E-15,1.68E-14,Potri.014G153900
Potri.009G148600,87.77842488,8,1.33E-15,1.68E-14,Potri.009G148600
Potri.018G106900,87.77470102,8,1.33E-15,1.68E-14,Potri.018G106900
Potri.018G014800,87.71447531,8,1.33E-15,1.68E-14,Potri.018G014800
Potri.011G105500,87.69006451,8,1.33E-15,1.68E-14,Potri.011G105500
Potri.013G048700,87.66082973,8,1.33E-15,1.68E-14,Potri.013G048700
Potri.006G229900,87.56367775,8,1.44E-15,1.82E-14,Potri.006G229900
Potri.011G009700,87.5390797,8,1.44E-15,1.82E-14,Potri.011G009700
Potri.015G109200,87.51351487,8,1.44E-15,1.82E-14,Potri.015G109200
Potri.008G112800,87.48782602,8,1.55E-15,1.95E-14,Potri.008G112800
Potri.017G055700,87.42787061,8,1.55E-15,1.95E-14,Potri.017G055700
Potri.012G097100,87.42466187,8,1.55E-15,1.95E-14,Potri.012G097100
Potri.018G145582,87.34185671,8,1.55E-15,1.95E-14,Potri.018G145582
Potri.019G049800,87.33317893,8,1.67E-15,2.09E-14,Potri.019G049800
Potri.019G093600,87.32978099,8,1.67E-15,2.09E-14,Potri.019G093600
Potri.008G145000,87.32523004,8,1.67E-15,2.09E-14,Potri.008G145000
Potri.005G180200,87.28340849,8,1.67E-15,2.09E-14,Potri.005G180200
Potri.001G004600,87.19697164,8,1.78E-15,2.22E-14,Potri.001G004600
Potri.012G048600,87.17639724,8,1.78E-15,2.22E-14,Potri.012G048600
Potri.005G155300,87.10950522,8,1.78E-15,2.22E-14,Potri.005G155300
Potri.014G072400,87.101849,8,1.78E-15,2.22E-14,Potri.014G072400
Potri.018G129700,87.07207549,8,1.78E-15,2.22E-14,Potri.018G129700
Potri.002G082300,87.03022692,8,1.89E-15,2.36E-14,Potri.002G082300
Potri.013G013000,86.99078168,8,1.89E-15,2.36E-14,Potri.013G013000
Potri.005G131600,86.9745913,8,1.89E-15,2.36E-14,Potri.005G131600
Potri.014G100900,86.94137955,8,1.89E-15,2.36E-14,Potri.014G100900
Potri.008G098400,86.90367043,8,2.00E-15,2.49E-14,Potri.008G098400
Potri.008G171400,86.90112228,8,2.00E-15,2.49E-14,Potri.008G171400
Potri.009G086700,86.88501297,8,2.00E-15,2.49E-14,Potri.009G086700
Potri.005G235200,86.88212926,8,2.00E-15,2.49E-14,Potri.005G235200
Potri.005G219700,86.86295966,8,2.00E-15,2.49E-14,Potri.005G219700
Potri.001G435400,86.84574743,8,2.00E-15,2.49E-14,Potri.001G435400
Potri.012G020600,86.79776861,8,2.11E-15,2.63E-14,Potri.012G020600
Potri.015G071800,86.76215202,8,2.11E-15,2.63E-14,Potri.015G071800
Potri.008G204800,86.74617396,8,2.11E-15,2.63E-14,Potri.008G204800
Potri.006G115100,86.51260654,8,2.33E-15,2.90E-14,Potri.006G115100
Potri.013G051300,86.49564927,8,2.44E-15,3.04E-14,Potri.013G051300
Potri.001G416500,86.48749587,8,2.44E-15,3.04E-14,Potri.001G416500
Potri.009G006200,86.47057587,8,2.44E-15,3.04E-14,Potri.009G006200
Potri.012G081000,86.25648934,8,2.66E-15,3.31E-14,Potri.012G081000
Potri.005G252500,86.16366789,8,2.78E-15,3.44E-14,Potri.005G252500
Potri.002G168700,86.14302217,8,2.78E-15,3.44E-14,Potri.002G168700
Potri.005G192600,86.13610227,8,2.78E-15,3.44E-14,Potri.005G192600
Potri.010G122000,86.12980135,8,2.89E-15,3.58E-14,Potri.010G122000
Potri.002G047700,86.119533,8,2.89E-15,3.58E-14,Potri.002G047700
Potri.004G149100,86.07154811,8,2.89E-15,3.58E-14,Potri.004G149100
Potri.004G185200,85.95923007,8,3.11E-15,3.85E-14,Potri.004G185200
Potri.011G126800,85.95888911,8,3.11E-15,3.85E-14,Potri.011G126800
Potri.004G063400,85.91585887,8,3.11E-15,3.85E-14,Potri.004G063400
Potri.012G061100,85.86606744,8,3.22E-15,3.98E-14,Potri.012G061100
Potri.005G108000,85.78776245,8,3.33E-15,4.12E-14,Potri.005G108000
Potri.005G050900,85.75507369,8,3.33E-15,4.12E-14,Potri.005G050900
Potri.006G051100,85.73012929,8,3.44E-15,4.25E-14,Potri.006G051100
Potri.010G206766,85.72066102,8,3.44E-15,4.25E-14,Potri.010G206766
Potri.017G142600,85.70652482,8,3.44E-15,4.25E-14,Potri.017G142600
Potri.006G175161,85.61186054,8,3.55E-15,4.38E-14,Potri.006G175161
Potri.011G041400,85.51932887,8,3.77E-15,4.65E-14,Potri.011G041400
Potri.005G026400,85.51132037,8,3.77E-15,4.65E-14,Potri.005G026400
Potri.008G062600,85.47450374,8,3.89E-15,4.79E-14,Potri.008G062600
Potri.008G178000,85.47190568,8,3.89E-15,4.79E-14,Potri.008G178000
Potri.012G129200,85.27322713,8,4.22E-15,5.19E-14,Potri.012G129200
Potri.016G077800,85.15656126,8,4.44E-15,5.47E-14,Potri.016G077800
Potri.011G008612,85.08966276,8,4.55E-15,5.60E-14,Potri.011G008612
Potri.008G028700,85.08395059,8,4.66E-15,5.73E-14,Potri.008G028700
Potri.001G329400,85.06227623,8,4.66E-15,5.73E-14,Potri.001G329400
Potri.004G092500,85.0421962,8,4.66E-15,5.73E-14,Potri.004G092500
Potri.001G139400,85.02483367,8,4.77E-15,5.86E-14,Potri.001G139400
Potri.017G082200,85.00625481,8,4.77E-15,5.86E-14,Potri.017G082200
Potri.010G151700,84.97858803,8,4.88E-15,5.99E-14,Potri.010G151700
Potri.002G130700,84.97815349,8,4.88E-15,5.99E-14,Potri.002G130700
Potri.001G304700,84.95129748,8,4.88E-15,5.99E-14,Potri.001G304700
Potri.010G174800,84.93718246,8,4.88E-15,5.99E-14,Potri.010G174800
Potri.005G007400,84.87139192,8,5.11E-15,6.26E-14,Potri.005G007400
Potri.009G123400,84.71830068,8,5.44E-15,6.66E-14,Potri.009G123400
Potri.010G096400,84.69131038,8,5.55E-15,6.79E-14,Potri.010G096400
Potri.015G113200,84.69016056,8,5.55E-15,6.79E-14,Potri.015G113200
Potri.004G039100,84.55183106,8,5.88E-15,7.19E-14,Potri.004G039100
Potri.010G071200,84.53597929,8,6.00E-15,7.33E-14,Potri.010G071200
Potri.005G131200,84.45364878,8,6.22E-15,7.60E-14,Potri.005G131200
Potri.019G095700,84.35161327,8,6.44E-15,7.86E-14,Potri.019G095700
Potri.006G235200,84.32153823,8,6.55E-15,8.00E-14,Potri.006G235200
Potri.004G167700,84.26863476,8,6.77E-15,8.26E-14,Potri.004G167700
Potri.013G129600,84.24356645,8,6.77E-15,8.26E-14,Potri.013G129600
Potri.010G092100,84.24006587,8,6.77E-15,8.26E-14,Potri.010G092100
Potri.001G108800,84.233297,8,6.88E-15,8.38E-14,Potri.001G108800
Potri.007G090500,84.23214314,8,6.88E-15,8.38E-14,Potri.007G090500
Potri.001G034400,84.15675678,8,7.11E-15,8.65E-14,Potri.001G034400
Potri.003G010000,84.03477428,8,7.55E-15,9.18E-14,Potri.003G010000
Potri.001G342600,84.03241629,8,7.55E-15,9.18E-14,Potri.001G342600
Potri.018G000500,83.99024376,8,7.66E-15,9.31E-14,Potri.018G000500
Potri.008G132500,83.98383234,8,7.66E-15,9.31E-14,Potri.008G132500
Potri.017G055501,83.98088718,8,7.66E-15,9.31E-14,Potri.017G055501
Potri.009G069400,83.95646533,8,7.77E-15,9.44E-14,Potri.009G069400
Potri.001G133500,83.93574572,8,7.88E-15,9.56E-14,Potri.001G133500
Potri.012G075300,83.93093189,8,7.88E-15,9.56E-14,Potri.012G075300
Potri.016G068800,83.92101782,8,7.88E-15,9.56E-14,Potri.016G068800
Potri.006G119400,83.87568268,8,8.10E-15,9.82E-14,Potri.006G119400
Potri.019G017082,83.84908354,8,8.22E-15,9.95E-14,Potri.019G017082
Potri.007G112800,83.83074925,8,8.22E-15,9.95E-14,Potri.007G112800
Potri.014G162600,83.83013498,8,8.22E-15,9.95E-14,Potri.014G162600
Potri.003G151500,83.75515529,8,8.55E-15,1.03E-13,Potri.003G151500
Potri.005G013000,83.60905159,8,9.10E-15,1.10E-13,Potri.005G013000
Potri.014G177700,83.59361917,8,9.21E-15,1.11E-13,Potri.014G177700
Potri.014G004500,83.57180415,8,9.33E-15,1.13E-13,Potri.014G004500
Potri.010G227800,83.46407188,8,9.77E-15,1.18E-13,Potri.010G227800
Potri.015G020500,83.45452506,8,9.88E-15,1.19E-13,Potri.015G020500
Potri.002G181400,83.35843911,8,1.03E-14,1.25E-13,Potri.002G181400
Potri.003G152600,83.29188604,8,1.07E-14,1.29E-13,Potri.003G152600
Potri.019G047300,83.26813732,8,1.08E-14,1.30E-13,Potri.019G047300
Potri.012G084700,83.26770654,8,1.08E-14,1.30E-13,Potri.012G084700
Potri.006G190300,83.24852593,8,1.08E-14,1.30E-13,Potri.006G190300
Potri.006G125900,83.24583397,8,1.09E-14,1.31E-13,Potri.006G125900
Potri.001G152600,83.23803131,8,1.09E-14,1.31E-13,Potri.001G152600
Potri.012G018600,83.19726138,8,1.11E-14,1.34E-13,Potri.012G018600
Potri.017G134800,83.17683966,8,1.12E-14,1.35E-13,Potri.017G134800
Potri.007G092700,83.13432417,8,1.14E-14,1.38E-13,Potri.007G092700
Potri.015G073200,83.11635258,8,1.15E-14,1.39E-13,Potri.015G073200
Potri.013G098550,83.10924695,8,1.15E-14,1.39E-13,Potri.013G098550
Potri.012G060800,83.08319018,8,1.17E-14,1.40E-13,Potri.012G060800
Potri.005G206300,83.00379868,8,1.21E-14,1.45E-13,Potri.005G206300
Potri.002G114200,82.92988627,8,1.25E-14,1.51E-13,Potri.002G114200
Potri.001G219500,82.91298008,8,1.27E-14,1.52E-13,Potri.001G219500
Potri.014G038200,82.80132117,8,1.33E-14,1.60E-13,Potri.014G038200
Potri.003G171500,82.79699081,8,1.33E-14,1.60E-13,Potri.003G171500
Potri.013G047600,82.73060162,8,1.38E-14,1.65E-13,Potri.013G047600
Potri.005G160200,82.53788043,8,1.51E-14,1.81E-13,Potri.005G160200
Potri.002G017600,82.39809462,8,1.61E-14,1.93E-13,Potri.002G017600
Potri.009G064800,82.33241073,8,1.65E-14,1.98E-13,Potri.009G064800
Potri.004G111600,82.30304714,8,1.68E-14,2.00E-13,Potri.004G111600
Potri.002G221400,82.27911659,8,1.70E-14,2.03E-13,Potri.002G221400
Potri.019G048100,82.2741473,8,1.70E-14,2.03E-13,Potri.019G048100
Potri.002G228800,82.19760566,8,1.77E-14,2.11E-13,Potri.002G228800
Potri.008G187600,82.17076278,8,1.79E-14,2.13E-13,Potri.008G187600
Potri.002G152200,82.01507327,8,1.92E-14,2.29E-13,Potri.002G152200
Potri.004G089800,82.00774537,8,1.93E-14,2.30E-13,Potri.004G089800
Potri.014G005400,81.96197336,8,1.97E-14,2.34E-13,Potri.014G005400
Potri.016G014600,81.95960662,8,1.97E-14,2.34E-13,Potri.016G014600
Potri.003G194600,81.92949524,8,2.00E-14,2.38E-13,Potri.003G194600
Potri.015G124800,81.8443683,8,2.08E-14,2.47E-13,Potri.015G124800
Potri.013G027600,81.75118792,8,2.16E-14,2.58E-13,Potri.013G027600
Potri.008G161600,81.71711482,8,2.21E-14,2.63E-13,Potri.008G161600
Potri.001G025601,81.6467664,8,2.28E-14,2.71E-13,Potri.001G025601
Potri.017G126500,81.64634043,8,2.28E-14,2.71E-13,Potri.017G126500
Potri.005G062900,81.62173046,8,2.31E-14,2.74E-13,Potri.005G062900
Potri.006G011701,81.60236901,8,2.32E-14,2.76E-13,Potri.006G011701
Potri.016G049100,81.589466,8,2.34E-14,2.78E-13,Potri.016G049100
Potri.003G095700,81.58819774,8,2.34E-14,2.78E-13,Potri.003G095700
Potri.016G141700,81.58735999,8,2.34E-14,2.78E-13,Potri.016G141700
Potri.010G145000,81.50237794,8,2.43E-14,2.88E-13,Potri.010G145000
Potri.006G247100,81.31291329,8,2.66E-14,3.16E-13,Potri.006G247100
Potri.002G099800,81.27364405,8,2.71E-14,3.21E-13,Potri.002G099800
Potri.010G114400,81.1879588,8,2.82E-14,3.34E-13,Potri.010G114400
Potri.009G034700,81.07458348,8,2.98E-14,3.52E-13,Potri.009G034700
Potri.011G022300,81.05546821,8,3.00E-14,3.55E-13,Potri.011G022300
Potri.012G121700,81.0385707,8,3.02E-14,3.57E-13,Potri.012G121700
Potri.001G071100,81.02747501,8,3.03E-14,3.58E-13,Potri.001G071100
Potri.019G053000,81.01857474,8,3.05E-14,3.61E-13,Potri.019G053000
Potri.001G385300,80.93105663,8,3.18E-14,3.75E-13,Potri.001G385300
Potri.006G245400,80.83570818,8,3.32E-14,3.92E-13,Potri.006G245400
Potri.015G005100,80.82088752,8,3.34E-14,3.94E-13,Potri.015G005100
Potri.001G080400,80.80408396,8,3.36E-14,3.97E-13,Potri.001G080400
Potri.015G076400,80.76647855,8,3.43E-14,4.05E-13,Potri.015G076400
Potri.001G289400,80.73950355,8,3.47E-14,4.10E-13,Potri.001G289400
Potri.010G001700,80.71313887,8,3.51E-14,4.13E-13,Potri.010G001700
Potri.001G088600,80.70536666,8,3.53E-14,4.16E-13,Potri.001G088600
Potri.002G239300,80.63664793,8,3.64E-14,4.29E-13,Potri.002G239300
Potri.001G171800,80.58155771,8,3.73E-14,4.39E-13,Potri.001G171800
Potri.009G024500,80.55388037,8,3.79E-14,4.45E-13,Potri.009G024500
Potri.014G112400,80.53241789,8,3.82E-14,4.49E-13,Potri.014G112400
Potri.017G149100,80.45936402,8,3.95E-14,4.65E-13,Potri.017G149100
Potri.016G087000,80.40606686,8,4.05E-14,4.76E-13,Potri.016G087000
Potri.010G106700,80.3917259,8,4.07E-14,4.79E-13,Potri.010G106700
Potri.007G071000,80.37742147,8,4.11E-14,4.82E-13,Potri.007G071000
Potri.012G018700,80.35383099,8,4.15E-14,4.87E-13,Potri.012G018700
Potri.011G122500,80.34083006,8,4.17E-14,4.90E-13,Potri.011G122500
Potri.008G175301,80.2379394,8,4.37E-14,5.13E-13,Potri.008G175301
Potri.014G180100,80.23433205,8,4.39E-14,5.14E-13,Potri.014G180100
Potri.012G089000,80.21478938,8,4.43E-14,5.19E-13,Potri.012G089000
Potri.015G125400,80.20368008,8,4.45E-14,5.21E-13,Potri.015G125400
Potri.014G127300,80.19919946,8,4.46E-14,5.22E-13,Potri.014G127300
Potri.004G217600,80.17931648,8,4.50E-14,5.26E-13,Potri.004G217600
Potri.018G141000,80.1780115,8,4.50E-14,5.26E-13,Potri.018G141000
Potri.018G149900,80.11773264,8,4.63E-14,5.41E-13,Potri.018G149900
Potri.013G056600,80.11452176,8,4.64E-14,5.42E-13,Potri.013G056600
Potri.015G057700,80.11371133,8,4.64E-14,5.42E-13,Potri.015G057700
Potri.009G141600,80.10307037,8,4.66E-14,5.44E-13,Potri.009G141600
Potri.010G216300,80.06872539,8,4.74E-14,5.53E-13,Potri.010G216300
Potri.003G063800,80.02701867,8,4.83E-14,5.63E-13,Potri.003G063800
Potri.013G039600,79.98720164,8,4.92E-14,5.74E-13,Potri.013G039600
Potri.008G118800,79.9491108,8,5.01E-14,5.83E-13,Potri.008G118800
Potri.017G032200,79.94645211,8,5.01E-14,5.83E-13,Potri.017G032200
Potri.011G167000,79.93511318,8,5.04E-14,5.87E-13,Potri.011G167000
Potri.015G061001,79.93193379,8,5.04E-14,5.87E-13,Potri.015G061001
Potri.008G134000,79.92461663,8,5.06E-14,5.89E-13,Potri.008G134000
Potri.004G036500,79.92339232,8,5.06E-14,5.89E-13,Potri.004G036500
Potri.007G110600,79.89878442,8,5.12E-14,5.95E-13,Potri.007G110600
Potri.005G029000,79.87762463,8,5.17E-14,6.01E-13,Potri.005G029000
Potri.012G062100,79.84378991,8,5.25E-14,6.10E-13,Potri.012G062100
Potri.003G119200,79.81898782,8,5.32E-14,6.18E-13,Potri.003G119200
Potri.006G269900,79.80745987,8,5.34E-14,6.20E-13,Potri.006G269900
Potri.003G023900,79.74253643,8,5.51E-14,6.39E-13,Potri.003G023900
Potri.010G141700,79.71135778,8,5.58E-14,6.48E-13,Potri.010G141700
Potri.001G366800,79.70637607,8,5.61E-14,6.50E-13,Potri.001G366800
Potri.014G097800,79.64975901,8,5.75E-14,6.66E-13,Potri.014G097800
Potri.003G125700,79.64876501,8,5.75E-14,6.66E-13,Potri.003G125700
Potri.001G129600,79.62095882,8,5.83E-14,6.75E-13,Potri.001G129600
Potri.017G078100,79.56699128,8,5.97E-14,6.91E-13,Potri.017G078100
Potri.005G190800,79.54455684,8,6.04E-14,6.99E-13,Potri.005G190800
Potri.004G033600,79.47478824,8,6.24E-14,7.22E-13,Potri.004G033600
Potri.002G008050,79.44670902,8,6.32E-14,7.30E-13,Potri.002G008050
Potri.010G185000,79.43910508,8,6.34E-14,7.33E-13,Potri.010G185000
Potri.010G193300,79.40708942,8,6.44E-14,7.44E-13,Potri.010G193300
Potri.004G057000,79.38658297,8,6.49E-14,7.50E-13,Potri.004G057000
Potri.008G137300,79.37455234,8,6.53E-14,7.54E-13,Potri.008G137300
Potri.011G166250,79.36347857,8,6.56E-14,7.57E-13,Potri.011G166250
Potri.002G002100,79.32214967,8,6.69E-14,7.72E-13,Potri.002G002100
Potri.017G148000,79.30223823,8,6.75E-14,7.78E-13,Potri.017G148000
Potri.001G116800,79.29852261,8,6.76E-14,7.79E-13,Potri.001G116800
Potri.010G254200,79.22206644,8,7.01E-14,8.07E-13,Potri.010G254200
Potri.008G064800,79.06654488,8,7.54E-14,8.68E-13,Potri.008G064800
Potri.013G133800,79.02426459,8,7.68E-14,8.84E-13,Potri.013G133800
Potri.001G339500,78.99325614,8,7.79E-14,8.97E-13,Potri.001G339500
Potri.012G081600,78.97206392,8,7.87E-14,9.05E-13,Potri.012G081600
Potri.014G088600,78.95556731,8,7.93E-14,9.11E-13,Potri.014G088600
Potri.009G028100,78.94467282,8,7.97E-14,9.16E-13,Potri.009G028100
Potri.006G116500,78.94051539,8,7.98E-14,9.17E-13,Potri.006G116500
Potri.007G018700,78.93595344,8,8.00E-14,9.19E-13,Potri.007G018700
Potri.004G052300,78.93028387,8,8.03E-14,9.21E-13,Potri.004G052300
Potri.015G045101,78.91906431,8,8.07E-14,9.26E-13,Potri.015G045101
Potri.011G155800,78.89511815,8,8.16E-14,9.36E-13,Potri.011G155800
Potri.016G067200,78.86060641,8,8.28E-14,9.49E-13,Potri.016G067200
Potri.003G125000,78.82130526,8,8.44E-14,9.67E-13,Potri.003G125000
Potri.002G224300,78.79213316,8,8.55E-14,9.79E-13,Potri.002G224300
Potri.018G132100,78.78334587,8,8.59E-14,9.84E-13,Potri.018G132100
Potri.018G079500,78.77789344,8,8.62E-14,9.86E-13,Potri.018G079500
Potri.003G189700,78.72835796,8,8.82E-14,1.01E-12,Potri.003G189700
Potri.007G119100,78.56145153,8,9.51E-14,1.09E-12,Potri.007G119100
Potri.016G001700,78.55411582,8,9.55E-14,1.09E-12,Potri.016G001700
Potri.001G295600,78.4987034,8,9.80E-14,1.12E-12,Potri.001G295600
Potri.007G017000,78.49444878,8,9.81E-14,1.12E-12,Potri.007G017000
Potri.011G064500,78.48958228,8,9.84E-14,1.12E-12,Potri.011G064500
Potri.006G056600,78.46533972,8,9.95E-14,1.14E-12,Potri.006G056600
Potri.007G127800,78.45640197,8,9.99E-14,1.14E-12,Potri.007G127800
Potri.005G238300,78.39475297,8,1.03E-13,1.17E-12,Potri.005G238300
Potri.012G010101,78.34488108,8,1.05E-13,1.20E-12,Potri.012G010101
Potri.001G424950,78.33160862,8,1.06E-13,1.21E-12,Potri.001G424950
Potri.019G092800,78.31281351,8,1.07E-13,1.22E-12,Potri.019G092800
Potri.004G061600,78.30376233,8,1.07E-13,1.22E-12,Potri.004G061600
Potri.015G053100,78.29106956,8,1.08E-13,1.23E-12,Potri.015G053100
Potri.011G081600,78.28769041,8,1.08E-13,1.23E-12,Potri.011G081600
Potri.002G243600,78.27281983,8,1.09E-13,1.24E-12,Potri.002G243600
Potri.017G145500,78.26284104,8,1.09E-13,1.24E-12,Potri.017G145500
Potri.013G036500,78.25689726,8,1.10E-13,1.25E-12,Potri.013G036500
Potri.008G078900,78.19274759,8,1.13E-13,1.28E-12,Potri.008G078900
Potri.003G140000,78.1499483,8,1.15E-13,1.31E-12,Potri.003G140000
Potri.018G029400,78.07405536,8,1.19E-13,1.35E-12,Potri.018G029400
Potri.014G153000,78.05626777,8,1.20E-13,1.36E-12,Potri.014G153000
Potri.014G115100,78.01042425,8,1.23E-13,1.39E-12,Potri.014G115100
Potri.004G105500,78.00907209,8,1.23E-13,1.39E-12,Potri.004G105500
Potri.005G236300,77.99813082,8,1.24E-13,1.40E-12,Potri.005G236300
Potri.018G013600,77.98247449,8,1.24E-13,1.41E-12,Potri.018G013600
Potri.007G110700,77.97842329,8,1.25E-13,1.41E-12,Potri.007G110700
Potri.014G060700,77.9241455,8,1.28E-13,1.45E-12,Potri.014G060700
Potri.014G106200,77.81851279,8,1.34E-13,1.52E-12,Potri.014G106200
Potri.005G033700,77.76228216,8,1.38E-13,1.56E-12,Potri.005G033700
Potri.016G051100,77.7426143,8,1.39E-13,1.57E-12,Potri.016G051100
Potri.001G137200,77.72509029,8,1.40E-13,1.58E-12,Potri.001G137200
Potri.002G173300,77.56452693,8,1.51E-13,1.71E-12,Potri.002G173300
Potri.010G226500,77.55673542,8,1.52E-13,1.71E-12,Potri.010G226500
Potri.005G020300,77.49584349,8,1.56E-13,1.76E-12,Potri.005G020300
Potri.014G122400,77.49358456,8,1.56E-13,1.76E-12,Potri.014G122400
Potri.003G053800,77.49339219,8,1.56E-13,1.76E-12,Potri.003G053800
Potri.016G075700,77.46197918,8,1.58E-13,1.78E-12,Potri.016G075700
Potri.009G015400,77.43327113,8,1.60E-13,1.81E-12,Potri.009G015400
Potri.004G170300,77.39438229,8,1.63E-13,1.84E-12,Potri.004G170300
Potri.010G234000,77.38043773,8,1.64E-13,1.85E-12,Potri.010G234000
Potri.011G003000,77.3697483,8,1.65E-13,1.86E-12,Potri.011G003000
Potri.007G023400,77.35104185,8,1.67E-13,1.87E-12,Potri.007G023400
Potri.004G013200,77.34721852,8,1.67E-13,1.88E-12,Potri.004G013200
Potri.011G162000,77.32841809,8,1.68E-13,1.89E-12,Potri.011G162000
Potri.007G044100,77.31563882,8,1.69E-13,1.90E-12,Potri.007G044100
Potri.001G121900,77.25554166,8,1.74E-13,1.96E-12,Potri.001G121900
Potri.006G199000,77.24704445,8,1.75E-13,1.96E-12,Potri.006G199000
Potri.015G071100,77.24168402,8,1.75E-13,1.97E-12,Potri.015G071100
Potri.009G036450,77.23537412,8,1.76E-13,1.97E-12,Potri.009G036450
Potri.017G118100,77.20337728,8,1.78E-13,2.00E-12,Potri.017G118100
Potri.008G097000,77.20177885,8,1.79E-13,2.00E-12,Potri.008G097000
Potri.014G172800,77.19029252,8,1.79E-13,2.01E-12,Potri.014G172800
Potri.002G104100,77.17697014,8,1.81E-13,2.02E-12,Potri.002G104100
Potri.014G176000,77.15084452,8,1.83E-13,2.05E-12,Potri.014G176000
Potri.010G104200,77.14070042,8,1.84E-13,2.06E-12,Potri.010G104200
Potri.004G227200,77.05270434,8,1.91E-13,2.14E-12,Potri.004G227200
Potri.005G133800,77.03018151,8,1.93E-13,2.16E-12,Potri.005G133800
Potri.008G202300,77.00662069,8,1.95E-13,2.18E-12,Potri.008G202300
Potri.009G164900,76.94181337,8,2.01E-13,2.25E-12,Potri.009G164900
Potri.004G196200,76.92438446,8,2.03E-13,2.27E-12,Potri.004G196200
Potri.009G115600,76.86779716,8,2.08E-13,2.33E-12,Potri.009G115600
Potri.005G249600,76.84620051,8,2.10E-13,2.35E-12,Potri.005G249600
Potri.010G232500,76.82392426,8,2.13E-13,2.37E-12,Potri.010G232500
Potri.011G032600,76.81680304,8,2.13E-13,2.38E-12,Potri.011G032600
Potri.007G007600,76.81518855,8,2.13E-13,2.38E-12,Potri.007G007600
Potri.012G084400,76.80300515,8,2.15E-13,2.39E-12,Potri.012G084400
Potri.009G064100,76.77730893,8,2.17E-13,2.42E-12,Potri.009G064100
Potri.004G188300,76.77032121,8,2.18E-13,2.43E-12,Potri.004G188300
Potri.013G013100,76.64058212,8,2.31E-13,2.58E-12,Potri.013G013100
Potri.010G118300,76.57985418,8,2.38E-13,2.65E-12,Potri.010G118300
Potri.010G215100,76.57302229,8,2.39E-13,2.65E-12,Potri.010G215100
Potri.011G161400,76.54852732,8,2.41E-13,2.68E-12,Potri.011G161400
Potri.005G157800,76.54497325,8,2.42E-13,2.69E-12,Potri.005G157800
Potri.003G056900,76.53472681,8,2.43E-13,2.70E-12,Potri.003G056900
Potri.004G105200,76.50144866,8,2.47E-13,2.74E-12,Potri.004G105200
Potri.003G078100,76.48610906,8,2.48E-13,2.76E-12,Potri.003G078100
Potri.001G341900,76.45384231,8,2.52E-13,2.80E-12,Potri.001G341900
Potri.014G021100,76.41376735,8,2.57E-13,2.85E-12,Potri.014G021100
Potri.010G080600,76.39371846,8,2.59E-13,2.87E-12,Potri.010G080600
Potri.002G216200,76.38833358,8,2.60E-13,2.88E-12,Potri.002G216200
Potri.006G075900,76.33641503,8,2.66E-13,2.95E-12,Potri.006G075900
Potri.005G197800,76.3316771,8,2.67E-13,2.95E-12,Potri.005G197800
Potri.010G133001,76.30685226,8,2.70E-13,2.99E-12,Potri.010G133001
Potri.011G127000,76.29298746,8,2.72E-13,3.01E-12,Potri.011G127000
Potri.T045700,76.25273593,8,2.77E-13,3.06E-12,Potri.T045700
Potri.010G092200,76.23902362,8,2.78E-13,3.08E-12,Potri.010G092200
Potri.003G093100,76.2062645,8,2.83E-13,3.13E-12,Potri.003G093100
Potri.014G081100,76.18596616,8,2.85E-13,3.15E-12,Potri.014G081100
Potri.015G099400,76.16375484,8,2.88E-13,3.18E-12,Potri.015G099400
Potri.014G196700,76.12268073,8,2.94E-13,3.24E-12,Potri.014G196700
Potri.005G021700,76.10352167,8,2.96E-13,3.27E-12,Potri.005G021700
Potri.009G018500,76.07527075,8,3.00E-13,3.31E-12,Potri.009G018500
Potri.015G022100,76.04665361,8,3.04E-13,3.36E-12,Potri.015G022100
Potri.004G063300,75.99242555,8,3.12E-13,3.44E-12,Potri.004G063300
Potri.015G091100,75.9586632,8,3.17E-13,3.49E-12,Potri.015G091100
Potri.017G088600,75.93763184,8,3.20E-13,3.52E-12,Potri.017G088600
Potri.005G181300,75.93748754,8,3.20E-13,3.52E-12,Potri.005G181300
Potri.009G012200,75.93664301,8,3.20E-13,3.52E-12,Potri.009G012200
Potri.017G096600,75.93380882,8,3.21E-13,3.53E-12,Potri.017G096600
Potri.018G021800,75.89728113,8,3.26E-13,3.59E-12,Potri.018G021800
Potri.006G241300,75.84830579,8,3.34E-13,3.67E-12,Potri.006G241300
Potri.012G116000,75.84615212,8,3.34E-13,3.67E-12,Potri.012G116000
Potri.017G054000,75.83669701,8,3.35E-13,3.68E-12,Potri.017G054000
Potri.006G065300,75.82282843,8,3.38E-13,3.71E-12,Potri.006G065300
Potri.015G140200,75.78963531,8,3.43E-13,3.76E-12,Potri.015G140200
Potri.015G141100,75.76050222,8,3.47E-13,3.81E-12,Potri.015G141100
Potri.005G178900,75.71997096,8,3.54E-13,3.88E-12,Potri.005G178900
Potri.011G131400,75.68710496,8,3.59E-13,3.94E-12,Potri.011G131400
Potri.011G071000,75.58524734,8,3.77E-13,4.13E-12,Potri.011G071000
Potri.001G206600,75.51515848,8,3.89E-13,4.26E-12,Potri.001G206600
Potri.002G055800,75.50192895,8,3.91E-13,4.29E-12,Potri.002G055800
Potri.003G180400,75.45527522,8,4.00E-13,4.38E-12,Potri.003G180400
Potri.008G215100,75.43537868,8,4.04E-13,4.42E-12,Potri.008G215100
Potri.010G227100,75.35956303,8,4.18E-13,4.57E-12,Potri.010G227100
Potri.002G046000,75.35390042,8,4.19E-13,4.58E-12,Potri.002G046000
Potri.013G042300,75.34054859,8,4.22E-13,4.61E-12,Potri.013G042300
Potri.017G074800,75.33516621,8,4.23E-13,4.62E-12,Potri.017G074800
Potri.009G061000,75.32437092,8,4.25E-13,4.64E-12,Potri.009G061000
Potri.003G100300,75.23652916,8,4.42E-13,4.83E-12,Potri.003G100300
Potri.014G130800,75.16832105,8,4.56E-13,4.98E-12,Potri.014G130800
Potri.006G165700,75.16829114,8,4.56E-13,4.98E-12,Potri.006G165700
Potri.002G083200,75.10782576,8,4.69E-13,5.12E-12,Potri.002G083200
Potri.001G006700,75.03148908,8,4.86E-13,5.30E-12,Potri.001G006700
Potri.017G077200,75.00659648,8,4.92E-13,5.36E-12,Potri.017G077200
Potri.003G114800,74.98312686,8,4.97E-13,5.41E-12,Potri.003G114800
Potri.005G047301,74.97087673,8,5.00E-13,5.44E-12,Potri.005G047301
Potri.010G049400,74.89721465,8,5.17E-13,5.63E-12,Potri.010G049400
Potri.T125108,74.88487805,8,5.20E-13,5.66E-12,Potri.T125108
Potri.019G083200,74.78578515,8,5.44E-13,5.92E-12,Potri.019G083200
Potri.013G153100,74.75511242,8,5.52E-13,6.00E-12,Potri.013G153100
Potri.005G069400,74.73023782,8,5.59E-13,6.07E-12,Potri.005G069400
Potri.019G104000,74.67360637,8,5.73E-13,6.23E-12,Potri.019G104000
Potri.019G103800,74.64493168,8,5.81E-13,6.31E-12,Potri.019G103800
Potri.017G091100,74.64280205,8,5.82E-13,6.31E-12,Potri.017G091100
Potri.015G042500,74.60367663,8,5.92E-13,6.42E-12,Potri.015G042500
Potri.007G085900,74.57039929,8,6.01E-13,6.52E-12,Potri.007G085900
Potri.004G197400,74.55912332,8,6.04E-13,6.55E-12,Potri.004G197400
Potri.006G134500,74.38260721,8,6.56E-13,7.11E-12,Potri.006G134500
Potri.001G278800,74.26163997,8,6.93E-13,7.51E-12,Potri.001G278800
Potri.017G079200,74.21009947,8,7.10E-13,7.69E-12,Potri.017G079200
Potri.005G026900,74.20250113,8,7.12E-13,7.71E-12,Potri.005G026900
Potri.005G115300,74.18383072,8,7.19E-13,7.77E-12,Potri.005G115300
Potri.015G147700,74.15805059,8,7.27E-13,7.86E-12,Potri.015G147700
Potri.013G020800,74.14818115,8,7.30E-13,7.90E-12,Potri.013G020800
Potri.008G223000,74.14195128,8,7.33E-13,7.92E-12,Potri.008G223000
Potri.005G096400,74.13850436,8,7.34E-13,7.93E-12,Potri.005G096400
Potri.005G216300,74.11117007,8,7.43E-13,8.02E-12,Potri.005G216300
Potri.011G163700,74.09387291,8,7.49E-13,8.08E-12,Potri.011G163700
Potri.010G197700,74.09007928,8,7.50E-13,8.10E-12,Potri.010G197700
Potri.003G201700,74.08763208,8,7.51E-13,8.10E-12,Potri.003G201700
Potri.001G467000,74.0875008,8,7.51E-13,8.10E-12,Potri.001G467000
Potri.004G052400,74.07762376,8,7.55E-13,8.13E-12,Potri.004G052400
Potri.019G117100,74.06930868,8,7.58E-13,8.16E-12,Potri.019G117100
Potri.004G121400,73.95022918,8,8.00E-13,8.62E-12,Potri.004G121400
Potri.006G273100,73.94459314,8,8.02E-13,8.64E-12,Potri.006G273100
Potri.002G198500,73.91294105,8,8.14E-13,8.76E-12,Potri.002G198500
Potri.002G146500,73.84304393,8,8.41E-13,9.04E-12,Potri.002G146500
Potri.006G131500,73.78998876,8,8.61E-13,9.26E-12,Potri.006G131500
Potri.019G079551,73.76792361,8,8.70E-13,9.35E-12,Potri.019G079551
Potri.018G140900,73.72751092,8,8.87E-13,9.53E-12,Potri.018G140900
Potri.005G145300,73.72645608,8,8.87E-13,9.53E-12,Potri.005G145300
Potri.006G040600,73.6621523,8,9.14E-13,9.81E-12,Potri.006G040600
Potri.017G043200,73.64920525,8,9.19E-13,9.87E-12,Potri.017G043200
Potri.007G013600,73.64278828,8,9.22E-13,9.89E-12,Potri.007G013600
Potri.004G096000,73.63469668,8,9.25E-13,9.92E-12,Potri.004G096000
Potri.010G242900,73.58894715,8,9.45E-13,1.01E-11,Potri.010G242900
Potri.010G219600,73.43476315,8,1.01E-12,1.09E-11,Potri.010G219600
Potri.005G076900,73.41876077,8,1.02E-12,1.09E-11,Potri.005G076900
Potri.010G177200,73.40104571,8,1.03E-12,1.10E-11,Potri.010G177200
Potri.018G115400,73.35548492,8,1.05E-12,1.13E-11,Potri.018G115400
Potri.011G008228,73.33150413,8,1.06E-12,1.14E-11,Potri.011G008228
Potri.010G086000,73.26095096,8,1.10E-12,1.18E-11,Potri.010G086000
Potri.001G266500,73.25645177,8,1.10E-12,1.18E-11,Potri.001G266500
Potri.005G236000,73.23348503,8,1.11E-12,1.19E-11,Potri.005G236000
Potri.014G067700,73.23162188,8,1.11E-12,1.19E-11,Potri.014G067700
Potri.012G017300,73.19911509,8,1.13E-12,1.21E-11,Potri.012G017300
Potri.005G191900,73.18521531,8,1.14E-12,1.21E-11,Potri.005G191900
Potri.001G173900,73.18487686,8,1.14E-12,1.21E-11,Potri.001G173900
Potri.008G174800,73.15893002,8,1.15E-12,1.23E-11,Potri.008G174800
Potri.002G090700,73.15383505,8,1.15E-12,1.23E-11,Potri.002G090700
Potri.010G074900,73.15135383,8,1.16E-12,1.23E-11,Potri.010G074900
Potri.014G047500,73.12943153,8,1.17E-12,1.24E-11,Potri.014G047500
Potri.012G086500,73.11027134,8,1.18E-12,1.25E-11,Potri.012G086500
Potri.010G070200,72.96940582,8,1.26E-12,1.34E-11,Potri.010G070200
Potri.018G063700,72.87197548,8,1.31E-12,1.40E-11,Potri.018G063700
Potri.005G164600,72.85518631,8,1.32E-12,1.41E-11,Potri.005G164600
Potri.007G013101,72.6452004,8,1.46E-12,1.55E-11,Potri.007G013101
Potri.005G086800,72.53211567,8,1.54E-12,1.63E-11,Potri.005G086800
Potri.018G120500,72.46250916,8,1.59E-12,1.69E-11,Potri.018G120500
Potri.009G013400,72.45057386,8,1.60E-12,1.69E-11,Potri.009G013400
Potri.013G072600,72.40667839,8,1.63E-12,1.73E-11,Potri.013G072600
Potri.008G145600,72.40503632,8,1.63E-12,1.73E-11,Potri.008G145600
Potri.001G148900,72.37104962,8,1.65E-12,1.76E-11,Potri.001G148900
Potri.003G025200,72.26559242,8,1.74E-12,1.84E-11,Potri.003G025200
Potri.007G063200,72.2541667,8,1.75E-12,1.85E-11,Potri.007G063200
Potri.006G147400,72.21176534,8,1.78E-12,1.89E-11,Potri.006G147400
Potri.016G079900,72.17561418,8,1.81E-12,1.92E-11,Potri.016G079900
Potri.013G048900,72.10766731,8,1.87E-12,1.98E-11,Potri.013G048900
Potri.003G082700,72.09231438,8,1.88E-12,1.99E-11,Potri.003G082700
Potri.001G463700,72.07524005,8,1.90E-12,2.01E-11,Potri.001G463700
Potri.018G145700,72.05289242,8,1.92E-12,2.03E-11,Potri.018G145700
Potri.T170700,71.99254124,8,1.97E-12,2.08E-11,Potri.T170700
Potri.002G119600,71.96435648,8,1.99E-12,2.11E-11,Potri.002G119600
Potri.010G112800,71.93732867,8,2.02E-12,2.13E-11,Potri.010G112800
Potri.014G043900,71.8710446,8,2.08E-12,2.20E-11,Potri.014G043900
Potri.003G056200,71.82081497,8,2.13E-12,2.25E-11,Potri.003G056200
Potri.016G134000,71.7976907,8,2.15E-12,2.27E-11,Potri.016G134000
Potri.008G159500,71.77945192,8,2.17E-12,2.29E-11,Potri.008G159500
Potri.008G029100,71.76980354,8,2.18E-12,2.30E-11,Potri.008G029100
Potri.005G197500,71.7379287,8,2.21E-12,2.33E-11,Potri.005G197500
Potri.004G174800,71.69773084,8,2.25E-12,2.38E-11,Potri.004G174800
Potri.001G082900,71.69464619,8,2.26E-12,2.38E-11,Potri.001G082900
Potri.001G245200,71.68199772,8,2.27E-12,2.39E-11,Potri.001G245200
Potri.002G237500,71.66295417,8,2.29E-12,2.41E-11,Potri.002G237500
Potri.014G070100,71.61997312,8,2.34E-12,2.46E-11,Potri.014G070100
Potri.017G072800,71.59531331,8,2.36E-12,2.49E-11,Potri.017G072800
Potri.003G126900,71.57845003,8,2.38E-12,2.51E-11,Potri.003G126900
Potri.012G024500,71.51684497,8,2.45E-12,2.58E-11,Potri.012G024500
Potri.008G187000,71.50385873,8,2.46E-12,2.59E-11,Potri.008G187000
Potri.011G133100,71.46085356,8,2.51E-12,2.64E-11,Potri.011G133100
Potri.009G047700,71.45098196,8,2.53E-12,2.65E-11,Potri.009G047700
Potri.008G035300,71.38106328,8,2.61E-12,2.74E-11,Potri.008G035300
Potri.008G200100,71.36370864,8,2.63E-12,2.76E-11,Potri.008G200100
Potri.002G119100,71.31549637,8,2.69E-12,2.82E-11,Potri.002G119100
Potri.008G019800,71.31492184,8,2.69E-12,2.82E-11,Potri.008G019800
Potri.001G456800,71.30617875,8,2.70E-12,2.83E-11,Potri.001G456800
Potri.012G014300,71.29652912,8,2.71E-12,2.84E-11,Potri.012G014300
Potri.008G130500,71.29290115,8,2.72E-12,2.84E-11,Potri.008G130500
Potri.001G406900,71.26733892,8,2.75E-12,2.88E-11,Potri.001G406900
Potri.002G077700,71.26475377,8,2.75E-12,2.88E-11,Potri.002G077700
Potri.006G277100,71.2211797,8,2.81E-12,2.94E-11,Potri.006G277100
Potri.013G043700,71.11274701,8,2.95E-12,3.09E-11,Potri.013G043700
Potri.016G083500,71.10539895,8,2.96E-12,3.09E-11,Potri.016G083500
Potri.001G135100,71.08073101,8,2.99E-12,3.13E-11,Potri.001G135100
Potri.004G088800,71.02924286,8,3.07E-12,3.20E-11,Potri.004G088800
Potri.016G061100,71.00094968,8,3.11E-12,3.24E-11,Potri.016G061100
Potri.006G093600,70.97047704,8,3.15E-12,3.29E-11,Potri.006G093600
Potri.002G166100,70.93849192,8,3.20E-12,3.33E-11,Potri.002G166100
Potri.001G334900,70.78415824,8,3.43E-12,3.58E-11,Potri.001G334900
Potri.002G087600,70.76530166,8,3.46E-12,3.61E-11,Potri.002G087600
Potri.003G164100,70.73193755,8,3.51E-12,3.66E-11,Potri.003G164100
Potri.011G068600,70.7255946,8,3.52E-12,3.67E-11,Potri.011G068600
Potri.009G086100,70.69630022,8,3.57E-12,3.72E-11,Potri.009G086100
Potri.002G168500,70.67596899,8,3.60E-12,3.75E-11,Potri.002G168500
Potri.002G203600,70.66506458,8,3.62E-12,3.77E-11,Potri.002G203600
Potri.009G093100,70.66326939,8,3.63E-12,3.77E-11,Potri.009G093100
Potri.004G203700,70.59541107,8,3.74E-12,3.89E-11,Potri.004G203700
Potri.005G103300,70.55522813,8,3.81E-12,3.96E-11,Potri.005G103300
Potri.001G387700,70.50522741,8,3.90E-12,4.05E-11,Potri.001G387700
Potri.007G056100,70.49252511,8,3.92E-12,4.07E-11,Potri.007G056100
Potri.002G190000,70.47985062,8,3.94E-12,4.10E-11,Potri.002G190000
Potri.001G116500,70.43463142,8,4.03E-12,4.18E-11,Potri.001G116500
Potri.001G433466,70.42515467,8,4.04E-12,4.20E-11,Potri.001G433466
Potri.003G168500,70.42098731,8,4.05E-12,4.20E-11,Potri.003G168500
Potri.002G128201,70.33427028,8,4.22E-12,4.37E-11,Potri.002G128201
Potri.014G113900,70.32193174,8,4.24E-12,4.40E-11,Potri.014G113900
Potri.002G068400,70.29869106,8,4.29E-12,4.44E-11,Potri.002G068400
Potri.004G229200,70.08616548,8,4.72E-12,4.89E-11,Potri.004G229200
Potri.006G221700,70.06509003,8,4.77E-12,4.94E-11,Potri.006G221700
Potri.002G092100,70.03241916,8,4.84E-12,5.01E-11,Potri.002G092100
Potri.014G159400,70.01945545,8,4.87E-12,5.04E-11,Potri.014G159400
Potri.001G051700,69.99792806,8,4.92E-12,5.09E-11,Potri.001G051700
Potri.017G117285,69.99084921,8,4.94E-12,5.10E-11,Potri.017G117285
Potri.008G211400,69.986092,8,4.95E-12,5.11E-11,Potri.008G211400
Potri.010G134700,69.96758859,8,4.99E-12,5.15E-11,Potri.010G134700
Potri.016G059000,69.96653933,8,4.99E-12,5.15E-11,Potri.016G059000
Potri.007G078400,69.93065396,8,5.07E-12,5.24E-11,Potri.007G078400
Potri.015G122200,69.91466808,8,5.11E-12,5.27E-11,Potri.015G122200
Potri.008G102300,69.9127156,8,5.12E-12,5.28E-11,Potri.008G102300
Potri.006G004600,69.89604419,8,5.15E-12,5.32E-11,Potri.006G004600
Potri.004G236600,69.89562442,8,5.16E-12,5.32E-11,Potri.004G236600
Potri.001G222300,69.77453252,8,5.45E-12,5.62E-11,Potri.001G222300
Potri.010G206832,69.76432344,8,5.47E-12,5.64E-11,Potri.010G206832
Potri.009G136600,69.76021427,8,5.49E-12,5.65E-11,Potri.009G136600
Potri.015G066600,69.6561113,8,5.75E-12,5.92E-11,Potri.015G066600
Potri.008G200900,69.60472918,8,5.89E-12,6.06E-11,Potri.008G200900
Potri.010G002900,69.59813746,8,5.91E-12,6.08E-11,Potri.010G002900
Potri.018G067200,69.56625434,8,6.00E-12,6.17E-11,Potri.018G067200
Potri.002G182600,69.55261127,8,6.03E-12,6.20E-11,Potri.002G182600
Potri.001G387300,69.55098979,8,6.04E-12,6.20E-11,Potri.001G387300
Potri.002G067400,69.5449632,8,6.05E-12,6.22E-11,Potri.002G067400
Potri.017G132800,69.46190178,8,6.29E-12,6.46E-11,Potri.017G132800
Potri.008G167700,69.43690216,8,6.36E-12,6.53E-11,Potri.008G167700
Potri.001G286000,69.43370674,8,6.37E-12,6.54E-11,Potri.001G286000
Potri.019G014370,69.4324675,8,6.37E-12,6.54E-11,Potri.019G014370
Potri.019G058600,69.37607728,8,6.54E-12,6.71E-11,Potri.019G058600
Potri.012G132400,69.33836233,8,6.65E-12,6.82E-11,Potri.012G132400
Potri.014G146100,69.31611402,8,6.72E-12,6.89E-11,Potri.014G146100
Potri.001G142500,69.19889965,8,7.09E-12,7.27E-11,Potri.001G142500
Potri.007G051600,69.14632251,8,7.27E-12,7.44E-11,Potri.007G051600
Potri.014G018700,69.14474125,8,7.27E-12,7.44E-11,Potri.014G018700
Potri.010G217700,69.11539854,8,7.37E-12,7.54E-11,Potri.010G217700
Potri.004G059000,69.10596356,8,7.40E-12,7.57E-11,Potri.004G059000
Potri.012G086600,69.03291948,8,7.65E-12,7.83E-11,Potri.012G086600
Potri.009G150500,68.96980673,8,7.88E-12,8.05E-11,Potri.009G150500
Potri.006G077000,68.90903467,8,8.10E-12,8.28E-11,Potri.006G077000
Potri.004G157000,68.89470047,8,8.15E-12,8.33E-11,Potri.004G157000
Potri.011G138500,68.8263511,8,8.41E-12,8.59E-11,Potri.011G138500
Potri.011G119400,68.82585895,8,8.41E-12,8.59E-11,Potri.011G119400
Potri.012G134900,68.82170069,8,8.43E-12,8.60E-11,Potri.012G134900
Potri.016G054900,68.81030031,8,8.47E-12,8.64E-11,Potri.016G054900
Potri.016G043700,68.8089093,8,8.48E-12,8.65E-11,Potri.016G043700
Potri.002G182700,68.78337756,8,8.58E-12,8.74E-11,Potri.002G182700
Potri.015G004200,68.77029787,8,8.63E-12,8.79E-11,Potri.015G004200
Potri.009G099600,68.75481373,8,8.69E-12,8.85E-11,Potri.009G099600
Potri.003G056700,68.70028131,8,8.91E-12,9.07E-11,Potri.003G056700
Potri.006G219900,68.69439886,8,8.94E-12,9.09E-11,Potri.006G219900
Potri.004G169800,68.65094488,8,9.12E-12,9.27E-11,Potri.004G169800
Potri.014G151700,68.64431961,8,9.14E-12,9.30E-11,Potri.014G151700
Potri.004G013400,68.6177466,8,9.26E-12,9.41E-11,Potri.004G013400
Potri.007G069500,68.58073374,8,9.41E-12,9.57E-11,Potri.007G069500
Potri.010G040400,68.57950772,8,9.42E-12,9.57E-11,Potri.010G040400
Potri.007G031700,68.54652211,8,9.56E-12,9.71E-11,Potri.007G031700
Potri.013G027800,68.54242208,8,9.58E-12,9.73E-11,Potri.013G027800
Potri.007G085100,68.51434726,8,9.70E-12,9.85E-11,Potri.007G085100
Potri.015G067600,68.50448745,8,9.75E-12,9.89E-11,Potri.015G067600
Potri.010G132400,68.44174354,8,1.00E-11,1.02E-10,Potri.010G132400
Potri.010G129600,68.42832271,8,1.01E-11,1.02E-10,Potri.010G129600
Potri.016G024200,68.38428188,8,1.03E-11,1.04E-10,Potri.016G024200
Potri.015G076650,68.34133911,8,1.05E-11,1.06E-10,Potri.015G076650
Potri.001G236400,68.29890571,8,1.07E-11,1.08E-10,Potri.001G236400
Potri.002G140700,68.29262794,8,1.07E-11,1.09E-10,Potri.002G140700
Potri.008G221200,68.25920777,8,1.09E-11,1.10E-10,Potri.008G221200
Potri.010G157200,68.06553567,8,1.19E-11,1.21E-10,Potri.010G157200
Potri.009G157500,68.05902563,8,1.20E-11,1.21E-10,Potri.009G157500
Potri.002G055600,68.05343393,8,1.20E-11,1.21E-10,Potri.002G055600
Potri.005G026500,68.04688538,8,1.20E-11,1.21E-10,Potri.005G026500
Potri.006G076000,68.04151198,8,1.20E-11,1.22E-10,Potri.006G076000
Potri.005G244500,67.89156037,8,1.29E-11,1.30E-10,Potri.005G244500
Potri.001G454101,67.86975106,8,1.30E-11,1.32E-10,Potri.001G454101
Potri.002G064400,67.79653421,8,1.35E-11,1.36E-10,Potri.002G064400
Potri.002G054800,67.75601189,8,1.37E-11,1.38E-10,Potri.002G054800
Potri.014G002900,67.71861941,8,1.40E-11,1.41E-10,Potri.014G002900
Potri.006G227500,67.67620181,8,1.42E-11,1.43E-10,Potri.006G227500
Potri.008G055500,67.63531559,8,1.45E-11,1.46E-10,Potri.008G055500
Potri.013G149100,67.63094922,8,1.45E-11,1.46E-10,Potri.013G149100
Potri.006G027300,67.6059322,8,1.47E-11,1.48E-10,Potri.006G027300
Potri.009G120300,67.5124794,8,1.53E-11,1.54E-10,Potri.009G120300
Potri.009G002200,67.49566123,8,1.55E-11,1.56E-10,Potri.009G002200
Potri.014G178300,67.48096466,8,1.56E-11,1.57E-10,Potri.014G178300
Potri.001G347900,67.38555844,8,1.63E-11,1.63E-10,Potri.001G347900
Potri.004G168000,67.34956171,8,1.65E-11,1.66E-10,Potri.004G168000
Potri.011G089500,67.33392225,8,1.66E-11,1.67E-10,Potri.011G089500
Potri.013G107950,67.3033881,8,1.69E-11,1.70E-10,Potri.013G107950
Potri.015G036800,67.24475008,8,1.73E-11,1.74E-10,Potri.015G036800
Potri.003G030300,67.20752417,8,1.76E-11,1.77E-10,Potri.003G030300
Potri.001G157400,67.19858412,8,1.77E-11,1.78E-10,Potri.001G157400
Potri.001G233300,67.19755858,8,1.77E-11,1.78E-10,Potri.001G233300
Potri.016G052750,67.17938741,8,1.79E-11,1.79E-10,Potri.016G052750
Potri.010G229200,67.17154271,8,1.79E-11,1.80E-10,Potri.010G229200
Potri.015G065500,67.13911434,8,1.82E-11,1.82E-10,Potri.015G065500
Potri.006G148700,67.10536712,8,1.85E-11,1.85E-10,Potri.006G148700
Potri.010G036400,67.0988932,8,1.85E-11,1.86E-10,Potri.010G036400
Potri.011G167650,67.08037097,8,1.87E-11,1.87E-10,Potri.011G167650
Potri.005G147700,67.04211855,8,1.90E-11,1.90E-10,Potri.005G147700
Potri.006G143000,67.02366815,8,1.92E-11,1.92E-10,Potri.006G143000
Potri.014G161300,67.01921983,8,1.92E-11,1.92E-10,Potri.014G161300
Potri.004G176100,67.00311466,8,1.94E-11,1.93E-10,Potri.004G176100
Potri.004G163300,67.00214582,8,1.94E-11,1.93E-10,Potri.004G163300
Potri.017G015800,67.0017038,8,1.94E-11,1.93E-10,Potri.017G015800
Potri.006G267600,66.97953199,8,1.96E-11,1.95E-10,Potri.006G267600
Potri.001G471300,66.94166379,8,1.99E-11,1.99E-10,Potri.001G471300
Potri.011G062200,66.87373139,8,2.05E-11,2.05E-10,Potri.011G062200
Potri.012G018200,66.84659772,8,2.08E-11,2.07E-10,Potri.012G018200
Potri.011G066000,66.82928137,8,2.10E-11,2.09E-10,Potri.011G066000
Potri.001G370700,66.82411233,8,2.10E-11,2.09E-10,Potri.001G370700
Potri.010G088300,66.76067403,8,2.16E-11,2.15E-10,Potri.010G088300
Potri.001G000400,66.71706878,8,2.21E-11,2.20E-10,Potri.001G000400
Potri.013G048500,66.65201999,8,2.27E-11,2.26E-10,Potri.013G048500
Potri.010G055700,66.64678307,8,2.28E-11,2.27E-10,Potri.010G055700
Potri.015G027600,66.62326146,8,2.30E-11,2.29E-10,Potri.015G027600
Potri.008G150000,66.60107572,8,2.33E-11,2.31E-10,Potri.008G150000
Potri.003G168300,66.5628924,8,2.37E-11,2.35E-10,Potri.003G168300
Potri.003G098500,66.49319777,8,2.44E-11,2.43E-10,Potri.003G098500
Potri.002G149200,66.48710949,8,2.45E-11,2.43E-10,Potri.002G149200
Potri.006G254500,66.46154602,8,2.48E-11,2.46E-10,Potri.006G254500
Potri.003G169700,66.4527306,8,2.49E-11,2.47E-10,Potri.003G169700
Potri.011G121100,66.45141418,8,2.49E-11,2.47E-10,Potri.011G121100
Potri.005G199100,66.44661844,8,2.50E-11,2.48E-10,Potri.005G199100
Potri.008G025700,66.4326991,8,2.51E-11,2.49E-10,Potri.008G025700
Potri.013G106700,66.4319899,8,2.51E-11,2.49E-10,Potri.013G106700
Potri.004G038800,66.42636425,8,2.52E-11,2.50E-10,Potri.004G038800
Potri.019G018600,66.40857801,8,2.54E-11,2.52E-10,Potri.019G018600
Potri.008G194566,66.39205004,8,2.56E-11,2.53E-10,Potri.008G194566
Potri.005G204100,66.38682686,8,2.57E-11,2.54E-10,Potri.005G204100
Potri.004G189900,66.36902882,8,2.59E-11,2.56E-10,Potri.004G189900
Potri.005G099300,66.36823255,8,2.59E-11,2.56E-10,Potri.005G099300
Potri.001G366700,66.26562121,8,2.71E-11,2.68E-10,Potri.001G366700
Potri.006G173901,66.20294992,8,2.79E-11,2.76E-10,Potri.006G173901
Potri.004G144600,66.19484311,8,2.80E-11,2.77E-10,Potri.004G144600
Potri.005G102100,66.18664802,8,2.81E-11,2.78E-10,Potri.005G102100
Potri.005G150100,66.14264589,8,2.87E-11,2.83E-10,Potri.005G150100
Potri.007G016800,66.13988332,8,2.87E-11,2.83E-10,Potri.007G016800
Potri.019G077000,66.11861027,8,2.90E-11,2.86E-10,Potri.019G077000
Potri.005G024700,66.0213041,8,3.03E-11,2.99E-10,Potri.005G024700
Potri.009G085400,66.01971617,8,3.03E-11,2.99E-10,Potri.009G085400
Potri.006G142400,66.01661297,8,3.04E-11,2.99E-10,Potri.006G142400
Potri.005G064300,65.98550799,8,3.08E-11,3.04E-10,Potri.005G064300
Potri.010G079000,65.95642429,8,3.12E-11,3.07E-10,Potri.010G079000
Potri.008G072700,65.95570751,8,3.12E-11,3.07E-10,Potri.008G072700
Potri.002G111700,65.93360961,8,3.15E-11,3.10E-10,Potri.002G111700
Potri.013G128500,65.9326901,8,3.16E-11,3.11E-10,Potri.013G128500
Potri.017G045200,65.91954833,8,3.17E-11,3.12E-10,Potri.017G045200
Potri.011G088100,65.91541011,8,3.18E-11,3.13E-10,Potri.011G088100
Potri.001G310500,65.88681793,8,3.22E-11,3.17E-10,Potri.001G310500
Potri.010G122800,65.84857113,8,3.28E-11,3.22E-10,Potri.010G122800
Potri.006G072500,65.83354984,8,3.30E-11,3.24E-10,Potri.006G072500
Potri.018G135702,65.82248532,8,3.32E-11,3.26E-10,Potri.018G135702
Potri.018G035400,65.81910939,8,3.32E-11,3.26E-10,Potri.018G035400
Potri.006G241800,65.7702386,8,3.40E-11,3.33E-10,Potri.006G241800
Potri.005G162400,65.72913866,8,3.46E-11,3.40E-10,Potri.005G162400
Potri.010G221100,65.71119588,8,3.49E-11,3.42E-10,Potri.010G221100
Potri.001G368100,65.70335186,8,3.50E-11,3.43E-10,Potri.001G368100
Potri.010G178800,65.62950731,8,3.62E-11,3.55E-10,Potri.010G178800
Potri.001G369400,65.60584351,8,3.66E-11,3.59E-10,Potri.001G369400
Potri.010G004200,65.60282917,8,3.67E-11,3.59E-10,Potri.010G004200
Potri.018G074400,65.60249979,8,3.67E-11,3.59E-10,Potri.018G074400
Potri.018G036900,65.59403056,8,3.68E-11,3.60E-10,Potri.018G036900
Potri.010G067200,65.5855756,8,3.70E-11,3.62E-10,Potri.010G067200
Potri.009G161500,65.56589409,8,3.73E-11,3.65E-10,Potri.009G161500
Potri.001G236700,65.562006,8,3.74E-11,3.65E-10,Potri.001G236700
Potri.005G071300,65.44334888,8,3.94E-11,3.85E-10,Potri.005G071300
Potri.015G013400,65.44126664,8,3.95E-11,3.86E-10,Potri.015G013400
Potri.009G009300,65.43995526,8,3.95E-11,3.86E-10,Potri.009G009300
Potri.001G318800,65.42540182,8,3.98E-11,3.88E-10,Potri.001G318800
Potri.001G082400,65.42503469,8,3.98E-11,3.88E-10,Potri.001G082400
Potri.005G209800,65.34016344,8,4.13E-11,4.03E-10,Potri.005G209800
Potri.005G074700,65.29531371,8,4.22E-11,4.11E-10,Potri.005G074700
Potri.018G054900,65.27263205,8,4.26E-11,4.16E-10,Potri.018G054900
Potri.002G071900,65.24934861,8,4.31E-11,4.20E-10,Potri.002G071900
Potri.006G018500,65.24409072,8,4.32E-11,4.21E-10,Potri.006G018500
Potri.002G208100,65.21926142,8,4.37E-11,4.25E-10,Potri.002G208100
Potri.011G152700,65.17897305,8,4.45E-11,4.33E-10,Potri.011G152700
Potri.007G013300,65.16210495,8,4.48E-11,4.36E-10,Potri.007G013300
Potri.006G193900,65.14417725,8,4.52E-11,4.40E-10,Potri.006G193900
Potri.018G053800,65.13775328,8,4.53E-11,4.41E-10,Potri.018G053800
Potri.003G173900,65.12660293,8,4.56E-11,4.43E-10,Potri.003G173900
Potri.007G121800,65.11031818,8,4.59E-11,4.46E-10,Potri.007G121800
Potri.015G026900,65.09679451,8,4.62E-11,4.49E-10,Potri.015G026900
Potri.004G235200,65.09609416,8,4.62E-11,4.49E-10,Potri.004G235200
Potri.006G240600,64.97255794,8,4.89E-11,4.74E-10,Potri.006G240600
Potri.010G112500,64.97042854,8,4.89E-11,4.75E-10,Potri.010G112500
Potri.001G350801,64.94176765,8,4.96E-11,4.81E-10,Potri.001G350801
Potri.012G072600,64.93751359,8,4.97E-11,4.82E-10,Potri.012G072600
Potri.003G147700,64.92933613,8,4.98E-11,4.83E-10,Potri.003G147700
Potri.002G056800,64.92915879,8,4.98E-11,4.83E-10,Potri.002G056800
Potri.001G409800,64.91150929,8,5.02E-11,4.87E-10,Potri.001G409800
Potri.014G110600,64.90669992,8,5.04E-11,4.88E-10,Potri.014G110600
Potri.010G027800,64.87726586,8,5.10E-11,4.94E-10,Potri.010G027800
Potri.006G276600,64.73836135,8,5.44E-11,5.26E-10,Potri.006G276600
Potri.015G064600,64.70144178,8,5.53E-11,5.35E-10,Potri.015G064600
Potri.018G084900,64.66228885,8,5.63E-11,5.44E-10,Potri.018G084900
Potri.007G005400,64.59169808,8,5.81E-11,5.62E-10,Potri.007G005400
Potri.008G151300,64.57876291,8,5.85E-11,5.65E-10,Potri.008G151300
Potri.003G115800,64.55596512,8,5.91E-11,5.71E-10,Potri.003G115800
Potri.010G130800,64.53979615,8,5.95E-11,5.75E-10,Potri.010G130800
Potri.015G071900,64.52000334,8,6.00E-11,5.80E-10,Potri.015G071900
Potri.010G185800,64.47121466,8,6.14E-11,5.93E-10,Potri.010G185800
Potri.013G033000,64.39624979,8,6.35E-11,6.13E-10,Potri.013G033000
Potri.005G256700,64.3144034,8,6.59E-11,6.36E-10,Potri.005G256700
Potri.012G111800,64.27135119,8,6.72E-11,6.48E-10,Potri.012G111800
Potri.003G020700,64.25803675,8,6.76E-11,6.52E-10,Potri.003G020700
Potri.008G207000,64.24645191,8,6.80E-11,6.55E-10,Potri.008G207000
Potri.001G399600,64.2058538,8,6.93E-11,6.67E-10,Potri.001G399600
Potri.006G183600,64.1845296,8,6.99E-11,6.74E-10,Potri.006G183600
Potri.005G256100,64.14361093,8,7.13E-11,6.86E-10,Potri.005G256100
Potri.001G104000,64.09670631,8,7.28E-11,7.00E-10,Potri.001G104000
Potri.014G198000,64.07302334,8,7.36E-11,7.08E-10,Potri.014G198000
Potri.009G072966,64.07122534,8,7.36E-11,7.08E-10,Potri.009G072966
Potri.011G043600,64.05131294,8,7.43E-11,7.14E-10,Potri.011G043600
Potri.006G166400,64.00945455,8,7.57E-11,7.28E-10,Potri.006G166400
Potri.004G078800,63.92379813,8,7.87E-11,7.56E-10,Potri.004G078800
Potri.008G027400,63.88788753,8,8.00E-11,7.69E-10,Potri.008G027400
Potri.018G103800,63.84031137,8,8.18E-11,7.85E-10,Potri.018G103800
Potri.010G184500,63.83781096,8,8.19E-11,7.86E-10,Potri.010G184500
Potri.008G168800,63.77474609,8,8.43E-11,8.08E-10,Potri.008G168800
Potri.004G211700,63.76491339,8,8.46E-11,8.12E-10,Potri.004G211700
Potri.006G165800,63.73007427,8,8.60E-11,8.24E-10,Potri.006G165800
Potri.017G130800,63.72697632,8,8.61E-11,8.25E-10,Potri.017G130800
Potri.010G115000,63.70141461,8,8.71E-11,8.34E-10,Potri.010G115000
Potri.007G031600,63.7007104,8,8.71E-11,8.34E-10,Potri.007G031600
Potri.008G096400,63.70068246,8,8.72E-11,8.34E-10,Potri.008G096400
Potri.004G163100,63.61053299,8,9.08E-11,8.69E-10,Potri.004G163100
Potri.008G192800,63.572249,8,9.24E-11,8.84E-10,Potri.008G192800
Potri.008G077300,63.56319885,8,9.28E-11,8.87E-10,Potri.008G077300
Potri.013G025200,63.54743074,8,9.34E-11,8.93E-10,Potri.013G025200
Potri.018G036500,63.52402976,8,9.44E-11,9.03E-10,Potri.018G036500
Potri.019G089900,63.48985647,8,9.59E-11,9.16E-10,Potri.019G089900
Potri.002G187000,63.47839321,8,9.64E-11,9.21E-10,Potri.002G187000
Potri.013G155800,63.46556484,8,9.70E-11,9.26E-10,Potri.013G155800
Potri.003G155400,63.41853552,8,9.91E-11,9.46E-10,Potri.003G155400
Potri.001G054700,63.3959925,8,1.00E-10,9.55E-10,Potri.001G054700
Potri.001G055900,63.35781568,8,1.02E-10,9.71E-10,Potri.001G055900
Potri.014G020500,63.30760811,8,1.04E-10,9.93E-10,Potri.014G020500
Potri.001G443932,63.27528394,8,1.06E-10,1.01E-09,Potri.001G443932
Potri.002G083300,63.21226965,8,1.09E-10,1.04E-09,Potri.002G083300
Potri.017G055900,63.19688667,8,1.10E-10,1.04E-09,Potri.017G055900
Potri.002G248600,63.12622226,8,1.13E-10,1.08E-09,Potri.002G248600
Potri.015G125950,63.12500351,8,1.13E-10,1.08E-09,Potri.015G125950
Potri.002G260100,63.12069695,8,1.13E-10,1.08E-09,Potri.002G260100
Potri.018G058300,63.0757343,8,1.16E-10,1.10E-09,Potri.018G058300
Potri.006G181501,63.07277322,8,1.16E-10,1.10E-09,Potri.006G181501
Potri.003G085800,62.99251948,8,1.20E-10,1.14E-09,Potri.003G085800
Potri.005G045600,62.985024,8,1.21E-10,1.15E-09,Potri.005G045600
Potri.019G070651,62.96667481,8,1.22E-10,1.16E-09,Potri.019G070651
Potri.008G052500,62.93712354,8,1.23E-10,1.17E-09,Potri.008G052500
Potri.008G054600,62.87826938,8,1.27E-10,1.20E-09,Potri.008G054600
Potri.002G064800,62.8415705,8,1.29E-10,1.22E-09,Potri.002G064800
Potri.005G166400,62.81346461,8,1.30E-10,1.24E-09,Potri.005G166400
Potri.006G253100,62.76002372,8,1.34E-10,1.27E-09,Potri.006G253100
Potri.002G246800,62.74825593,8,1.34E-10,1.27E-09,Potri.002G246800
Potri.002G260900,62.61969166,8,1.42E-10,1.35E-09,Potri.002G260900
Potri.014G074200,62.6164563,8,1.43E-10,1.35E-09,Potri.014G074200
Potri.016G093500,62.60862789,8,1.43E-10,1.36E-09,Potri.016G093500
Potri.004G166600,62.60673039,8,1.43E-10,1.36E-09,Potri.004G166600
Potri.019G064100,62.57009714,8,1.46E-10,1.38E-09,Potri.019G064100
Potri.002G205400,62.55331036,8,1.47E-10,1.39E-09,Potri.002G205400
Potri.018G026700,62.50450437,8,1.50E-10,1.42E-09,Potri.018G026700
Potri.004G121500,62.49529317,8,1.51E-10,1.42E-09,Potri.004G121500
Potri.004G028000,62.44551848,8,1.54E-10,1.46E-09,Potri.004G028000
Potri.016G118800,62.42252456,8,1.56E-10,1.47E-09,Potri.016G118800
Potri.004G059500,62.40810962,8,1.57E-10,1.48E-09,Potri.004G059500
Potri.005G210200,62.3892319,8,1.58E-10,1.49E-09,Potri.005G210200
Potri.003G087600,62.3661185,8,1.60E-10,1.51E-09,Potri.003G087600
Potri.004G232301,62.36593266,8,1.60E-10,1.51E-09,Potri.004G232301
Potri.018G039300,62.31705711,8,1.63E-10,1.54E-09,Potri.018G039300
Potri.002G204900,62.29960718,8,1.65E-10,1.55E-09,Potri.002G204900
Potri.018G091700,62.29045605,8,1.65E-10,1.56E-09,Potri.018G091700
Potri.001G468800,62.27977017,8,1.66E-10,1.57E-09,Potri.001G468800
Potri.003G079700,62.22725482,8,1.70E-10,1.60E-09,Potri.003G079700
Potri.001G150700,62.22395702,8,1.70E-10,1.60E-09,Potri.001G150700
Potri.005G139300,62.20590154,8,1.72E-10,1.62E-09,Potri.005G139300
Potri.014G035500,62.18801166,8,1.73E-10,1.63E-09,Potri.014G035500
Potri.009G074800,62.1778947,8,1.74E-10,1.64E-09,Potri.009G074800
Potri.014G150000,62.16622208,8,1.75E-10,1.64E-09,Potri.014G150000
Potri.010G014500,62.12194143,8,1.78E-10,1.68E-09,Potri.010G014500
Potri.007G046600,62.11686495,8,1.79E-10,1.68E-09,Potri.007G046600
Potri.010G086700,62.10435522,8,1.80E-10,1.69E-09,Potri.010G086700
Potri.008G028800,62.09780064,8,1.80E-10,1.69E-09,Potri.008G028800
Potri.017G100800,62.090076,8,1.81E-10,1.70E-09,Potri.017G100800
Potri.005G252600,62.02496809,8,1.86E-10,1.75E-09,Potri.005G252600
Potri.009G142900,62.00085393,8,1.88E-10,1.77E-09,Potri.009G142900
Potri.010G172900,61.99620727,8,1.89E-10,1.77E-09,Potri.010G172900
Potri.014G131000,61.98838717,8,1.90E-10,1.78E-09,Potri.014G131000
Potri.006G070700,61.98633872,8,1.90E-10,1.78E-09,Potri.006G070700
Potri.004G014450,61.94192252,8,1.94E-10,1.81E-09,Potri.004G014450
Potri.008G057400,61.92427469,8,1.95E-10,1.83E-09,Potri.008G057400
Potri.019G037300,61.91796803,8,1.96E-10,1.83E-09,Potri.019G037300
Potri.002G186900,61.88842449,8,1.98E-10,1.86E-09,Potri.002G186900
Potri.009G105700,61.87521061,8,2.00E-10,1.87E-09,Potri.009G105700
Potri.004G134700,61.86181072,8,2.01E-10,1.88E-09,Potri.004G134700
Potri.010G146700,61.84264705,8,2.03E-10,1.89E-09,Potri.010G146700
Potri.012G106900,61.83373023,8,2.03E-10,1.90E-09,Potri.012G106900
Potri.017G070600,61.81165419,8,2.05E-10,1.92E-09,Potri.017G070600
Potri.004G211300,61.79677476,8,2.07E-10,1.93E-09,Potri.004G211300
Potri.016G065600,61.73862072,8,2.12E-10,1.98E-09,Potri.016G065600
Potri.014G082300,61.72926784,8,2.13E-10,1.99E-09,Potri.014G082300
Potri.014G162800,61.72135417,8,2.14E-10,2.00E-09,Potri.014G162800
Potri.010G148400,61.63559006,8,2.22E-10,2.08E-09,Potri.010G148400
Potri.003G146400,61.62187141,8,2.24E-10,2.09E-09,Potri.003G146400
Potri.008G107300,61.5957056,8,2.26E-10,2.11E-09,Potri.008G107300
Potri.005G250100,61.58107507,8,2.28E-10,2.13E-09,Potri.005G250100
Potri.014G106000,61.51188401,8,2.35E-10,2.19E-09,Potri.014G106000
Potri.015G137500,61.49469871,8,2.37E-10,2.21E-09,Potri.015G137500
Potri.015G048000,61.47626631,8,2.39E-10,2.23E-09,Potri.015G048000
Potri.006G103900,61.47589734,8,2.39E-10,2.23E-09,Potri.006G103900
Potri.011G134900,61.4465052,8,2.42E-10,2.25E-09,Potri.011G134900
Potri.018G141600,61.42021919,8,2.45E-10,2.28E-09,Potri.018G141600
Potri.009G159900,61.40022924,8,2.47E-10,2.30E-09,Potri.009G159900
Potri.009G150200,61.38145485,8,2.50E-10,2.32E-09,Potri.009G150200
Potri.018G081400,61.36189593,8,2.52E-10,2.34E-09,Potri.018G081400
Potri.005G142732,61.32796541,8,2.56E-10,2.38E-09,Potri.005G142732
Potri.017G087300,61.29141927,8,2.60E-10,2.41E-09,Potri.017G087300
Potri.003G010200,61.26791912,8,2.63E-10,2.44E-09,Potri.003G010200
Potri.006G217000,61.24070416,8,2.66E-10,2.47E-09,Potri.006G217000
Potri.013G070001,61.23577983,8,2.67E-10,2.47E-09,Potri.013G070001
Potri.001G190400,61.20223718,8,2.71E-10,2.51E-09,Potri.001G190400
Potri.013G106800,61.13171505,8,2.79E-10,2.59E-09,Potri.013G106800
Potri.010G110200,61.12587801,8,2.80E-10,2.60E-09,Potri.010G110200
Potri.003G096800,61.09608644,8,2.84E-10,2.63E-09,Potri.003G096800
Potri.010G187700,61.09228095,8,2.84E-10,2.64E-09,Potri.010G187700
Potri.014G083700,61.08549903,8,2.85E-10,2.64E-09,Potri.014G083700
Potri.002G070000,61.06619099,8,2.88E-10,2.66E-09,Potri.002G070000
Potri.009G133100,61.04146461,8,2.91E-10,2.69E-09,Potri.009G133100
Potri.013G027500,61.03747367,8,2.92E-10,2.70E-09,Potri.013G027500
Potri.002G082100,61.02809234,8,2.93E-10,2.71E-09,Potri.002G082100
Potri.018G039200,61.00663237,8,2.96E-10,2.73E-09,Potri.018G039200
Potri.006G276900,60.89210006,8,3.11E-10,2.88E-09,Potri.006G276900
Potri.001G344100,60.88931869,8,3.12E-10,2.88E-09,Potri.001G344100
Potri.001G016700,60.82578131,8,3.21E-10,2.96E-09,Potri.001G016700
Potri.012G063500,60.79322116,8,3.26E-10,3.01E-09,Potri.012G063500
Potri.012G106200,60.78635617,8,3.27E-10,3.02E-09,Potri.012G106200
Potri.008G059400,60.74188664,8,3.33E-10,3.08E-09,Potri.008G059400
Potri.001G285600,60.70937188,8,3.38E-10,3.12E-09,Potri.001G285600
Potri.007G057600,60.69632565,8,3.40E-10,3.14E-09,Potri.007G057600
Potri.015G031200,60.6835086,8,3.42E-10,3.15E-09,Potri.015G031200
Potri.010G125400,60.67548466,8,3.43E-10,3.17E-09,Potri.010G125400
Potri.010G010480,60.66733117,8,3.45E-10,3.18E-09,Potri.010G010480
Potri.003G081000,60.65625641,8,3.46E-10,3.19E-09,Potri.003G081000
Potri.004G179628,60.62828737,8,3.51E-10,3.23E-09,Potri.004G179628
Potri.003G143300,60.62428763,8,3.52E-10,3.24E-09,Potri.003G143300
Potri.002G036000,60.60132957,8,3.55E-10,3.27E-09,Potri.002G036000
Potri.015G039200,60.58255525,8,3.58E-10,3.29E-09,Potri.015G039200
Potri.013G160000,60.5687147,8,3.60E-10,3.31E-09,Potri.013G160000
Potri.014G045100,60.51846444,8,3.69E-10,3.39E-09,Potri.014G045100
Potri.002G232500,60.49443335,8,3.73E-10,3.43E-09,Potri.002G232500
Potri.005G254100,60.43701474,8,3.83E-10,3.51E-09,Potri.005G254100
Potri.004G035500,60.38069459,8,3.92E-10,3.60E-09,Potri.004G035500
Potri.004G041200,60.31676215,8,4.04E-10,3.71E-09,Potri.004G041200
Potri.010G057400,60.29256731,8,4.08E-10,3.75E-09,Potri.010G057400
Potri.001G143500,60.26541156,8,4.13E-10,3.79E-09,Potri.001G143500
Potri.005G057400,60.26161443,8,4.14E-10,3.80E-09,Potri.005G057400
Potri.008G130400,60.25143264,8,4.16E-10,3.81E-09,Potri.008G130400
Potri.016G090400,60.23270191,8,4.20E-10,3.85E-09,Potri.016G090400
Potri.008G084400,60.22446543,8,4.21E-10,3.86E-09,Potri.008G084400
Potri.006G237700,60.17606053,8,4.30E-10,3.94E-09,Potri.006G237700
Potri.008G187300,60.17193861,8,4.31E-10,3.95E-09,Potri.008G187300
Potri.004G071100,60.15920826,8,4.34E-10,3.97E-09,Potri.004G071100
Potri.001G198000,60.12907627,8,4.40E-10,4.02E-09,Potri.001G198000
Potri.015G075200,60.1053432,8,4.44E-10,4.07E-09,Potri.015G075200
Potri.005G110500,60.10003875,8,4.46E-10,4.07E-09,Potri.005G110500
Potri.015G072501,60.09418475,8,4.47E-10,4.08E-09,Potri.015G072501
Potri.005G047600,60.05036069,8,4.56E-10,4.16E-09,Potri.005G047600
Potri.011G136300,60.00020758,8,4.66E-10,4.26E-09,Potri.011G136300
Potri.004G189800,59.98107986,8,4.70E-10,4.29E-09,Potri.004G189800
Potri.005G260100,59.9711473,8,4.72E-10,4.31E-09,Potri.005G260100
Potri.004G138600,59.96201747,8,4.74E-10,4.33E-09,Potri.004G138600
Potri.016G034950,59.94004652,8,4.79E-10,4.37E-09,Potri.016G034950
Potri.001G097801,59.92387097,8,4.82E-10,4.40E-09,Potri.001G097801
Potri.016G008400,59.92364773,8,4.82E-10,4.40E-09,Potri.016G008400
Potri.005G039900,59.90449577,8,4.87E-10,4.43E-09,Potri.005G039900
Potri.001G300800,59.90439193,8,4.87E-10,4.43E-09,Potri.001G300800
Potri.009G037000,59.87597219,8,4.93E-10,4.49E-09,Potri.009G037000
Potri.001G291800,59.86675289,8,4.95E-10,4.51E-09,Potri.001G291800
Potri.016G066500,59.82955171,8,5.03E-10,4.58E-09,Potri.016G066500
Potri.007G088800,59.8132337,8,5.07E-10,4.61E-09,Potri.007G088800
Potri.008G119600,59.80388952,8,5.09E-10,4.63E-09,Potri.008G119600
Potri.004G032200,59.76722207,8,5.18E-10,4.71E-09,Potri.004G032200
Potri.004G217700,59.76410748,8,5.19E-10,4.71E-09,Potri.004G217700
Potri.002G122700,59.75268091,8,5.21E-10,4.74E-09,Potri.002G122700
Potri.010G048200,59.74660363,8,5.23E-10,4.75E-09,Potri.010G048200
Potri.012G014000,59.74061769,8,5.24E-10,4.76E-09,Potri.012G014000
Potri.018G060300,59.73588374,8,5.25E-10,4.77E-09,Potri.018G060300
Potri.013G105300,59.72972405,8,5.27E-10,4.78E-09,Potri.013G105300
Potri.009G062100,59.72149266,8,5.29E-10,4.80E-09,Potri.009G062100
Potri.019G069866,59.71102592,8,5.31E-10,4.82E-09,Potri.019G069866
Potri.009G144100,59.69689806,8,5.34E-10,4.85E-09,Potri.009G144100
Potri.003G220800,59.68595289,8,5.37E-10,4.87E-09,Potri.003G220800
Potri.002G072100,59.68286603,8,5.38E-10,4.87E-09,Potri.002G072100
Potri.003G223200,59.65364347,8,5.45E-10,4.94E-09,Potri.003G223200
Potri.011G011600,59.61807494,8,5.54E-10,5.02E-09,Potri.011G011600
Potri.003G062600,59.59536737,8,5.60E-10,5.07E-09,Potri.003G062600
Potri.018G136900,59.56645636,8,5.67E-10,5.13E-09,Potri.018G136900
Potri.006G228200,59.56090068,8,5.68E-10,5.14E-09,Potri.006G228200
Potri.001G253000,59.55973988,8,5.69E-10,5.14E-09,Potri.001G253000
Potri.015G027300,59.51434068,8,5.80E-10,5.25E-09,Potri.015G027300
Potri.015G056100,59.42430647,8,6.04E-10,5.46E-09,Potri.015G056100
Potri.005G209400,59.42176738,8,6.05E-10,5.47E-09,Potri.005G209400
Potri.003G111600,59.41415697,8,6.07E-10,5.49E-09,Potri.003G111600
Potri.017G094900,59.3801532,8,6.17E-10,5.57E-09,Potri.017G094900
Potri.008G133700,59.31117173,8,6.36E-10,5.74E-09,Potri.008G133700
Potri.001G182300,59.30467776,8,6.38E-10,5.76E-09,Potri.001G182300
Potri.010G120800,59.30227243,8,6.39E-10,5.76E-09,Potri.010G120800
Potri.004G155000,59.2771162,8,6.46E-10,5.83E-09,Potri.004G155000
Potri.014G047400,59.24278194,8,6.56E-10,5.91E-09,Potri.014G047400
Potri.008G131700,59.23572815,8,6.58E-10,5.93E-09,Potri.008G131700
Potri.018G035500,59.20702134,8,6.67E-10,6.01E-09,Potri.018G035500
Potri.003G142100,59.10126989,8,6.99E-10,6.30E-09,Potri.003G142100
Potri.006G212100,59.10019449,8,7.00E-10,6.30E-09,Potri.006G212100
Potri.005G071500,59.09680799,8,7.01E-10,6.31E-09,Potri.005G071500
Potri.001G118000,59.01827882,8,7.26E-10,6.53E-09,Potri.001G118000
Potri.004G075100,59.00035223,8,7.32E-10,6.58E-09,Potri.004G075100
Potri.004G162200,58.99509294,8,7.34E-10,6.60E-09,Potri.004G162200
Potri.006G119600,58.93894935,8,7.52E-10,6.76E-09,Potri.006G119600
Potri.006G038700,58.91420314,8,7.61E-10,6.84E-09,Potri.006G038700
Potri.001G315950,58.86112874,8,7.79E-10,7.00E-09,Potri.001G315950
Potri.004G129900,58.83653272,8,7.88E-10,7.08E-09,Potri.004G129900
Potri.013G069700,58.76478423,8,8.14E-10,7.31E-09,Potri.013G069700
Potri.012G067700,58.76026948,8,8.16E-10,7.32E-09,Potri.012G067700
Potri.012G070500,58.73957995,8,8.23E-10,7.39E-09,Potri.012G070500
Potri.009G014400,58.70271849,8,8.37E-10,7.51E-09,Potri.009G014400
Potri.003G185901,58.67686865,8,8.47E-10,7.59E-09,Potri.003G185901
Potri.014G140200,58.63642823,8,8.62E-10,7.73E-09,Potri.014G140200
Potri.008G062800,58.59762291,8,8.78E-10,7.86E-09,Potri.008G062800
Potri.002G221600,58.57750614,8,8.86E-10,7.93E-09,Potri.002G221600
Potri.005G117200,58.56150539,8,8.92E-10,7.99E-09,Potri.005G117200
Potri.008G008000,58.54557137,8,8.98E-10,8.04E-09,Potri.008G008000
Potri.002G049800,58.51184306,8,9.12E-10,8.16E-09,Potri.002G049800
Potri.017G142800,58.47788099,8,9.26E-10,8.29E-09,Potri.017G142800
Potri.001G178800,58.40444827,8,9.57E-10,8.56E-09,Potri.001G178800
Potri.009G090000,58.40348924,8,9.58E-10,8.56E-09,Potri.009G090000
Potri.001G265300,58.40246982,8,9.58E-10,8.56E-09,Potri.001G265300
Potri.001G287400,58.39574257,8,9.61E-10,8.59E-09,Potri.001G287400
Potri.001G141400,58.39358943,8,9.62E-10,8.59E-09,Potri.001G141400
Potri.016G128300,58.39221446,8,9.63E-10,8.60E-09,Potri.016G128300
Potri.014G117500,58.39147519,8,9.63E-10,8.60E-09,Potri.014G117500
Potri.014G166900,58.36681714,8,9.74E-10,8.69E-09,Potri.014G166900
Potri.014G138100,58.34326049,8,9.84E-10,8.78E-09,Potri.014G138100
Potri.005G177200,58.32414194,8,9.93E-10,8.85E-09,Potri.005G177200
Potri.001G142000,58.30553948,8,1.00E-09,8.92E-09,Potri.001G142000
Potri.002G224100,58.24398989,8,1.03E-09,9.17E-09,Potri.002G224100
Potri.002G097200,58.22301785,8,1.04E-09,9.26E-09,Potri.002G097200
Potri.001G353100,58.19068331,8,1.05E-09,9.39E-09,Potri.001G353100
Potri.007G095300,58.09781857,8,1.10E-09,9.79E-09,Potri.007G095300
Potri.004G099500,58.07347803,8,1.11E-09,9.89E-09,Potri.004G099500
Potri.004G091200,58.05536587,8,1.12E-09,9.97E-09,Potri.004G091200
Potri.002G180100,58.051792,8,1.12E-09,9.98E-09,Potri.002G180100
Potri.009G030200,58.05007768,8,1.12E-09,9.99E-09,Potri.009G030200
Potri.004G213300,57.94526519,8,1.18E-09,1.05E-08,Potri.004G213300
Potri.012G004500,57.94418859,8,1.18E-09,1.05E-08,Potri.012G004500
Potri.008G070400,57.87000932,8,1.22E-09,1.08E-08,Potri.008G070400
Potri.016G065300,57.79655532,8,1.26E-09,1.12E-08,Potri.016G065300
Potri.002G133100,57.79136436,8,1.26E-09,1.12E-08,Potri.002G133100
Potri.006G235301,57.78526356,8,1.27E-09,1.12E-08,Potri.006G235301
Potri.002G112600,57.72464031,8,1.30E-09,1.15E-08,Potri.002G112600
Potri.005G030000,57.71892576,8,1.30E-09,1.16E-08,Potri.005G030000
Potri.004G208400,57.67838666,8,1.33E-09,1.18E-08,Potri.004G208400
Potri.001G402600,57.6751016,8,1.33E-09,1.18E-08,Potri.001G402600
Potri.016G141900,57.66488183,8,1.34E-09,1.18E-08,Potri.016G141900
Potri.015G071400,57.61157179,8,1.37E-09,1.21E-08,Potri.015G071400
Potri.003G171800,57.60419098,8,1.37E-09,1.22E-08,Potri.003G171800
Potri.004G084000,57.59851949,8,1.38E-09,1.22E-08,Potri.004G084000
Potri.010G236100,57.57766633,8,1.39E-09,1.23E-08,Potri.010G236100
Potri.008G140000,57.54598537,8,1.41E-09,1.25E-08,Potri.008G140000
Potri.002G194250,57.53434006,8,1.42E-09,1.25E-08,Potri.002G194250
Potri.002G190900,57.53382035,8,1.42E-09,1.25E-08,Potri.002G190900
Potri.007G003100,57.50174232,8,1.44E-09,1.27E-08,Potri.007G003100
Potri.018G112000,57.45956978,8,1.46E-09,1.29E-08,Potri.018G112000
Potri.010G177900,57.45632651,8,1.47E-09,1.30E-08,Potri.010G177900
Potri.010G138900,57.39115947,8,1.51E-09,1.33E-08,Potri.010G138900
Potri.001G423300,57.32676285,8,1.55E-09,1.37E-08,Potri.001G423300
Potri.003G079800,57.3222974,8,1.56E-09,1.38E-08,Potri.003G079800
Potri.006G201900,57.29744691,8,1.58E-09,1.39E-08,Potri.006G201900
Potri.005G206000,57.26348835,8,1.60E-09,1.41E-08,Potri.005G206000
Potri.015G039900,57.25982456,8,1.60E-09,1.41E-08,Potri.015G039900
Potri.004G054200,57.22235469,8,1.63E-09,1.44E-08,Potri.004G054200
Potri.001G252100,57.21603015,8,1.63E-09,1.44E-08,Potri.001G252100
Potri.006G059500,57.18494279,8,1.66E-09,1.46E-08,Potri.006G059500
Potri.014G145400,57.16565121,8,1.67E-09,1.47E-08,Potri.014G145400
Potri.008G166300,57.14839871,8,1.68E-09,1.48E-08,Potri.008G166300
Potri.005G117300,57.05698775,8,1.76E-09,1.55E-08,Potri.005G117300
Potri.015G093600,57.04951642,8,1.76E-09,1.55E-08,Potri.015G093600
Potri.006G110500,57.03038549,8,1.78E-09,1.56E-08,Potri.006G110500
Potri.001G401300,57.01514889,8,1.79E-09,1.57E-08,Potri.001G401300
Potri.014G158700,56.89619092,8,1.89E-09,1.66E-08,Potri.014G158700
Potri.011G153800,56.84359256,8,1.93E-09,1.70E-08,Potri.011G153800
Potri.004G007900,56.83950379,8,1.94E-09,1.70E-08,Potri.004G007900
Potri.001G253500,56.81602351,8,1.96E-09,1.72E-08,Potri.001G253500
Potri.011G049600,56.81099375,8,1.96E-09,1.72E-08,Potri.011G049600
Potri.005G211600,56.79381199,8,1.98E-09,1.73E-08,Potri.005G211600
Potri.013G036400,56.78701465,8,1.98E-09,1.74E-08,Potri.013G036400
Potri.002G027900,56.76806482,8,2.00E-09,1.75E-08,Potri.002G027900
Potri.004G176200,56.73503297,8,2.03E-09,1.78E-08,Potri.004G176200
Potri.019G079900,56.73348542,8,2.03E-09,1.78E-08,Potri.019G079900
Potri.006G174000,56.71014488,8,2.05E-09,1.80E-08,Potri.006G174000
Potri.007G123500,56.6587608,8,2.10E-09,1.84E-08,Potri.007G123500
Potri.002G113800,56.61920255,8,2.14E-09,1.87E-08,Potri.002G113800
Potri.011G091200,56.61210475,8,2.14E-09,1.88E-08,Potri.011G091200
Potri.009G026200,56.60041394,8,2.15E-09,1.89E-08,Potri.009G026200
Potri.010G130300,56.52650575,8,2.23E-09,1.95E-08,Potri.010G130300
Potri.005G138200,56.48913647,8,2.27E-09,1.98E-08,Potri.005G138200
Potri.004G040500,56.4720627,8,2.28E-09,2.00E-08,Potri.004G040500
Potri.001G090900,56.4698686,8,2.28E-09,2.00E-08,Potri.001G090900
Potri.001G352500,56.43551721,8,2.32E-09,2.03E-08,Potri.001G352500
Potri.001G034600,56.41695539,8,2.34E-09,2.04E-08,Potri.001G034600
Potri.009G082100,56.33260853,8,2.43E-09,2.12E-08,Potri.009G082100
Potri.017G091800,56.32972352,8,2.43E-09,2.12E-08,Potri.017G091800
Potri.004G181700,56.32530157,8,2.44E-09,2.13E-08,Potri.004G181700
Potri.010G116200,56.30148829,8,2.46E-09,2.15E-08,Potri.010G116200
Potri.012G144200,56.26156153,8,2.51E-09,2.19E-08,Potri.012G144200
Potri.002G109400,56.25986167,8,2.51E-09,2.19E-08,Potri.002G109400
Potri.010G094200,56.25759815,8,2.51E-09,2.19E-08,Potri.010G094200
Potri.008G053200,56.19861479,8,2.58E-09,2.25E-08,Potri.008G053200
Potri.005G021400,56.18207839,8,2.60E-09,2.27E-08,Potri.005G021400
Potri.001G133300,56.15974963,8,2.63E-09,2.29E-08,Potri.001G133300
Potri.001G087200,56.06876934,8,2.74E-09,2.38E-08,Potri.001G087200
Potri.012G090300,56.06270032,8,2.74E-09,2.39E-08,Potri.012G090300
Potri.010G211000,55.94267132,8,2.89E-09,2.52E-08,Potri.010G211000
Potri.016G042100,55.93404877,8,2.91E-09,2.53E-08,Potri.016G042100
Potri.002G223600,55.90421511,8,2.94E-09,2.56E-08,Potri.002G223600
Potri.013G159000,55.89187439,8,2.96E-09,2.57E-08,Potri.013G159000
Potri.001G043200,55.8565962,8,3.01E-09,2.61E-08,Potri.001G043200
Potri.002G038300,55.77863451,8,3.12E-09,2.71E-08,Potri.002G038300
Potri.010G010448,55.71776247,8,3.20E-09,2.78E-08,Potri.010G010448
Potri.011G155700,55.71714992,8,3.20E-09,2.78E-08,Potri.011G155700
Potri.012G125200,55.70036266,8,3.23E-09,2.80E-08,Potri.012G125200
Potri.010G221000,55.6672976,8,3.27E-09,2.84E-08,Potri.010G221000
Potri.014G049400,55.6579755,8,3.29E-09,2.85E-08,Potri.014G049400
Potri.001G436300,55.6563917,8,3.29E-09,2.85E-08,Potri.001G436300
Potri.004G175500,55.62791736,8,3.33E-09,2.89E-08,Potri.004G175500
Potri.008G120000,55.61516748,8,3.35E-09,2.91E-08,Potri.008G120000
Potri.013G101300,55.56475921,8,3.43E-09,2.97E-08,Potri.013G101300
Potri.018G045800,55.55135441,8,3.45E-09,2.99E-08,Potri.018G045800
Potri.010G066200,55.49024863,8,3.54E-09,3.07E-08,Potri.010G066200
Potri.001G296600,55.47649213,8,3.57E-09,3.09E-08,Potri.001G296600
Potri.014G034600,55.45265715,8,3.61E-09,3.12E-08,Potri.014G034600
Potri.012G061600,55.41585367,8,3.66E-09,3.17E-08,Potri.012G061600
Potri.014G078700,55.37824434,8,3.73E-09,3.22E-08,Potri.014G078700
Potri.010G189900,55.36105327,8,3.76E-09,3.25E-08,Potri.010G189900
Potri.002G185000,55.35686778,8,3.76E-09,3.25E-08,Potri.002G185000
Potri.009G016600,55.35464296,8,3.77E-09,3.25E-08,Potri.009G016600
Potri.018G051100,55.32881583,8,3.81E-09,3.29E-08,Potri.018G051100
Potri.014G015700,55.30648594,8,3.85E-09,3.32E-08,Potri.014G015700
Potri.008G032800,55.28089461,8,3.89E-09,3.36E-08,Potri.008G032800
Potri.012G095600,55.23972552,8,3.97E-09,3.42E-08,Potri.012G095600
Potri.005G167300,55.23429151,8,3.98E-09,3.43E-08,Potri.005G167300
Potri.018G151500,55.17188231,8,4.09E-09,3.53E-08,Potri.018G151500
Potri.018G086350,55.15381358,8,4.12E-09,3.55E-08,Potri.018G086350
Potri.018G030500,55.13015476,8,4.17E-09,3.59E-08,Potri.018G030500
Potri.010G191100,55.1279268,8,4.17E-09,3.59E-08,Potri.010G191100
Potri.014G125500,55.09859291,8,4.22E-09,3.64E-08,Potri.014G125500
Potri.001G291932,55.09640596,8,4.23E-09,3.64E-08,Potri.001G291932
Potri.013G155500,55.07707824,8,4.27E-09,3.67E-08,Potri.013G155500
Potri.010G110500,55.05441867,8,4.31E-09,3.71E-08,Potri.010G110500
Potri.015G028101,55.00380116,8,4.41E-09,3.79E-08,Potri.015G028101
Potri.018G075900,54.99904522,8,4.42E-09,3.80E-08,Potri.018G075900
Potri.013G123600,54.96155079,8,4.49E-09,3.86E-08,Potri.013G123600
Potri.008G129400,54.92327717,8,4.57E-09,3.93E-08,Potri.008G129400
Potri.001G102900,54.91819371,8,4.58E-09,3.94E-08,Potri.001G102900
Potri.003G141200,54.911611,8,4.59E-09,3.95E-08,Potri.003G141200
Potri.012G034600,54.89186994,8,4.63E-09,3.98E-08,Potri.012G034600
Potri.005G256600,54.88747703,8,4.64E-09,3.99E-08,Potri.005G256600
Potri.009G065500,54.8699433,8,4.68E-09,4.02E-08,Potri.009G065500
Potri.017G107200,54.84570441,8,4.73E-09,4.06E-08,Potri.017G107200
Potri.019G054500,54.79524956,8,4.84E-09,4.15E-08,Potri.019G054500
Potri.007G015800,54.76525545,8,4.90E-09,4.21E-08,Potri.007G015800
Potri.003G048900,54.75370737,8,4.93E-09,4.23E-08,Potri.003G048900
Potri.005G233900,54.7514491,8,4.93E-09,4.23E-08,Potri.005G233900
Potri.001G272800,54.72951833,8,4.98E-09,4.27E-08,Potri.001G272800
Potri.014G028900,54.71000657,8,5.03E-09,4.31E-08,Potri.014G028900
Potri.010G222200,54.69837498,8,5.05E-09,4.33E-08,Potri.010G222200
Potri.014G124900,54.68940069,8,5.07E-09,4.34E-08,Potri.014G124900
Potri.014G068700,54.65678231,8,5.15E-09,4.40E-08,Potri.014G068700
Potri.010G012700,54.65316079,8,5.16E-09,4.41E-08,Potri.010G012700
Potri.016G067000,54.6221038,8,5.23E-09,4.47E-08,Potri.016G067000
Potri.007G036500,54.6010657,8,5.28E-09,4.51E-08,Potri.007G036500
Potri.012G021300,54.58938524,8,5.31E-09,4.53E-08,Potri.012G021300
Potri.019G038550,54.58242869,8,5.32E-09,4.55E-08,Potri.019G038550
Potri.006G023500,54.56622339,8,5.36E-09,4.58E-08,Potri.006G023500
Potri.003G144400,54.55988276,8,5.38E-09,4.59E-08,Potri.003G144400
Potri.006G101901,54.54860722,8,5.40E-09,4.61E-08,Potri.006G101901
Potri.009G046900,54.54468438,8,5.41E-09,4.62E-08,Potri.009G046900
Potri.016G018900,54.54071512,8,5.42E-09,4.63E-08,Potri.016G018900
Potri.005G164550,54.52528137,8,5.46E-09,4.66E-08,Potri.005G164550
Potri.001G317200,54.51104918,8,5.49E-09,4.68E-08,Potri.001G317200
Potri.005G215600,54.49687336,8,5.53E-09,4.71E-08,Potri.005G215600
Potri.006G067400,54.46402016,8,5.61E-09,4.78E-08,Potri.006G067400
Potri.003G087200,54.40105431,8,5.77E-09,4.92E-08,Potri.003G087200
Potri.003G073000,54.37282459,8,5.84E-09,4.98E-08,Potri.003G073000
Potri.008G182300,54.36687942,8,5.86E-09,4.99E-08,Potri.008G182300
Potri.001G311000,54.33527614,8,5.94E-09,5.06E-08,Potri.001G311000
Potri.019G019800,54.32665508,8,5.97E-09,5.08E-08,Potri.019G019800
Potri.009G009200,54.31035541,8,6.01E-09,5.11E-08,Potri.009G009200
Potri.008G061000,54.28989854,8,6.06E-09,5.16E-08,Potri.008G061000
Potri.007G009700,54.28863701,8,6.07E-09,5.16E-08,Potri.007G009700
Potri.006G257200,54.26682287,8,6.13E-09,5.21E-08,Potri.006G257200
Potri.019G050100,54.21205172,8,6.28E-09,5.33E-08,Potri.019G050100
Potri.009G137200,54.20326285,8,6.30E-09,5.35E-08,Potri.009G137200
Potri.009G004800,54.18884124,8,6.35E-09,5.39E-08,Potri.009G004800
Potri.007G026300,54.18601372,8,6.35E-09,5.39E-08,Potri.007G026300
Potri.002G028700,54.15988598,8,6.43E-09,5.45E-08,Potri.002G028700
Potri.007G100200,54.14799552,8,6.46E-09,5.48E-08,Potri.007G100200
Potri.002G058300,54.12889987,8,6.52E-09,5.53E-08,Potri.002G058300
Potri.011G050800,54.12342093,8,6.53E-09,5.54E-08,Potri.011G050800
Potri.006G091000,54.1087211,8,6.58E-09,5.57E-08,Potri.006G091000
Potri.012G078200,54.10617452,8,6.58E-09,5.58E-08,Potri.012G078200
Potri.013G028100,54.08612168,8,6.64E-09,5.63E-08,Potri.013G028100
Potri.003G180000,54.08268691,8,6.65E-09,5.63E-08,Potri.003G180000
Potri.017G061900,53.98115083,8,6.96E-09,5.89E-08,Potri.017G061900
Potri.007G046200,53.92748972,8,7.13E-09,6.03E-08,Potri.007G046200
Potri.017G066300,53.92721388,8,7.13E-09,6.03E-08,Potri.017G066300
Potri.005G115700,53.79374149,8,7.57E-09,6.40E-08,Potri.005G115700
Potri.011G015500,53.77898244,8,7.62E-09,6.44E-08,Potri.011G015500
Potri.010G093400,53.77442886,8,7.63E-09,6.45E-08,Potri.010G093400
Potri.006G208300,53.76529358,8,7.67E-09,6.48E-08,Potri.006G208300
Potri.001G325400,53.76253961,8,7.68E-09,6.48E-08,Potri.001G325400
Potri.009G080300,53.75144574,8,7.71E-09,6.51E-08,Potri.009G080300
Potri.012G070801,53.74725916,8,7.73E-09,6.52E-08,Potri.012G070801
Potri.001G032683,53.67711203,8,7.97E-09,6.73E-08,Potri.001G032683
Potri.002G078800,53.66928381,8,8.00E-09,6.75E-08,Potri.002G078800
Potri.013G087100,53.65274959,8,8.06E-09,6.80E-08,Potri.013G087100
Potri.001G081300,53.64966986,8,8.07E-09,6.81E-08,Potri.001G081300
Potri.013G091900,53.62698675,8,8.15E-09,6.87E-08,Potri.013G091900
Potri.002G162600,53.5797695,8,8.33E-09,7.02E-08,Potri.002G162600
Potri.018G138100,53.57224259,8,8.36E-09,7.04E-08,Potri.018G138100
Potri.003G131200,53.5722024,8,8.36E-09,7.04E-08,Potri.003G131200
Potri.005G120600,53.50889502,8,8.60E-09,7.24E-08,Potri.005G120600
Potri.006G136500,53.48792286,8,8.68E-09,7.30E-08,Potri.006G136500
Potri.004G075800,53.47383041,8,8.73E-09,7.35E-08,Potri.004G075800
Potri.003G177200,53.4733355,8,8.73E-09,7.35E-08,Potri.003G177200
Potri.015G033700,53.44696772,8,8.84E-09,7.43E-08,Potri.015G033700
Potri.006G048900,53.42810553,8,8.91E-09,7.49E-08,Potri.006G048900
Potri.003G112900,53.42675789,8,8.92E-09,7.49E-08,Potri.003G112900
Potri.011G045100,53.40803255,8,8.99E-09,7.55E-08,Potri.011G045100
Potri.001G277600,53.38545806,8,9.08E-09,7.63E-08,Potri.001G277600
Potri.010G069600,53.3729298,8,9.13E-09,7.67E-08,Potri.010G069600
Potri.019G040100,53.36829108,8,9.15E-09,7.68E-08,Potri.019G040100
Potri.011G090800,53.35656558,8,9.20E-09,7.72E-08,Potri.011G090800
Potri.002G134900,53.34805901,8,9.23E-09,7.75E-08,Potri.002G134900
Potri.006G258800,53.34798894,8,9.23E-09,7.75E-08,Potri.006G258800
Potri.010G128900,53.34118739,8,9.26E-09,7.77E-08,Potri.010G128900
Potri.001G113600,53.28756954,8,9.49E-09,7.95E-08,Potri.001G113600
Potri.005G032200,53.28074294,8,9.52E-09,7.97E-08,Potri.005G032200
Potri.007G109000,53.28061227,8,9.52E-09,7.97E-08,Potri.007G109000
Potri.001G184700,53.26336192,8,9.59E-09,8.03E-08,Potri.001G184700
Potri.010G045800,53.25680753,8,9.62E-09,8.05E-08,Potri.010G045800
Potri.010G067800,53.24530045,8,9.67E-09,8.09E-08,Potri.010G067800
Potri.005G070900,53.24499254,8,9.67E-09,8.09E-08,Potri.005G070900
Potri.003G092100,53.23690391,8,9.70E-09,8.12E-08,Potri.003G092100
Potri.005G000232,53.20464134,8,9.84E-09,8.23E-08,Potri.005G000232
Potri.009G168100,53.20415922,8,9.85E-09,8.23E-08,Potri.009G168100
Potri.008G158600,53.19774005,8,9.87E-09,8.25E-08,Potri.008G158600
Potri.014G147100,53.14059629,8,1.01E-08,8.46E-08,Potri.014G147100
Potri.009G118100,53.10412534,8,1.03E-08,8.60E-08,Potri.009G118100
Potri.010G119700,53.05946275,8,1.05E-08,8.77E-08,Potri.010G119700
Potri.009G084600,53.05723813,8,1.05E-08,8.78E-08,Potri.009G084600
Potri.018G107800,53.02487748,8,1.07E-08,8.90E-08,Potri.018G107800
Potri.018G135700,53.0135096,8,1.07E-08,8.94E-08,Potri.018G135700
Potri.007G069600,52.98811374,8,1.08E-08,9.04E-08,Potri.007G069600
Potri.001G119500,52.98023176,8,1.09E-08,9.07E-08,Potri.001G119500
Potri.011G069500,52.9681022,8,1.09E-08,9.12E-08,Potri.011G069500
Potri.013G062800,52.94895144,8,1.10E-08,9.19E-08,Potri.013G062800
Potri.002G118500,52.9038695,8,1.13E-08,9.38E-08,Potri.002G118500
Potri.014G170400,52.86885923,8,1.14E-08,9.52E-08,Potri.014G170400
Potri.019G128900,52.8646526,8,1.15E-08,9.54E-08,Potri.019G128900
Potri.001G021000,52.8465541,8,1.15E-08,9.61E-08,Potri.001G021000
Potri.015G055000,52.80186046,8,1.18E-08,9.80E-08,Potri.015G055000
Potri.010G014300,52.79989085,8,1.18E-08,9.81E-08,Potri.010G014300
Potri.001G285800,52.75349463,8,1.20E-08,1.00E-07,Potri.001G285800
Potri.012G067900,52.7506036,8,1.21E-08,1.00E-07,Potri.012G067900
Potri.005G181900,52.74789257,8,1.21E-08,1.00E-07,Potri.005G181900
Potri.017G100100,52.72978303,8,1.22E-08,1.01E-07,Potri.017G100100
Potri.006G273300,52.72081,8,1.22E-08,1.01E-07,Potri.006G273300
Potri.018G057000,52.6959318,8,1.23E-08,1.03E-07,Potri.018G057000
Potri.001G183200,52.6727883,8,1.25E-08,1.04E-07,Potri.001G183200
Potri.010G153700,52.66085136,8,1.25E-08,1.04E-07,Potri.010G153700
Potri.016G134200,52.6344081,8,1.27E-08,1.05E-07,Potri.016G134200
Potri.001G186200,52.59916913,8,1.29E-08,1.07E-07,Potri.001G186200
Potri.010G229100,52.59130958,8,1.29E-08,1.07E-07,Potri.010G229100
Potri.006G175600,52.58132966,8,1.30E-08,1.08E-07,Potri.006G175600
Potri.008G142800,52.56899163,8,1.31E-08,1.08E-07,Potri.008G142800
Potri.001G348600,52.55584407,8,1.31E-08,1.09E-07,Potri.001G348600
Potri.019G061400,52.5471275,8,1.32E-08,1.09E-07,Potri.019G061400
Potri.002G071600,52.53468682,8,1.33E-08,1.10E-07,Potri.002G071600
Potri.015G111500,52.51713917,8,1.34E-08,1.11E-07,Potri.015G111500
Potri.013G044300,52.48152669,8,1.36E-08,1.12E-07,Potri.013G044300
Potri.010G211300,52.45777183,8,1.37E-08,1.14E-07,Potri.010G211300
Potri.019G058400,52.45072898,8,1.38E-08,1.14E-07,Potri.019G058400
Potri.003G034300,52.44385915,8,1.38E-08,1.14E-07,Potri.003G034300
Potri.010G074700,52.442349,8,1.38E-08,1.14E-07,Potri.010G074700
Potri.019G081600,52.40496409,8,1.41E-08,1.16E-07,Potri.019G081600
Potri.017G018400,52.33392244,8,1.45E-08,1.20E-07,Potri.017G018400
Potri.018G085900,52.31575237,8,1.46E-08,1.21E-07,Potri.018G085900
Potri.019G059350,52.31266138,8,1.46E-08,1.21E-07,Potri.019G059350
Potri.008G049500,52.29626938,8,1.48E-08,1.22E-07,Potri.008G049500
Potri.007G033700,52.19543891,8,1.54E-08,1.27E-07,Potri.007G033700
Potri.005G174900,52.18643567,8,1.55E-08,1.28E-07,Potri.005G174900
Potri.010G094700,52.1591748,8,1.57E-08,1.29E-07,Potri.010G094700
Potri.017G089250,52.12395081,8,1.59E-08,1.31E-07,Potri.017G089250
Potri.009G115400,52.05917569,8,1.64E-08,1.35E-07,Potri.009G115400
Potri.013G026500,52.04899747,8,1.65E-08,1.36E-07,Potri.013G026500
Potri.001G374100,52.04547903,8,1.65E-08,1.36E-07,Potri.001G374100
Potri.006G141900,52.02436607,8,1.66E-08,1.37E-07,Potri.006G141900
Potri.013G075500,51.98937299,8,1.69E-08,1.39E-07,Potri.013G075500
Potri.009G061500,51.92441187,8,1.74E-08,1.43E-07,Potri.009G061500
Potri.008G125500,51.90250956,8,1.76E-08,1.45E-07,Potri.008G125500
Potri.016G134900,51.90117374,8,1.76E-08,1.45E-07,Potri.016G134900
Potri.002G054300,51.89520254,8,1.76E-08,1.45E-07,Potri.002G054300
Potri.001G352700,51.83925805,8,1.81E-08,1.49E-07,Potri.001G352700
Potri.015G106400,51.83030572,8,1.81E-08,1.49E-07,Potri.015G106400
Potri.004G233300,51.7844721,8,1.85E-08,1.52E-07,Potri.004G233300
Potri.017G059000,51.76311201,8,1.87E-08,1.54E-07,Potri.017G059000
Potri.003G115300,51.75900106,8,1.87E-08,1.54E-07,Potri.003G115300
Potri.001G465900,51.73256948,8,1.90E-08,1.56E-07,Potri.001G465900
Potri.018G131700,51.70494483,8,1.92E-08,1.57E-07,Potri.018G131700
Potri.008G141400,51.69786895,8,1.92E-08,1.58E-07,Potri.008G141400
Potri.010G135200,51.69650051,8,1.93E-08,1.58E-07,Potri.010G135200
Potri.005G247900,51.66556472,8,1.95E-08,1.60E-07,Potri.005G247900
Potri.016G087400,51.66361449,8,1.95E-08,1.60E-07,Potri.016G087400
Potri.005G102800,51.63195983,8,1.98E-08,1.62E-07,Potri.005G102800
Potri.011G148600,51.5766371,8,2.03E-08,1.66E-07,Potri.011G148600
Potri.019G100800,51.5754282,8,2.03E-08,1.66E-07,Potri.019G100800
Potri.006G065900,51.57093502,8,2.04E-08,1.67E-07,Potri.006G065900
Potri.011G143100,51.56238446,8,2.04E-08,1.67E-07,Potri.011G143100
Potri.017G098166,51.520305,8,2.08E-08,1.70E-07,Potri.017G098166
Potri.005G191700,51.50814118,8,2.09E-08,1.71E-07,Potri.005G191700
Potri.003G145500,51.50310945,8,2.10E-08,1.72E-07,Potri.003G145500
Potri.014G128500,51.46381179,8,2.14E-08,1.75E-07,Potri.014G128500
Potri.014G070500,51.45412552,8,2.15E-08,1.75E-07,Potri.014G070500
Potri.010G062600,51.44966776,8,2.15E-08,1.76E-07,Potri.010G062600
Potri.002G232800,51.43727299,8,2.16E-08,1.77E-07,Potri.002G232800
Potri.008G098200,51.36929017,8,2.23E-08,1.82E-07,Potri.008G098200
Potri.008G075900,51.36085828,8,2.24E-08,1.82E-07,Potri.008G075900
Potri.008G034500,51.35226284,8,2.24E-08,1.83E-07,Potri.008G034500
Potri.002G136500,51.31088267,8,2.29E-08,1.86E-07,Potri.002G136500
Potri.001G188800,51.3063156,8,2.29E-08,1.87E-07,Potri.001G188800
Potri.016G110500,51.29860425,8,2.30E-08,1.87E-07,Potri.016G110500
Potri.011G072300,51.27696903,8,2.32E-08,1.89E-07,Potri.011G072300
Potri.018G041000,51.25903829,8,2.34E-08,1.91E-07,Potri.018G041000
Potri.017G130400,51.25015061,8,2.35E-08,1.91E-07,Potri.017G130400
Potri.004G233000,51.22169957,8,2.38E-08,1.94E-07,Potri.004G233000
Potri.016G064200,51.21811461,8,2.38E-08,1.94E-07,Potri.016G064200
Potri.011G052200,51.19525375,8,2.41E-08,1.96E-07,Potri.011G052200
Potri.004G137200,51.15679825,8,2.45E-08,1.99E-07,Potri.004G137200
Potri.010G133500,51.14183111,8,2.46E-08,2.00E-07,Potri.010G133500
Potri.011G140200,51.11220601,8,2.50E-08,2.03E-07,Potri.011G140200
Potri.015G049800,51.08615791,8,2.53E-08,2.05E-07,Potri.015G049800
Potri.002G049600,51.07919855,8,2.53E-08,2.06E-07,Potri.002G049600
Potri.002G003600,51.05210857,8,2.56E-08,2.08E-07,Potri.002G003600
Potri.001G247800,51.03368671,8,2.59E-08,2.10E-07,Potri.001G247800
Potri.017G038500,51.02563515,8,2.59E-08,2.11E-07,Potri.017G038500
Potri.001G076400,51.00384685,8,2.62E-08,2.13E-07,Potri.001G076400
Potri.007G055900,50.96688583,8,2.66E-08,2.16E-07,Potri.007G055900
Potri.014G129900,50.95588474,8,2.68E-08,2.17E-07,Potri.014G129900
Potri.004G208600,50.9385943,8,2.70E-08,2.19E-07,Potri.004G208600
Potri.004G182900,50.85650848,8,2.80E-08,2.27E-07,Potri.004G182900
Potri.012G049000,50.84687358,8,2.81E-08,2.28E-07,Potri.012G049000
Potri.009G147800,50.84611072,8,2.81E-08,2.28E-07,Potri.009G147800
Potri.006G050000,50.83848323,8,2.82E-08,2.28E-07,Potri.006G050000
Potri.015G026100,50.81387204,8,2.85E-08,2.31E-07,Potri.015G026100
Potri.010G081500,50.80230788,8,2.86E-08,2.32E-07,Potri.010G081500
Potri.009G091800,50.77953295,8,2.89E-08,2.34E-07,Potri.009G091800
Potri.008G035500,50.77663706,8,2.90E-08,2.34E-07,Potri.008G035500
Potri.001G466000,50.75442934,8,2.93E-08,2.37E-07,Potri.001G466000
Potri.019G076200,50.72451533,8,2.97E-08,2.40E-07,Potri.019G076200
Potri.013G155600,50.72450403,8,2.97E-08,2.40E-07,Potri.013G155600
Potri.005G099700,50.72094183,8,2.97E-08,2.40E-07,Potri.005G099700
Potri.007G074101,50.70399489,8,2.99E-08,2.42E-07,Potri.007G074101
Potri.002G163400,50.68390013,8,3.02E-08,2.44E-07,Potri.002G163400
Potri.001G184300,50.68261215,8,3.02E-08,2.44E-07,Potri.001G184300
Potri.017G106500,50.66146632,8,3.05E-08,2.46E-07,Potri.017G106500
Potri.001G183500,50.66065118,8,3.05E-08,2.46E-07,Potri.001G183500
Potri.002G143600,50.61791632,8,3.11E-08,2.51E-07,Potri.002G143600
Potri.018G079600,50.58466583,8,3.15E-08,2.54E-07,Potri.018G079600
Potri.005G101600,50.55908506,8,3.19E-08,2.57E-07,Potri.005G101600
Potri.010G229900,50.54322535,8,3.21E-08,2.59E-07,Potri.010G229900
Potri.008G131500,50.52891825,8,3.23E-08,2.61E-07,Potri.008G131500
Potri.016G032100,50.52079304,8,3.25E-08,2.61E-07,Potri.016G032100
Potri.004G053500,50.51047911,8,3.26E-08,2.63E-07,Potri.004G053500
Potri.002G126300,50.48533429,8,3.30E-08,2.65E-07,Potri.002G126300
Potri.005G231700,50.44917143,8,3.35E-08,2.70E-07,Potri.005G231700
Potri.016G045800,50.42044129,8,3.39E-08,2.73E-07,Potri.016G045800
Potri.010G064300,50.39957094,8,3.42E-08,2.75E-07,Potri.010G064300
Potri.010G108700,50.39918263,8,3.42E-08,2.75E-07,Potri.010G108700
Potri.017G051600,50.37551798,8,3.46E-08,2.78E-07,Potri.017G051600
Potri.001G400900,50.31722063,8,3.55E-08,2.86E-07,Potri.001G400900
Potri.003G174000,50.29129322,8,3.59E-08,2.89E-07,Potri.003G174000
Potri.013G027000,50.24306294,8,3.67E-08,2.95E-07,Potri.013G027000
Potri.001G404600,50.21251152,8,3.72E-08,2.99E-07,Potri.001G404600
Potri.019G014374,50.20603854,8,3.73E-08,3.00E-07,Potri.019G014374
Potri.008G133500,50.19068313,8,3.76E-08,3.02E-07,Potri.008G133500
Potri.001G214800,50.18100732,8,3.77E-08,3.03E-07,Potri.001G214800
Potri.001G053700,50.15114456,8,3.82E-08,3.07E-07,Potri.001G053700
Potri.005G129800,50.09021134,8,3.93E-08,3.15E-07,Potri.005G129800
Potri.002G163000,50.08452212,8,3.94E-08,3.16E-07,Potri.002G163000
Potri.010G099100,50.05446447,8,3.99E-08,3.20E-07,Potri.010G099100
Potri.011G111700,50.05360147,8,3.99E-08,3.20E-07,Potri.011G111700
Potri.001G036400,50.04115341,8,4.01E-08,3.22E-07,Potri.001G036400
Potri.001G273000,50.02342888,8,4.04E-08,3.24E-07,Potri.001G273000
Potri.010G219200,49.99758065,8,4.09E-08,3.28E-07,Potri.010G219200
Potri.001G081500,49.97107033,8,4.14E-08,3.31E-07,Potri.001G081500
Potri.006G075600,49.95195765,8,4.17E-08,3.34E-07,Potri.006G075600
Potri.004G188200,49.93975924,8,4.20E-08,3.36E-07,Potri.004G188200
Potri.015G062700,49.91723235,8,4.24E-08,3.39E-07,Potri.015G062700
Potri.002G199900,49.9044333,8,4.26E-08,3.41E-07,Potri.002G199900
Potri.008G152600,49.84968583,8,4.37E-08,3.49E-07,Potri.008G152600
Potri.005G165400,49.84092662,8,4.38E-08,3.50E-07,Potri.005G165400
Potri.001G055000,49.80406868,8,4.46E-08,3.56E-07,Potri.001G055000
Potri.004G047866,49.79168357,8,4.48E-08,3.58E-07,Potri.004G047866
Potri.004G003800,49.79118501,8,4.48E-08,3.58E-07,Potri.004G003800
Potri.003G026600,49.79052947,8,4.48E-08,3.58E-07,Potri.003G026600
Potri.009G047500,49.77980057,8,4.50E-08,3.60E-07,Potri.009G047500
Potri.012G075800,49.76429023,8,4.54E-08,3.62E-07,Potri.012G075800
Potri.009G059000,49.75045331,8,4.56E-08,3.64E-07,Potri.009G059000
Potri.018G007400,49.74440367,8,4.58E-08,3.65E-07,Potri.018G007400
Potri.004G205000,49.73301072,8,4.60E-08,3.67E-07,Potri.004G205000
Potri.002G196100,49.70202904,8,4.66E-08,3.72E-07,Potri.002G196100
Potri.003G196300,49.6638957,8,4.74E-08,3.78E-07,Potri.003G196300
Potri.014G024000,49.6534273,8,4.76E-08,3.79E-07,Potri.014G024000
Potri.006G251800,49.62120953,8,4.83E-08,3.85E-07,Potri.006G251800
Potri.014G179200,49.61247262,8,4.85E-08,3.86E-07,Potri.014G179200
Potri.009G096200,49.58220984,8,4.92E-08,3.91E-07,Potri.009G096200
Potri.004G230300,49.56219454,8,4.96E-08,3.95E-07,Potri.004G230300
Potri.010G122100,49.53972458,8,5.01E-08,3.98E-07,Potri.010G122100
Potri.017G124500,49.53563266,8,5.02E-08,3.99E-07,Potri.017G124500
Potri.010G136200,49.52263466,8,5.05E-08,4.01E-07,Potri.010G136200
Potri.008G039000,49.49019236,8,5.12E-08,4.07E-07,Potri.008G039000
Potri.006G064300,49.48707475,8,5.13E-08,4.07E-07,Potri.006G064300
Potri.003G109400,49.48391719,8,5.13E-08,4.08E-07,Potri.003G109400
Potri.006G242100,49.47256129,8,5.16E-08,4.10E-07,Potri.006G242100
Potri.001G205300,49.43023785,8,5.26E-08,4.17E-07,Potri.001G205300
Potri.008G220600,49.42804225,8,5.26E-08,4.18E-07,Potri.008G220600
Potri.004G042800,49.42790839,8,5.26E-08,4.18E-07,Potri.004G042800
Potri.014G189500,49.33521819,8,5.48E-08,4.35E-07,Potri.014G189500
Potri.011G155600,49.30994084,8,5.54E-08,4.40E-07,Potri.011G155600
Potri.015G108000,49.26659615,8,5.65E-08,4.48E-07,Potri.015G108000
Potri.003G003500,49.2616085,8,5.66E-08,4.49E-07,Potri.003G003500
Potri.014G137200,49.26065792,8,5.67E-08,4.49E-07,Potri.014G137200
Potri.008G032500,49.24752215,8,5.70E-08,4.51E-07,Potri.008G032500
Potri.011G136102,49.20476242,8,5.81E-08,4.60E-07,Potri.011G136102
Potri.017G146700,49.15043373,8,5.95E-08,4.71E-07,Potri.017G146700
Potri.010G048500,49.14917099,8,5.95E-08,4.71E-07,Potri.010G048500
Potri.005G005400,49.14037258,8,5.98E-08,4.73E-07,Potri.005G005400
Potri.011G065300,49.13431175,8,5.99E-08,4.74E-07,Potri.011G065300
Potri.017G124300,49.12341034,8,6.02E-08,4.76E-07,Potri.017G124300
Potri.013G156000,49.11517917,8,6.04E-08,4.78E-07,Potri.013G156000
Potri.011G112500,49.11051694,8,6.06E-08,4.78E-07,Potri.011G112500
Potri.013G161700,49.10791178,8,6.06E-08,4.79E-07,Potri.013G161700
Potri.009G060800,49.10091476,8,6.08E-08,4.80E-07,Potri.009G060800
Potri.004G206300,49.09065627,8,6.11E-08,4.82E-07,Potri.004G206300
Potri.008G109200,49.07919774,8,6.14E-08,4.85E-07,Potri.008G109200
Potri.006G021200,49.07392778,8,6.15E-08,4.86E-07,Potri.006G021200
Potri.001G222600,49.06008069,8,6.19E-08,4.88E-07,Potri.001G222600
Potri.002G214000,49.02337782,8,6.29E-08,4.96E-07,Potri.002G214000
Potri.019G034500,49.02209635,8,6.30E-08,4.96E-07,Potri.019G034500
Potri.001G415700,49.01060899,8,6.33E-08,4.99E-07,Potri.001G415700
Potri.019G036500,48.98967142,8,6.39E-08,5.03E-07,Potri.019G036500
Potri.008G111800,48.97884723,8,6.42E-08,5.06E-07,Potri.008G111800
Potri.019G132601,48.95667839,8,6.48E-08,5.10E-07,Potri.019G132601
Potri.010G226801,48.95636892,8,6.48E-08,5.10E-07,Potri.010G226801
Potri.002G129800,48.93126182,8,6.55E-08,5.16E-07,Potri.002G129800
Potri.001G398700,48.91191817,8,6.61E-08,5.20E-07,Potri.001G398700
Potri.002G250400,48.90961348,8,6.62E-08,5.21E-07,Potri.002G250400
Potri.008G126600,48.86687362,8,6.74E-08,5.30E-07,Potri.008G126600
Potri.002G161000,48.85436624,8,6.78E-08,5.33E-07,Potri.002G161000
Potri.014G098600,48.84561471,8,6.81E-08,5.35E-07,Potri.014G098600
Potri.010G150601,48.803805,8,6.93E-08,5.45E-07,Potri.010G150601
Potri.003G003100,48.78440854,8,6.99E-08,5.49E-07,Potri.003G003100
Potri.004G011801,48.77544538,8,7.02E-08,5.51E-07,Potri.004G011801
Potri.002G023800,48.74325469,8,7.12E-08,5.59E-07,Potri.002G023800
Potri.006G167000,48.73918532,8,7.13E-08,5.60E-07,Potri.006G167000
Potri.014G018000,48.72618321,8,7.17E-08,5.63E-07,Potri.014G018000
Potri.004G111900,48.7251459,8,7.18E-08,5.63E-07,Potri.004G111900
Potri.013G087950,48.69835491,8,7.26E-08,5.70E-07,Potri.013G087950
Potri.005G143800,48.69360256,8,7.28E-08,5.71E-07,Potri.005G143800
Potri.018G110000,48.68701897,8,7.30E-08,5.72E-07,Potri.018G110000
Potri.017G106300,48.68307238,8,7.31E-08,5.73E-07,Potri.017G106300
Potri.005G020500,48.66438123,8,7.37E-08,5.78E-07,Potri.005G020500
Potri.016G002100,48.61986308,8,7.52E-08,5.89E-07,Potri.016G002100
Potri.015G035400,48.56874707,8,7.69E-08,6.02E-07,Potri.015G035400
Potri.017G128100,48.56437101,8,7.70E-08,6.03E-07,Potri.017G128100
Potri.010G238300,48.53861712,8,7.79E-08,6.10E-07,Potri.010G238300
Potri.002G114400,48.52445348,8,7.84E-08,6.13E-07,Potri.002G114400
Potri.002G102300,48.471737,8,8.03E-08,6.28E-07,Potri.002G102300
Potri.008G038800,48.45584193,8,8.08E-08,6.32E-07,Potri.008G038800
Potri.008G054500,48.43077142,8,8.17E-08,6.39E-07,Potri.008G054500
Potri.001G402500,48.39022447,8,8.32E-08,6.50E-07,Potri.001G402500
Potri.003G152701,48.37735218,8,8.37E-08,6.54E-07,Potri.003G152701
Potri.001G008500,48.37644387,8,8.37E-08,6.54E-07,Potri.001G008500
Potri.013G133200,48.34486712,8,8.49E-08,6.63E-07,Potri.013G133200
Potri.001G060100,48.341218,8,8.50E-08,6.64E-07,Potri.001G060100
Potri.005G108200,48.2758201,8,8.75E-08,6.83E-07,Potri.005G108200
Potri.006G255900,48.25336993,8,8.84E-08,6.89E-07,Potri.006G255900
Potri.014G104800,48.24988022,8,8.85E-08,6.90E-07,Potri.014G104800
Potri.004G085200,48.2198295,8,8.97E-08,6.99E-07,Potri.004G085200
Potri.008G192500,48.21402334,8,8.99E-08,7.01E-07,Potri.008G192500
Potri.018G121300,48.20238771,8,9.04E-08,7.04E-07,Potri.018G121300
Potri.005G139700,48.19814783,8,9.05E-08,7.05E-07,Potri.005G139700
Potri.006G213600,48.18870099,8,9.09E-08,7.08E-07,Potri.006G213600
Potri.006G177250,48.18270053,8,9.12E-08,7.10E-07,Potri.006G177250
Potri.002G243400,48.18050339,8,9.12E-08,7.10E-07,Potri.002G243400
Potri.001G304100,48.17360451,8,9.15E-08,7.12E-07,Potri.001G304100
Potri.001G029600,48.12923829,8,9.33E-08,7.26E-07,Potri.001G029600
Potri.013G012600,48.11853829,8,9.38E-08,7.29E-07,Potri.013G012600
Potri.005G257300,48.08993249,8,9.50E-08,7.38E-07,Potri.005G257300
Potri.010G087900,48.00818737,8,9.84E-08,7.65E-07,Potri.010G087900
Potri.008G085600,47.97437182,8,9.99E-08,7.77E-07,Potri.008G085600
Potri.009G070800,47.93651459,8,1.02E-07,7.89E-07,Potri.009G070800
Potri.005G002800,47.90823964,8,1.03E-07,7.99E-07,Potri.005G002800
Potri.002G235200,47.86604409,8,1.05E-07,8.14E-07,Potri.002G235200
Potri.006G135500,47.85051928,8,1.06E-07,8.19E-07,Potri.006G135500
Potri.003G207700,47.82669914,8,1.07E-07,8.28E-07,Potri.003G207700
Potri.013G108400,47.81658731,8,1.07E-07,8.31E-07,Potri.013G108400
Potri.011G067800,47.8122047,8,1.07E-07,8.32E-07,Potri.011G067800
Potri.009G159700,47.81042869,8,1.07E-07,8.33E-07,Potri.009G159700
Potri.019G014304,47.78696353,8,1.09E-07,8.41E-07,Potri.019G014304
Potri.006G278100,47.75419856,8,1.10E-07,8.53E-07,Potri.006G278100
Potri.006G260100,47.72183525,8,1.12E-07,8.65E-07,Potri.006G260100
Potri.005G084700,47.71852305,8,1.12E-07,8.66E-07,Potri.005G084700
Potri.007G058500,47.69709569,8,1.13E-07,8.74E-07,Potri.007G058500
Potri.009G013600,47.68559032,8,1.13E-07,8.78E-07,Potri.009G013600
Potri.004G161800,47.68346652,8,1.14E-07,8.79E-07,Potri.004G161800
Potri.017G098100,47.66945411,8,1.14E-07,8.84E-07,Potri.017G098100
Potri.010G051400,47.66245934,8,1.15E-07,8.87E-07,Potri.010G051400
Potri.018G015200,47.6601537,8,1.15E-07,8.87E-07,Potri.018G015200
Potri.005G248500,47.65662429,8,1.15E-07,8.88E-07,Potri.005G248500
Potri.016G053600,47.60506853,8,1.18E-07,9.08E-07,Potri.016G053600
Potri.001G145750,47.60494961,8,1.18E-07,9.08E-07,Potri.001G145750
Potri.001G452800,47.60415924,8,1.18E-07,9.08E-07,Potri.001G452800
Potri.016G113300,47.55185069,8,1.20E-07,9.29E-07,Potri.016G113300
Potri.016G018500,47.53776376,8,1.21E-07,9.35E-07,Potri.016G018500
Potri.003G185050,47.51861339,8,1.22E-07,9.42E-07,Potri.003G185050
Potri.010G206600,47.48410594,8,1.24E-07,9.57E-07,Potri.010G206600
Potri.004G163200,47.3414912,8,1.32E-07,1.02E-06,Potri.004G163200
Potri.017G117120,47.33987571,8,1.32E-07,1.02E-06,Potri.017G117120
Potri.017G118900,47.33456779,8,1.32E-07,1.02E-06,Potri.017G118900
Potri.004G112300,47.33074878,8,1.33E-07,1.02E-06,Potri.004G112300
Potri.018G121100,47.32670755,8,1.33E-07,1.02E-06,Potri.018G121100
Potri.015G094400,47.31068278,8,1.34E-07,1.03E-06,Potri.015G094400
Potri.005G066600,47.28593079,8,1.35E-07,1.04E-06,Potri.005G066600
Potri.005G054600,47.28053929,8,1.36E-07,1.04E-06,Potri.005G054600
Potri.008G122300,47.27917225,8,1.36E-07,1.04E-06,Potri.008G122300
Potri.001G292300,47.25386602,8,1.37E-07,1.06E-06,Potri.001G292300
Potri.005G245700,47.23499795,8,1.38E-07,1.06E-06,Potri.005G245700
Potri.018G103500,47.23438131,8,1.38E-07,1.06E-06,Potri.018G103500
Potri.014G051500,47.22139772,8,1.39E-07,1.07E-06,Potri.014G051500
Potri.002G105900,47.21348564,8,1.40E-07,1.07E-06,Potri.002G105900
Potri.011G164000,47.17719637,8,1.42E-07,1.09E-06,Potri.011G164000
Potri.015G001300,47.16279561,8,1.43E-07,1.10E-06,Potri.015G001300
Potri.010G063300,47.14800466,8,1.44E-07,1.10E-06,Potri.010G063300
Potri.003G119700,47.14637791,8,1.44E-07,1.10E-06,Potri.003G119700
Potri.013G125800,47.14138327,8,1.44E-07,1.11E-06,Potri.013G125800
Potri.001G330501,47.10737769,8,1.46E-07,1.12E-06,Potri.001G330501
Potri.009G024600,47.09803878,8,1.47E-07,1.13E-06,Potri.009G024600
Potri.004G164300,47.08746307,8,1.48E-07,1.13E-06,Potri.004G164300
Potri.008G194700,47.07868407,8,1.48E-07,1.14E-06,Potri.008G194700
Potri.004G065200,47.03018578,8,1.51E-07,1.16E-06,Potri.004G065200
Potri.002G079100,47.02472355,8,1.52E-07,1.16E-06,Potri.002G079100
Potri.019G050950,47.02131448,8,1.52E-07,1.16E-06,Potri.019G050950
Potri.012G090800,46.97089325,8,1.55E-07,1.19E-06,Potri.012G090800
Potri.002G068900,46.96426906,8,1.56E-07,1.19E-06,Potri.002G068900
Potri.011G151400,46.963428,8,1.56E-07,1.19E-06,Potri.011G151400
Potri.015G023000,46.93201656,8,1.58E-07,1.21E-06,Potri.015G023000
Potri.016G128800,46.93078362,8,1.58E-07,1.21E-06,Potri.016G128800
Potri.010G070800,46.92861437,8,1.58E-07,1.21E-06,Potri.010G070800
Potri.013G082000,46.86688454,8,1.63E-07,1.24E-06,Potri.013G082000
Potri.001G248400,46.85980684,8,1.63E-07,1.25E-06,Potri.001G248400
Potri.019G059200,46.84682783,8,1.64E-07,1.25E-06,Potri.019G059200
Potri.006G244800,46.81571759,8,1.66E-07,1.27E-06,Potri.006G244800
Potri.013G007700,46.76242995,8,1.70E-07,1.30E-06,Potri.013G007700
Potri.004G153900,46.74080157,8,1.72E-07,1.31E-06,Potri.004G153900
Potri.017G002800,46.73805287,8,1.72E-07,1.31E-06,Potri.017G002800
Potri.006G115800,46.72562812,8,1.73E-07,1.32E-06,Potri.006G115800
Potri.012G114200,46.71354441,8,1.74E-07,1.33E-06,Potri.012G114200
Potri.016G136400,46.71131898,8,1.74E-07,1.33E-06,Potri.016G136400
Potri.011G053400,46.71116827,8,1.74E-07,1.33E-06,Potri.011G053400
Potri.007G091600,46.70106111,8,1.75E-07,1.33E-06,Potri.007G091600
Potri.005G188000,46.69418276,8,1.75E-07,1.34E-06,Potri.005G188000
Potri.002G087500,46.69212644,8,1.76E-07,1.34E-06,Potri.002G087500
Potri.019G073300,46.68012889,8,1.76E-07,1.34E-06,Potri.019G073300
Potri.010G209300,46.67379939,8,1.77E-07,1.35E-06,Potri.010G209300
Potri.001G107300,46.66689473,8,1.77E-07,1.35E-06,Potri.001G107300
Potri.010G244800,46.66394336,8,1.78E-07,1.35E-06,Potri.010G244800
Potri.010G186900,46.66195995,8,1.78E-07,1.35E-06,Potri.010G186900
Potri.017G091900,46.62026474,8,1.81E-07,1.38E-06,Potri.017G091900
Potri.001G314500,46.61031022,8,1.82E-07,1.38E-06,Potri.001G314500
Potri.005G214800,46.59767791,8,1.83E-07,1.39E-06,Potri.005G214800
Potri.006G197000,46.59323697,8,1.83E-07,1.39E-06,Potri.006G197000
Potri.018G136500,46.59210647,8,1.83E-07,1.39E-06,Potri.018G136500
Potri.006G197900,46.52322874,8,1.89E-07,1.44E-06,Potri.006G197900
Potri.009G134900,46.5213352,8,1.89E-07,1.44E-06,Potri.009G134900
Potri.002G032300,46.50818018,8,1.90E-07,1.44E-06,Potri.002G032300
Potri.005G101900,46.45841184,8,1.94E-07,1.48E-06,Potri.005G101900
Potri.014G170800,46.45723632,8,1.95E-07,1.48E-06,Potri.014G170800
Potri.001G190200,46.4427483,8,1.96E-07,1.49E-06,Potri.001G190200
Potri.013G058500,46.44125145,8,1.96E-07,1.49E-06,Potri.013G058500
Potri.019G125400,46.42828537,8,1.97E-07,1.49E-06,Potri.019G125400
Potri.010G239000,46.40501687,8,1.99E-07,1.51E-06,Potri.010G239000
Potri.009G151500,46.39816852,8,2.00E-07,1.51E-06,Potri.009G151500
Potri.009G150400,46.39593617,8,2.00E-07,1.51E-06,Potri.009G150400
Potri.014G071100,46.37201031,8,2.02E-07,1.53E-06,Potri.014G071100
Potri.005G134200,46.34147846,8,2.05E-07,1.55E-06,Potri.005G134200
Potri.008G192300,46.34098967,8,2.05E-07,1.55E-06,Potri.008G192300
Potri.003G098400,46.33654805,8,2.05E-07,1.55E-06,Potri.003G098400
Potri.003G037000,46.32482207,8,2.06E-07,1.56E-06,Potri.003G037000
Potri.004G061100,46.30312393,8,2.08E-07,1.57E-06,Potri.004G061100
Potri.005G051400,46.27776964,8,2.10E-07,1.59E-06,Potri.005G051400
Potri.004G156000,46.27623723,8,2.11E-07,1.59E-06,Potri.004G156000
Potri.005G077600,46.25520936,8,2.13E-07,1.61E-06,Potri.005G077600
Potri.001G376600,46.22797302,8,2.15E-07,1.63E-06,Potri.001G376600
Potri.002G169800,46.22361582,8,2.16E-07,1.63E-06,Potri.002G169800
Potri.003G028557,46.2121594,8,2.17E-07,1.64E-06,Potri.003G028557
Potri.005G130400,46.18854158,8,2.19E-07,1.65E-06,Potri.005G130400
Potri.013G093500,46.18150892,8,2.20E-07,1.66E-06,Potri.013G093500
Potri.005G112600,46.17223017,8,2.20E-07,1.66E-06,Potri.005G112600
Potri.005G056800,46.16893945,8,2.21E-07,1.67E-06,Potri.005G056800
Potri.015G008000,46.16856563,8,2.21E-07,1.67E-06,Potri.015G008000
Potri.001G250100,46.16347965,8,2.21E-07,1.67E-06,Potri.001G250100
Potri.003G078700,46.15210458,8,2.22E-07,1.68E-06,Potri.003G078700
Potri.015G128600,46.13904286,8,2.24E-07,1.69E-06,Potri.015G128600
Potri.016G098300,46.10592397,8,2.27E-07,1.71E-06,Potri.016G098300
Potri.008G145400,46.09579387,8,2.28E-07,1.72E-06,Potri.008G145400
Potri.001G161800,46.07894592,8,2.30E-07,1.73E-06,Potri.001G161800
Potri.006G156350,46.07049355,8,2.30E-07,1.74E-06,Potri.006G156350
Potri.011G004500,46.03765699,8,2.34E-07,1.76E-06,Potri.011G004500
Potri.007G116100,46.03007754,8,2.35E-07,1.77E-06,Potri.007G116100
Potri.011G095000,46.02320431,8,2.35E-07,1.77E-06,Potri.011G095000
Potri.013G110200,46.01570055,8,2.36E-07,1.78E-06,Potri.013G110200
Potri.004G199100,46.01440406,8,2.36E-07,1.78E-06,Potri.004G199100
Potri.017G050800,45.99291606,8,2.38E-07,1.79E-06,Potri.017G050800
Potri.003G119400,45.89901475,8,2.48E-07,1.87E-06,Potri.003G119400
Potri.014G075300,45.87269033,8,2.51E-07,1.89E-06,Potri.014G075300
Potri.016G090000,45.85591314,8,2.53E-07,1.90E-06,Potri.016G090000
Potri.017G013000,45.84015661,8,2.55E-07,1.91E-06,Potri.017G013000
Potri.001G211200,45.81260965,8,2.58E-07,1.94E-06,Potri.001G211200
Potri.002G081000,45.79963256,8,2.59E-07,1.95E-06,Potri.002G081000
Potri.010G100101,45.75696362,8,2.64E-07,1.98E-06,Potri.010G100101
Potri.008G152300,45.74359723,8,2.66E-07,1.99E-06,Potri.008G152300
Potri.002G189400,45.74166227,8,2.66E-07,2.00E-06,Potri.002G189400
Potri.010G034900,45.7032364,8,2.71E-07,2.03E-06,Potri.010G034900
Potri.001G267400,45.70322348,8,2.71E-07,2.03E-06,Potri.001G267400
Potri.002G232600,45.70029331,8,2.71E-07,2.03E-06,Potri.002G232600
Potri.018G086400,45.68720787,8,2.73E-07,2.04E-06,Potri.018G086400
Potri.014G105601,45.6733073,8,2.74E-07,2.05E-06,Potri.014G105601
Potri.013G125700,45.64908321,8,2.77E-07,2.08E-06,Potri.013G125700
Potri.010G062300,45.64636795,8,2.77E-07,2.08E-06,Potri.010G062300
Potri.010G207900,45.63111564,8,2.79E-07,2.09E-06,Potri.010G207900
Potri.018G019600,45.60858464,8,2.82E-07,2.11E-06,Potri.018G019600
Potri.003G125400,45.5587125,8,2.88E-07,2.16E-06,Potri.003G125400
Potri.003G115200,45.53428473,8,2.91E-07,2.18E-06,Potri.003G115200
Potri.006G263400,45.52518949,8,2.93E-07,2.19E-06,Potri.006G263400
Potri.012G024400,45.52333079,8,2.93E-07,2.19E-06,Potri.012G024400
Potri.002G114300,45.51856578,8,2.93E-07,2.19E-06,Potri.002G114300
Potri.016G119800,45.50773683,8,2.95E-07,2.20E-06,Potri.016G119800
Potri.016G056300,45.50574476,8,2.95E-07,2.20E-06,Potri.016G056300
Potri.001G375500,45.50328297,8,2.95E-07,2.21E-06,Potri.001G375500
Potri.008G202400,45.49205418,8,2.97E-07,2.22E-06,Potri.008G202400
Potri.012G133600,45.48799832,8,2.97E-07,2.22E-06,Potri.012G133600
Potri.005G057600,45.46734105,8,3.00E-07,2.24E-06,Potri.005G057600
Potri.019G109100,45.45664288,8,3.01E-07,2.25E-06,Potri.019G109100
Potri.005G078500,45.44320923,8,3.03E-07,2.26E-06,Potri.005G078500
Potri.005G213000,45.43167108,8,3.05E-07,2.27E-06,Potri.005G213000
Potri.003G156400,45.40583304,8,3.08E-07,2.30E-06,Potri.003G156400
Potri.013G158200,45.38337516,8,3.11E-07,2.32E-06,Potri.013G158200
Potri.010G192700,45.3203009,8,3.20E-07,2.38E-06,Potri.010G192700
Potri.011G103100,45.28865858,8,3.24E-07,2.42E-06,Potri.011G103100
Potri.008G190500,45.28844144,8,3.24E-07,2.42E-06,Potri.008G190500
Potri.010G019600,45.25037601,8,3.30E-07,2.46E-06,Potri.010G019600
Potri.010G216100,45.24321316,8,3.31E-07,2.46E-06,Potri.010G216100
Potri.015G037600,45.22214859,8,3.34E-07,2.48E-06,Potri.015G037600
Potri.002G199800,45.21229496,8,3.35E-07,2.49E-06,Potri.002G199800
Potri.002G243700,45.20047974,8,3.37E-07,2.51E-06,Potri.002G243700
Potri.003G044200,45.17039999,8,3.42E-07,2.54E-06,Potri.003G044200
Potri.001G208200,45.13877119,8,3.46E-07,2.57E-06,Potri.001G208200
Potri.014G150300,45.12930554,8,3.48E-07,2.58E-06,Potri.014G150300
Potri.001G293400,45.11774715,8,3.50E-07,2.60E-06,Potri.001G293400
Potri.001G150900,45.1136567,8,3.50E-07,2.60E-06,Potri.001G150900
Potri.012G122200,45.1111859,8,3.51E-07,2.60E-06,Potri.012G122200
Potri.016G110000,45.08229989,8,3.55E-07,2.63E-06,Potri.016G110000
Potri.001G367400,45.00932206,8,3.67E-07,2.72E-06,Potri.001G367400
Potri.016G114800,45.00516132,8,3.67E-07,2.72E-06,Potri.016G114800
Potri.010G110400,45.00487492,8,3.67E-07,2.72E-06,Potri.010G110400
Potri.008G009300,44.97794688,8,3.72E-07,2.75E-06,Potri.008G009300
Potri.006G277500,44.97314571,8,3.72E-07,2.76E-06,Potri.006G277500
Potri.001G104900,44.95922736,8,3.75E-07,2.78E-06,Potri.001G104900
Potri.014G123200,44.94848494,8,3.76E-07,2.79E-06,Potri.014G123200
Potri.006G139600,44.92749702,8,3.80E-07,2.81E-06,Potri.006G139600
Potri.012G045500,44.91370644,8,3.82E-07,2.83E-06,Potri.012G045500
Potri.003G080700,44.90652277,8,3.83E-07,2.84E-06,Potri.003G080700
Potri.014G034800,44.88076523,8,3.88E-07,2.87E-06,Potri.014G034800
Potri.013G059800,44.85510243,8,3.92E-07,2.90E-06,Potri.013G059800
Potri.008G127400,44.85003457,8,3.93E-07,2.91E-06,Potri.008G127400
Potri.006G108200,44.83929359,8,3.95E-07,2.92E-06,Potri.006G108200
Potri.010G035000,44.83160521,8,3.96E-07,2.93E-06,Potri.010G035000
Potri.001G306300,44.83158647,8,3.96E-07,2.93E-06,Potri.001G306300
Potri.009G086300,44.80405065,8,4.01E-07,2.96E-06,Potri.009G086300
Potri.018G103000,44.80081932,8,4.01E-07,2.96E-06,Potri.018G103000
Potri.002G044100,44.797814,8,4.02E-07,2.97E-06,Potri.002G044100
Potri.003G174600,44.79291366,8,4.03E-07,2.97E-06,Potri.003G174600
Potri.010G186200,44.78176473,8,4.05E-07,2.99E-06,Potri.010G186200
Potri.018G073501,44.77883664,8,4.05E-07,2.99E-06,Potri.018G073501
Potri.012G021700,44.76860873,8,4.07E-07,3.00E-06,Potri.012G021700
Potri.008G050800,44.76595897,8,4.08E-07,3.01E-06,Potri.008G050800
Potri.010G158900,44.73467498,8,4.13E-07,3.05E-06,Potri.010G158900
Potri.009G148300,44.72610472,8,4.15E-07,3.06E-06,Potri.009G148300
Potri.015G023200,44.71250632,8,4.17E-07,3.07E-06,Potri.015G023200
Potri.001G327800,44.69977208,8,4.19E-07,3.09E-06,Potri.001G327800
Potri.006G237100,44.67845766,8,4.23E-07,3.12E-06,Potri.006G237100
Potri.013G154800,44.66703632,8,4.26E-07,3.13E-06,Potri.013G154800
Potri.001G466900,44.65268778,8,4.28E-07,3.15E-06,Potri.001G466900
Potri.001G297600,44.62607357,8,4.33E-07,3.19E-06,Potri.001G297600
Potri.008G109833,44.57662472,8,4.43E-07,3.26E-06,Potri.008G109833
Potri.001G003400,44.55851838,8,4.46E-07,3.28E-06,Potri.001G003400
Potri.005G217500,44.55850421,8,4.46E-07,3.28E-06,Potri.005G217500
Potri.010G076900,44.54421146,8,4.49E-07,3.30E-06,Potri.010G076900
Potri.004G185501,44.53679868,8,4.50E-07,3.31E-06,Potri.004G185501
Potri.005G237500,44.51646995,8,4.54E-07,3.34E-06,Potri.005G237500
Potri.019G049100,44.48735872,8,4.60E-07,3.38E-06,Potri.019G049100
Potri.016G036200,44.48340261,8,4.61E-07,3.39E-06,Potri.016G036200
Potri.015G023800,44.47739462,8,4.62E-07,3.39E-06,Potri.015G023800
Potri.002G092600,44.40906533,8,4.76E-07,3.50E-06,Potri.002G092600
Potri.006G065700,44.40292225,8,4.77E-07,3.50E-06,Potri.006G065700
Potri.013G018200,44.38633507,8,4.81E-07,3.53E-06,Potri.013G018200
Potri.T045300,44.37657128,8,4.83E-07,3.54E-06,Potri.T045300
Potri.006G238400,44.3697902,8,4.84E-07,3.55E-06,Potri.006G238400
Potri.012G024700,44.36949403,8,4.84E-07,3.55E-06,Potri.012G024700
Potri.002G247900,44.331486,8,4.93E-07,3.61E-06,Potri.002G247900
Potri.001G303900,44.32262684,8,4.94E-07,3.62E-06,Potri.001G303900
Potri.001G294200,44.29079816,8,5.01E-07,3.67E-06,Potri.001G294200
Potri.015G106532,44.27886771,8,5.04E-07,3.69E-06,Potri.015G106532
Potri.010G169600,44.27267476,8,5.05E-07,3.70E-06,Potri.010G169600
Potri.017G070000,44.26792685,8,5.06E-07,3.71E-06,Potri.017G070000
Potri.004G189600,44.25691999,8,5.09E-07,3.72E-06,Potri.004G189600
Potri.002G184400,44.24966773,8,5.10E-07,3.73E-06,Potri.002G184400
Potri.008G123600,44.24649158,8,5.11E-07,3.74E-06,Potri.008G123600
Potri.006G058200,44.23878533,8,5.13E-07,3.75E-06,Potri.006G058200
Potri.011G139200,44.21514,8,5.18E-07,3.79E-06,Potri.011G139200
Potri.001G149100,44.19990924,8,5.22E-07,3.81E-06,Potri.001G149100
Potri.019G043200,44.19824599,8,5.22E-07,3.81E-06,Potri.019G043200
Potri.017G120100,44.15345591,8,5.32E-07,3.89E-06,Potri.017G120100
Potri.017G143132,44.12068055,8,5.40E-07,3.94E-06,Potri.017G143132
Potri.008G207500,44.11576755,8,5.41E-07,3.95E-06,Potri.008G207500
Potri.008G119100,44.08279137,8,5.49E-07,4.01E-06,Potri.008G119100
Potri.012G051900,44.08031927,8,5.49E-07,4.01E-06,Potri.012G051900
Potri.019G100500,44.07012774,8,5.52E-07,4.03E-06,Potri.019G100500
Potri.001G254300,44.06844009,8,5.52E-07,4.03E-06,Potri.001G254300
Potri.018G037800,44.04337539,8,5.58E-07,4.07E-06,Potri.018G037800
Potri.008G047500,44.03930719,8,5.59E-07,4.08E-06,Potri.008G047500
Potri.004G040600,44.02610214,8,5.63E-07,4.10E-06,Potri.004G040600
Potri.014G093900,44.02099049,8,5.64E-07,4.11E-06,Potri.014G093900
Potri.005G184900,44.01393025,8,5.66E-07,4.12E-06,Potri.005G184900
Potri.009G120900,43.99885636,8,5.69E-07,4.15E-06,Potri.009G120900
Potri.006G209700,43.96898086,8,5.77E-07,4.20E-06,Potri.006G209700
Potri.010G073900,43.93183127,8,5.86E-07,4.27E-06,Potri.010G073900
Potri.006G275800,43.92772476,8,5.87E-07,4.27E-06,Potri.006G275800
Potri.018G061901,43.8791431,8,6.00E-07,4.36E-06,Potri.018G061901
Potri.002G044400,43.87640413,8,6.00E-07,4.37E-06,Potri.002G044400
Potri.009G057300,43.86109154,8,6.04E-07,4.39E-06,Potri.009G057300
Potri.019G079600,43.82566287,8,6.14E-07,4.46E-06,Potri.019G079600
Potri.003G213601,43.79033829,8,6.23E-07,4.53E-06,Potri.003G213601
Potri.008G054700,43.78218772,8,6.25E-07,4.54E-06,Potri.008G054700
Potri.004G165300,43.76734333,8,6.30E-07,4.57E-06,Potri.004G165300
Potri.014G117300,43.75834891,8,6.32E-07,4.59E-06,Potri.014G117300
Potri.004G015401,43.74739258,8,6.35E-07,4.61E-06,Potri.004G015401
Potri.006G039200,43.74169704,8,6.37E-07,4.62E-06,Potri.006G039200
Potri.015G004600,43.72829883,8,6.40E-07,4.65E-06,Potri.015G004600
Potri.006G068400,43.72504999,8,6.41E-07,4.65E-06,Potri.006G068400
Potri.005G040100,43.72109085,8,6.42E-07,4.66E-06,Potri.005G040100
Potri.017G054300,43.71800435,8,6.43E-07,4.66E-06,Potri.017G054300
Potri.001G453200,43.71546781,8,6.44E-07,4.67E-06,Potri.001G453200
Potri.001G111500,43.68868634,8,6.51E-07,4.72E-06,Potri.001G111500
Potri.010G191900,43.66696514,8,6.58E-07,4.76E-06,Potri.010G191900
Potri.014G147700,43.65442617,8,6.61E-07,4.79E-06,Potri.014G147700
Potri.006G187500,43.65094426,8,6.62E-07,4.79E-06,Potri.006G187500
Potri.006G218200,43.64791797,8,6.63E-07,4.80E-06,Potri.006G218200
Potri.017G065200,43.63447032,8,6.67E-07,4.83E-06,Potri.017G065200
Potri.004G057100,43.62820298,8,6.69E-07,4.84E-06,Potri.004G057100
Potri.004G033300,43.62617271,8,6.69E-07,4.84E-06,Potri.004G033300
Potri.005G118400,43.50645976,8,7.05E-07,5.10E-06,Potri.005G118400
Potri.015G035300,43.50379999,8,7.06E-07,5.10E-06,Potri.015G035300
Potri.004G195600,43.47366177,8,7.15E-07,5.17E-06,Potri.004G195600
Potri.009G001500,43.43963691,8,7.26E-07,5.25E-06,Potri.009G001500
Potri.016G079200,43.43607983,8,7.27E-07,5.25E-06,Potri.016G079200
Potri.005G099800,43.42467836,8,7.31E-07,5.28E-06,Potri.005G099800
Potri.003G218600,43.42093519,8,7.32E-07,5.28E-06,Potri.003G218600
Potri.018G016100,43.39082439,8,7.41E-07,5.35E-06,Potri.018G016100
Potri.006G133100,43.39035673,8,7.42E-07,5.35E-06,Potri.006G133100
Potri.014G127800,43.36281828,8,7.50E-07,5.41E-06,Potri.014G127800
Potri.005G123402,43.35456825,8,7.53E-07,5.43E-06,Potri.005G123402
Potri.001G090800,43.34674369,8,7.56E-07,5.45E-06,Potri.001G090800
Potri.013G070400,43.33445669,8,7.60E-07,5.48E-06,Potri.013G070400
Potri.001G094600,43.32442757,8,7.63E-07,5.50E-06,Potri.001G094600
Potri.001G025400,43.31701611,8,7.66E-07,5.52E-06,Potri.001G025400
Potri.007G136400,43.28301473,8,7.77E-07,5.60E-06,Potri.007G136400
Potri.001G271800,43.2786352,8,7.78E-07,5.61E-06,Potri.001G271800
Potri.017G090800,43.25122219,8,7.88E-07,5.67E-06,Potri.017G090800
Potri.011G070400,43.21075734,8,8.02E-07,5.77E-06,Potri.011G070400
Potri.019G020500,43.13260782,8,8.29E-07,5.97E-06,Potri.019G020500
Potri.015G146000,43.13129926,8,8.30E-07,5.97E-06,Potri.015G146000
Potri.010G189300,43.13060819,8,8.30E-07,5.97E-06,Potri.010G189300
Potri.018G056200,43.12280085,8,8.33E-07,5.99E-06,Potri.018G056200
Potri.011G097700,43.11550638,8,8.36E-07,6.01E-06,Potri.011G097700
Potri.011G152500,43.09931805,8,8.41E-07,6.05E-06,Potri.011G152500
Potri.014G057200,43.0834944,8,8.47E-07,6.09E-06,Potri.014G057200
Potri.005G063500,43.07023662,8,8.52E-07,6.12E-06,Potri.005G063500
Potri.002G232200,43.03267301,8,8.66E-07,6.22E-06,Potri.002G232200
Potri.006G046700,43.03191392,8,8.66E-07,6.22E-06,Potri.006G046700
Potri.014G014400,43.02167245,8,8.70E-07,6.25E-06,Potri.014G014400
Potri.007G015200,42.99326433,8,8.81E-07,6.32E-06,Potri.007G015200
Potri.015G084500,42.95994472,8,8.94E-07,6.41E-06,Potri.015G084500
Potri.014G049100,42.95239682,8,8.97E-07,6.43E-06,Potri.014G049100
Potri.010G170300,42.93820946,8,9.02E-07,6.47E-06,Potri.010G170300
Potri.008G047100,42.93233666,8,9.05E-07,6.49E-06,Potri.008G047100
Potri.003G018900,42.92184998,8,9.09E-07,6.51E-06,Potri.003G018900
Potri.006G218900,42.90385156,8,9.16E-07,6.56E-06,Potri.006G218900
Potri.004G017500,42.89979154,8,9.17E-07,6.57E-06,Potri.004G017500
Potri.005G186200,42.8965285,8,9.19E-07,6.58E-06,Potri.005G186200
Potri.004G100100,42.89247212,8,9.20E-07,6.59E-06,Potri.004G100100
Potri.015G104300,42.86739074,8,9.30E-07,6.66E-06,Potri.015G104300
Potri.012G092400,42.86576053,8,9.31E-07,6.66E-06,Potri.012G092400
Potri.005G098400,42.8607289,8,9.33E-07,6.68E-06,Potri.005G098400
Potri.004G080800,42.85102338,8,9.37E-07,6.70E-06,Potri.004G080800
Potri.002G156000,42.78389714,8,9.65E-07,6.90E-06,Potri.002G156000
Potri.007G096100,42.76609591,8,9.72E-07,6.95E-06,Potri.007G096100
Potri.005G098100,42.70764912,8,9.97E-07,7.13E-06,Potri.005G098100
Potri.006G071700,42.69583404,8,1.00E-06,7.16E-06,Potri.006G071700
Potri.002G066000,42.69464545,8,1.00E-06,7.16E-06,Potri.002G066000
Potri.004G131500,42.63060048,8,1.03E-06,7.36E-06,Potri.004G131500
Potri.003G088400,42.62687288,8,1.03E-06,7.37E-06,Potri.003G088400
Potri.018G121600,42.61228929,8,1.04E-06,7.42E-06,Potri.018G121600
Potri.003G096300,42.57140622,8,1.06E-06,7.55E-06,Potri.003G096300
Potri.001G149200,42.54582242,8,1.07E-06,7.63E-06,Potri.001G149200
Potri.005G218800,42.52826012,8,1.08E-06,7.69E-06,Potri.005G218800
Potri.002G023900,42.48251618,8,1.10E-06,7.84E-06,Potri.002G023900
Potri.009G090800,42.48029121,8,1.10E-06,7.84E-06,Potri.009G090800
Potri.012G041100,42.44741836,8,1.12E-06,7.95E-06,Potri.012G041100
Potri.008G132600,42.44621565,8,1.12E-06,7.96E-06,Potri.008G132600
Potri.019G014356,42.43465077,8,1.12E-06,7.99E-06,Potri.019G014356
Potri.014G031900,42.42934673,8,1.12E-06,8.01E-06,Potri.014G031900
Potri.008G057300,42.42603103,8,1.13E-06,8.02E-06,Potri.008G057300
Potri.009G017300,42.41756196,8,1.13E-06,8.05E-06,Potri.009G017300
Potri.002G028200,42.40489013,8,1.14E-06,8.09E-06,Potri.002G028200
Potri.011G139800,42.40421349,8,1.14E-06,8.09E-06,Potri.011G139800
Potri.003G022800,42.39830197,8,1.14E-06,8.11E-06,Potri.003G022800
Potri.005G203300,42.36409504,8,1.16E-06,8.23E-06,Potri.005G203300
Potri.002G000500,42.36057323,8,1.16E-06,8.24E-06,Potri.002G000500
Potri.010G086200,42.3605289,8,1.16E-06,8.24E-06,Potri.010G086200
Potri.005G098650,42.35856318,8,1.16E-06,8.24E-06,Potri.005G098650
Potri.016G051700,42.34808217,8,1.17E-06,8.28E-06,Potri.016G051700
Potri.008G070200,42.34157848,8,1.17E-06,8.30E-06,Potri.008G070200
Potri.013G147600,42.33543296,8,1.17E-06,8.32E-06,Potri.013G147600
Potri.018G143900,42.32285132,8,1.18E-06,8.36E-06,Potri.018G143900
Potri.001G471200,42.30062997,8,1.19E-06,8.44E-06,Potri.001G471200
Potri.003G129900,42.29477323,8,1.19E-06,8.46E-06,Potri.003G129900
Potri.010G202700,42.29112717,8,1.19E-06,8.47E-06,Potri.010G202700
Potri.002G217200,42.28603095,8,1.20E-06,8.49E-06,Potri.002G217200
Potri.019G058200,42.27155294,8,1.20E-06,8.54E-06,Potri.019G058200
Potri.005G088700,42.25865101,8,1.21E-06,8.58E-06,Potri.005G088700
Potri.002G052000,42.25096416,8,1.22E-06,8.61E-06,Potri.002G052000
Potri.010G063600,42.24545697,8,1.22E-06,8.63E-06,Potri.010G063600
Potri.002G143300,42.23978973,8,1.22E-06,8.65E-06,Potri.002G143300
Potri.005G136600,42.21459383,8,1.23E-06,8.74E-06,Potri.005G136600
Potri.006G271800,42.2145848,8,1.23E-06,8.74E-06,Potri.006G271800
Potri.008G052400,42.1818021,8,1.25E-06,8.86E-06,Potri.008G052400
Potri.012G047000,42.14361586,8,1.27E-06,9.01E-06,Potri.012G047000
Potri.001G298200,42.13888608,8,1.28E-06,9.02E-06,Potri.001G298200
Potri.001G128700,42.1371075,8,1.28E-06,9.03E-06,Potri.001G128700
Potri.013G071100,42.1319014,8,1.28E-06,9.04E-06,Potri.013G071100
Potri.002G169100,42.12765764,8,1.28E-06,9.06E-06,Potri.002G169100
Potri.013G022500,42.11037865,8,1.29E-06,9.12E-06,Potri.013G022500
Potri.010G141900,42.10281545,8,1.30E-06,9.15E-06,Potri.010G141900
Potri.002G037300,42.06775694,8,1.32E-06,9.29E-06,Potri.002G037300
Potri.014G023500,42.05671422,8,1.32E-06,9.33E-06,Potri.014G023500
Potri.006G217600,42.05402127,8,1.32E-06,9.34E-06,Potri.006G217600
Potri.010G148600,42.0314766,8,1.34E-06,9.43E-06,Potri.010G148600
Potri.001G444000,42.00678021,8,1.35E-06,9.53E-06,Potri.001G444000
Potri.010G226100,41.9138078,8,1.41E-06,9.92E-06,Potri.010G226100
Potri.004G041700,41.89097221,8,1.42E-06,1.00E-05,Potri.004G041700
Potri.001G359300,41.88306393,8,1.42E-06,1.00E-05,Potri.001G359300
Potri.019G116500,41.8807578,8,1.43E-06,1.01E-05,Potri.019G116500
Potri.014G128400,41.87332645,8,1.43E-06,1.01E-05,Potri.014G128400
Potri.012G035400,41.8453387,8,1.45E-06,1.02E-05,Potri.012G035400
Potri.016G031600,41.78720803,8,1.48E-06,1.05E-05,Potri.016G031600
Potri.014G146800,41.77986231,8,1.49E-06,1.05E-05,Potri.014G146800
Potri.001G213600,41.75613825,8,1.50E-06,1.06E-05,Potri.001G213600
Potri.019G082000,41.73924516,8,1.52E-06,1.07E-05,Potri.019G082000
Potri.018G003400,41.73707642,8,1.52E-06,1.07E-05,Potri.018G003400
Potri.006G159200,41.73491131,8,1.52E-06,1.07E-05,Potri.006G159200
Potri.003G109900,41.73362136,8,1.52E-06,1.07E-05,Potri.003G109900
Potri.005G125600,41.73302747,8,1.52E-06,1.07E-05,Potri.005G125600
Potri.008G119400,41.71339072,8,1.53E-06,1.08E-05,Potri.008G119400
Potri.010G052800,41.68174129,8,1.55E-06,1.09E-05,Potri.010G052800
Potri.014G130000,41.66828737,8,1.56E-06,1.10E-05,Potri.014G130000
Potri.014G092200,41.65360191,8,1.57E-06,1.10E-05,Potri.014G092200
Potri.015G029700,41.6026819,8,1.61E-06,1.13E-05,Potri.015G029700
Potri.013G157800,41.57603627,8,1.63E-06,1.14E-05,Potri.013G157800
Potri.014G081300,41.54622075,8,1.65E-06,1.16E-05,Potri.014G081300
Potri.T042048,41.51735295,8,1.67E-06,1.17E-05,Potri.T042048
Potri.008G119300,41.48882547,8,1.69E-06,1.18E-05,Potri.008G119300
Potri.018G054100,41.45991561,8,1.71E-06,1.20E-05,Potri.018G054100
Potri.008G091200,41.41025783,8,1.75E-06,1.22E-05,Potri.008G091200
Potri.017G084100,41.40032162,8,1.75E-06,1.23E-05,Potri.017G084100
Potri.001G213000,41.39474688,8,1.76E-06,1.23E-05,Potri.001G213000
Potri.010G053700,41.39304378,8,1.76E-06,1.23E-05,Potri.010G053700
Potri.003G099400,41.37485153,8,1.77E-06,1.24E-05,Potri.003G099400
Potri.013G062900,41.36167084,8,1.78E-06,1.25E-05,Potri.013G062900
Potri.005G028700,41.3548676,8,1.79E-06,1.25E-05,Potri.005G028700
Potri.017G057700,41.34760453,8,1.79E-06,1.26E-05,Potri.017G057700
Potri.005G091700,41.34469097,8,1.80E-06,1.26E-05,Potri.005G091700
Potri.005G138000,41.34218676,8,1.80E-06,1.26E-05,Potri.005G138000
Potri.003G142301,41.34131483,8,1.80E-06,1.26E-05,Potri.003G142301
Potri.015G106466,41.33963615,8,1.80E-06,1.26E-05,Potri.015G106466
Potri.003G077500,41.31915272,8,1.82E-06,1.27E-05,Potri.003G077500
Potri.011G011101,41.30854518,8,1.83E-06,1.28E-05,Potri.011G011101
Potri.016G130201,41.21511579,8,1.90E-06,1.33E-05,Potri.016G130201
Potri.009G034900,41.14341166,8,1.96E-06,1.37E-05,Potri.009G034900
Potri.008G186900,41.13120674,8,1.97E-06,1.38E-05,Potri.008G186900
Potri.003G099300,41.11248952,8,1.99E-06,1.39E-05,Potri.003G099300
Potri.016G025000,41.108688,8,1.99E-06,1.39E-05,Potri.016G025000
Potri.004G226300,41.10188185,8,2.00E-06,1.39E-05,Potri.004G226300
Potri.003G186400,41.07912248,8,2.01E-06,1.41E-05,Potri.003G186400
Potri.019G092300,41.07397065,8,2.02E-06,1.41E-05,Potri.019G092300
Potri.001G075900,41.0662421,8,2.03E-06,1.41E-05,Potri.001G075900
Potri.002G023400,41.0659694,8,2.03E-06,1.41E-05,Potri.002G023400
Potri.018G047300,41.05914097,8,2.03E-06,1.42E-05,Potri.018G047300
Potri.001G138400,41.04489005,8,2.04E-06,1.43E-05,Potri.001G138400
Potri.011G126600,41.00868035,8,2.08E-06,1.45E-05,Potri.011G126600
Potri.016G063800,40.9882694,8,2.10E-06,1.46E-05,Potri.016G063800
Potri.004G135400,40.98636903,8,2.10E-06,1.46E-05,Potri.004G135400
Potri.005G057700,40.98475111,8,2.10E-06,1.46E-05,Potri.005G057700
Potri.006G265700,40.97770902,8,2.10E-06,1.47E-05,Potri.006G265700
Potri.004G225900,40.97718372,8,2.11E-06,1.47E-05,Potri.004G225900
Potri.002G052400,40.96894294,8,2.11E-06,1.47E-05,Potri.002G052400
Potri.007G100800,40.9259416,8,2.15E-06,1.50E-05,Potri.007G100800
Potri.001G178100,40.9235809,8,2.15E-06,1.50E-05,Potri.001G178100
Potri.016G070800,40.90565666,8,2.17E-06,1.51E-05,Potri.016G070800
Potri.001G094332,40.82403168,8,2.25E-06,1.56E-05,Potri.001G094332
Potri.007G085800,40.8218493,8,2.25E-06,1.56E-05,Potri.007G085800
Potri.016G062200,40.81316201,8,2.26E-06,1.57E-05,Potri.016G062200
Potri.015G089100,40.80871604,8,2.26E-06,1.57E-05,Potri.015G089100
Potri.013G008200,40.80156587,8,2.27E-06,1.58E-05,Potri.013G008200
Potri.003G128700,40.79815187,8,2.27E-06,1.58E-05,Potri.003G128700
Potri.002G091400,40.79515849,8,2.28E-06,1.58E-05,Potri.002G091400
Potri.004G197800,40.76209605,8,2.31E-06,1.60E-05,Potri.004G197800
Potri.005G210100,40.74805016,8,2.32E-06,1.61E-05,Potri.005G210100
Potri.010G025000,40.72977514,8,2.34E-06,1.62E-05,Potri.010G025000
Potri.001G342000,40.71346689,8,2.36E-06,1.64E-05,Potri.001G342000
Potri.015G056400,40.7047194,8,2.37E-06,1.64E-05,Potri.015G056400
Potri.013G144700,40.69291126,8,2.38E-06,1.65E-05,Potri.013G144700
Potri.019G120300,40.67305139,8,2.40E-06,1.66E-05,Potri.019G120300
Potri.016G038200,40.65529728,8,2.42E-06,1.67E-05,Potri.016G038200
Potri.006G255100,40.65312964,8,2.42E-06,1.68E-05,Potri.006G255100
Potri.001G329900,40.62981347,8,2.44E-06,1.69E-05,Potri.001G329900
Potri.001G467800,40.6079699,8,2.47E-06,1.71E-05,Potri.001G467800
Potri.014G175350,40.59633915,8,2.48E-06,1.72E-05,Potri.014G175350
Potri.008G183000,40.5851917,8,2.49E-06,1.72E-05,Potri.008G183000
Potri.015G067000,40.57987743,8,2.50E-06,1.73E-05,Potri.015G067000
Potri.015G066200,40.57752707,8,2.50E-06,1.73E-05,Potri.015G066200
Potri.003G123200,40.5735249,8,2.50E-06,1.73E-05,Potri.003G123200
Potri.008G004300,40.56312527,8,2.52E-06,1.74E-05,Potri.008G004300
Potri.001G152100,40.53081062,8,2.55E-06,1.76E-05,Potri.001G152100
Potri.019G121100,40.52303622,8,2.56E-06,1.77E-05,Potri.019G121100
Potri.005G226300,40.47734895,8,2.61E-06,1.80E-05,Potri.005G226300
Potri.002G253800,40.4501816,8,2.64E-06,1.82E-05,Potri.002G253800
Potri.001G030900,40.42228373,8,2.67E-06,1.84E-05,Potri.001G030900
Potri.001G192300,40.41035388,8,2.69E-06,1.85E-05,Potri.001G192300
Potri.013G149400,40.40223669,8,2.70E-06,1.86E-05,Potri.013G149400
Potri.008G064400,40.39937991,8,2.70E-06,1.86E-05,Potri.008G064400
Potri.005G116600,40.39770483,8,2.70E-06,1.86E-05,Potri.005G116600
Potri.T125604,40.36522394,8,2.74E-06,1.89E-05,Potri.T125604
Potri.013G032500,40.36236405,8,2.74E-06,1.89E-05,Potri.013G032500
Potri.018G023000,40.33401656,8,2.78E-06,1.91E-05,Potri.018G023000
Potri.005G020400,40.31713946,8,2.80E-06,1.93E-05,Potri.005G020400
Potri.001G467400,40.31199063,8,2.80E-06,1.93E-05,Potri.001G467400
Potri.018G022500,40.30904456,8,2.81E-06,1.93E-05,Potri.018G022500
Potri.014G039800,40.30424193,8,2.81E-06,1.94E-05,Potri.014G039800
Potri.007G068800,40.29400602,8,2.82E-06,1.94E-05,Potri.007G068800
Potri.001G447132,40.28744962,8,2.83E-06,1.95E-05,Potri.001G447132
Potri.001G447300,40.27917371,8,2.84E-06,1.96E-05,Potri.001G447300
Potri.017G037000,40.26144823,8,2.86E-06,1.97E-05,Potri.017G037000
Potri.015G041600,40.25020364,8,2.88E-06,1.98E-05,Potri.015G041600
Potri.012G127800,40.22512613,8,2.91E-06,2.00E-05,Potri.012G127800
Potri.006G116000,40.21709687,8,2.92E-06,2.01E-05,Potri.006G116000
Potri.001G089800,40.20040625,8,2.94E-06,2.02E-05,Potri.001G089800
Potri.007G028800,40.16970845,8,2.98E-06,2.05E-05,Potri.007G028800
Potri.004G075600,40.14577363,8,3.01E-06,2.07E-05,Potri.004G075600
Potri.006G082700,40.14285613,8,3.01E-06,2.07E-05,Potri.006G082700
Potri.003G069400,40.14021205,8,3.02E-06,2.07E-05,Potri.003G069400
Potri.005G021600,40.11697988,8,3.05E-06,2.09E-05,Potri.005G021600
Potri.016G058700,40.10894791,8,3.06E-06,2.10E-05,Potri.016G058700
Potri.006G052400,40.09954812,8,3.07E-06,2.11E-05,Potri.006G052400
Potri.001G140800,40.09630975,8,3.07E-06,2.11E-05,Potri.001G140800
Potri.005G084200,40.07588734,8,3.10E-06,2.13E-05,Potri.005G084200
Potri.013G068300,40.04078618,8,3.15E-06,2.16E-05,Potri.013G068300
Potri.001G240904,40.03739768,8,3.15E-06,2.16E-05,Potri.001G240904
Potri.006G214100,40.03361253,8,3.16E-06,2.16E-05,Potri.006G214100
Potri.019G001500,40.02124151,8,3.17E-06,2.17E-05,Potri.019G001500
Potri.011G031300,40.01791281,8,3.18E-06,2.18E-05,Potri.011G031300
Potri.005G099900,40.01690765,8,3.18E-06,2.18E-05,Potri.005G099900
Potri.010G147050,40.0095704,8,3.19E-06,2.18E-05,Potri.010G147050
Potri.007G106800,40.00425836,8,3.20E-06,2.19E-05,Potri.007G106800
Potri.009G011400,40.00336201,8,3.20E-06,2.19E-05,Potri.009G011400
Potri.014G101400,39.97771404,8,3.23E-06,2.21E-05,Potri.014G101400
Potri.013G107500,39.96595366,8,3.25E-06,2.22E-05,Potri.013G107500
Potri.002G167200,39.92338827,8,3.31E-06,2.26E-05,Potri.002G167200
Potri.012G072800,39.90111485,8,3.34E-06,2.28E-05,Potri.012G072800
Potri.013G100500,39.8848893,8,3.37E-06,2.30E-05,Potri.013G100500
Potri.010G142700,39.87705783,8,3.38E-06,2.31E-05,Potri.010G142700
Potri.005G207200,39.86299614,8,3.40E-06,2.32E-05,Potri.005G207200
Potri.002G080066,39.85620218,8,3.41E-06,2.33E-05,Potri.002G080066
Potri.006G190500,39.83877315,8,3.43E-06,2.34E-05,Potri.006G190500
Potri.017G002700,39.82869436,8,3.45E-06,2.35E-05,Potri.017G002700
Potri.006G098700,39.82817297,8,3.45E-06,2.35E-05,Potri.006G098700
Potri.009G150100,39.81311493,8,3.47E-06,2.37E-05,Potri.009G150100
Potri.012G109600,39.80396748,8,3.48E-06,2.38E-05,Potri.012G109600
Potri.008G120400,39.78877602,8,3.51E-06,2.39E-05,Potri.008G120400
Potri.015G046700,39.78656838,8,3.51E-06,2.39E-05,Potri.015G046700
Potri.002G162000,39.78112701,8,3.52E-06,2.40E-05,Potri.002G162000
Potri.010G137400,39.74261121,8,3.58E-06,2.44E-05,Potri.010G137400
Potri.011G040900,39.72518032,8,3.60E-06,2.46E-05,Potri.011G040900
Potri.019G053200,39.69445109,8,3.65E-06,2.49E-05,Potri.019G053200
Potri.011G107800,39.67842802,8,3.68E-06,2.50E-05,Potri.011G107800
Potri.005G079300,39.66048405,8,3.71E-06,2.52E-05,Potri.005G079300
Potri.010G225300,39.65515643,8,3.71E-06,2.53E-05,Potri.010G225300
Potri.010G131900,39.65220036,8,3.72E-06,2.53E-05,Potri.010G131900
Potri.015G087700,39.64095044,8,3.74E-06,2.54E-05,Potri.015G087700
Potri.001G097200,39.62305826,8,3.77E-06,2.56E-05,Potri.001G097200
Potri.004G069200,39.59924818,8,3.80E-06,2.59E-05,Potri.004G069200
Potri.012G083100,39.59410949,8,3.81E-06,2.59E-05,Potri.012G083100
Potri.005G182900,39.58882753,8,3.82E-06,2.60E-05,Potri.005G182900
Potri.010G097100,39.57855194,8,3.84E-06,2.61E-05,Potri.010G097100
Potri.014G161400,39.55284603,8,3.88E-06,2.64E-05,Potri.014G161400
Potri.004G018000,39.55041593,8,3.88E-06,2.64E-05,Potri.004G018000
Potri.001G316300,39.49800065,8,3.97E-06,2.70E-05,Potri.001G316300
Potri.001G141300,39.42035937,8,4.11E-06,2.79E-05,Potri.001G141300
Potri.015G144300,39.36922529,8,4.20E-06,2.85E-05,Potri.015G144300
Potri.016G125700,39.34337487,8,4.24E-06,2.88E-05,Potri.016G125700
Potri.009G049500,39.33870939,8,4.25E-06,2.88E-05,Potri.009G049500
Potri.008G020700,39.29798485,8,4.33E-06,2.93E-05,Potri.008G020700
Potri.014G085700,39.28221292,8,4.36E-06,2.95E-05,Potri.014G085700
Potri.015G044100,39.26696832,8,4.39E-06,2.97E-05,Potri.015G044100
Potri.016G112800,39.26302159,8,4.39E-06,2.98E-05,Potri.016G112800
Potri.012G040200,39.2583031,8,4.40E-06,2.98E-05,Potri.012G040200
Potri.017G001800,39.25738172,8,4.40E-06,2.98E-05,Potri.017G001800
Potri.001G387600,39.2535609,8,4.41E-06,2.99E-05,Potri.001G387600
Potri.001G204000,39.22576819,8,4.46E-06,3.02E-05,Potri.001G204000
Potri.009G021600,39.20808952,8,4.50E-06,3.04E-05,Potri.009G021600
Potri.014G058500,39.18726651,8,4.54E-06,3.07E-05,Potri.014G058500
Potri.004G236900,39.18683835,8,4.54E-06,3.07E-05,Potri.004G236900
Potri.008G169300,39.15094234,8,4.61E-06,3.12E-05,Potri.008G169300
Potri.017G007700,39.14266653,8,4.62E-06,3.13E-05,Potri.017G007700
Potri.009G014800,39.1108113,8,4.69E-06,3.17E-05,Potri.009G014800
Potri.004G074300,39.10582388,8,4.70E-06,3.17E-05,Potri.004G074300
Potri.008G141000,39.1046177,8,4.70E-06,3.18E-05,Potri.008G141000
Potri.008G150100,39.10149596,8,4.71E-06,3.18E-05,Potri.008G150100
Potri.015G143150,39.09808143,8,4.71E-06,3.18E-05,Potri.015G143150
Potri.016G099300,39.09580529,8,4.72E-06,3.19E-05,Potri.016G099300
Potri.005G217300,39.0875266,8,4.73E-06,3.20E-05,Potri.005G217300
Potri.015G116900,39.08292641,8,4.74E-06,3.20E-05,Potri.015G116900
Potri.001G319800,39.07672216,8,4.76E-06,3.21E-05,Potri.001G319800
Potri.011G126001,39.05812675,8,4.79E-06,3.23E-05,Potri.011G126001
Potri.004G049400,39.05334217,8,4.80E-06,3.24E-05,Potri.004G049400
Potri.013G006400,39.05138208,8,4.81E-06,3.24E-05,Potri.013G006400
Potri.001G271300,39.04829839,8,4.81E-06,3.25E-05,Potri.001G271300
Potri.015G025700,39.0290251,8,4.85E-06,3.27E-05,Potri.015G025700
Potri.013G114100,39.01418461,8,4.89E-06,3.29E-05,Potri.013G114100
Potri.012G139500,39.01265019,8,4.89E-06,3.29E-05,Potri.012G139500
Potri.018G102700,39.00310571,8,4.91E-06,3.31E-05,Potri.018G102700
Potri.003G023500,38.99199867,8,4.93E-06,3.32E-05,Potri.003G023500
Potri.006G254000,38.97429382,8,4.97E-06,3.34E-05,Potri.006G254000
Potri.001G062000,38.94972941,8,5.02E-06,3.38E-05,Potri.001G062000
Potri.017G071100,38.94399721,8,5.03E-06,3.39E-05,Potri.017G071100
Potri.002G081200,38.93588137,8,5.05E-06,3.40E-05,Potri.002G081200
Potri.018G026200,38.93202466,8,5.06E-06,3.40E-05,Potri.018G026200
Potri.001G185900,38.89778801,8,5.13E-06,3.45E-05,Potri.001G185900
Potri.008G036700,38.87902171,8,5.18E-06,3.48E-05,Potri.008G036700
Potri.001G314000,38.8615871,8,5.21E-06,3.50E-05,Potri.001G314000
Potri.013G022700,38.83955767,8,5.26E-06,3.54E-05,Potri.013G022700
Potri.002G192800,38.81491764,8,5.32E-06,3.57E-05,Potri.002G192800
Potri.001G047700,38.81458438,8,5.32E-06,3.57E-05,Potri.001G047700
Potri.015G094000,38.81233822,8,5.33E-06,3.58E-05,Potri.015G094000
Potri.014G084900,38.79537613,8,5.36E-06,3.60E-05,Potri.014G084900
Potri.006G225600,38.78737372,8,5.38E-06,3.61E-05,Potri.006G225600
Potri.008G079900,38.75401188,8,5.46E-06,3.66E-05,Potri.008G079900
Potri.001G461200,38.7524846,8,5.46E-06,3.66E-05,Potri.001G461200
Potri.018G063600,38.7427422,8,5.49E-06,3.68E-05,Potri.018G063600
Potri.008G113900,38.73629006,8,5.50E-06,3.69E-05,Potri.008G113900
Potri.019G106300,38.68929118,8,5.61E-06,3.76E-05,Potri.019G106300
Potri.006G111400,38.64651622,8,5.72E-06,3.83E-05,Potri.006G111400
Potri.010G201700,38.61556407,8,5.79E-06,3.88E-05,Potri.010G201700
Potri.001G108400,38.58785976,8,5.86E-06,3.93E-05,Potri.001G108400
Potri.005G119500,38.5823285,8,5.87E-06,3.93E-05,Potri.005G119500
Potri.001G386900,38.55059658,8,5.95E-06,3.99E-05,Potri.001G386900
Potri.001G187200,38.54643279,8,5.97E-06,3.99E-05,Potri.001G187200
Potri.006G186800,38.5303921,8,6.01E-06,4.02E-05,Potri.006G186800
Potri.016G119400,38.52176587,8,6.03E-06,4.03E-05,Potri.016G119400
Potri.010G069200,38.51992616,8,6.03E-06,4.03E-05,Potri.010G069200
Potri.001G026100,38.50427949,8,6.07E-06,4.06E-05,Potri.001G026100
Potri.015G041800,38.44564656,8,6.23E-06,4.16E-05,Potri.015G041800
Potri.001G429890,38.44341511,8,6.23E-06,4.17E-05,Potri.001G429890
Potri.008G033900,38.41593549,8,6.31E-06,4.21E-05,Potri.008G033900
Potri.008G204000,38.41370286,8,6.31E-06,4.22E-05,Potri.008G204000
Potri.017G150000,38.40680045,8,6.33E-06,4.23E-05,Potri.017G150000
Potri.002G065200,38.3802697,8,6.40E-06,4.28E-05,Potri.002G065200
Potri.010G158400,38.34047613,8,6.51E-06,4.35E-05,Potri.010G158400
Potri.001G253200,38.32817215,8,6.55E-06,4.37E-05,Potri.001G253200
Potri.008G175400,38.31888446,8,6.57E-06,4.39E-05,Potri.008G175400
Potri.003G210200,38.30669005,8,6.61E-06,4.41E-05,Potri.003G210200
Potri.003G197701,38.25729482,8,6.75E-06,4.50E-05,Potri.003G197701
Potri.009G096800,38.25360431,8,6.76E-06,4.51E-05,Potri.009G096800
Potri.010G068300,38.24316891,8,6.79E-06,4.52E-05,Potri.010G068300
Potri.004G084800,38.23391795,8,6.81E-06,4.54E-05,Potri.004G084800
Potri.001G329100,38.21601508,8,6.87E-06,4.58E-05,Potri.001G329100
Potri.006G210700,38.20898887,8,6.89E-06,4.59E-05,Potri.006G210700
Potri.018G094000,38.19549735,8,6.93E-06,4.61E-05,Potri.018G094000
Potri.004G088500,38.19247474,8,6.94E-06,4.62E-05,Potri.004G088500
Potri.015G137900,38.14499661,8,7.08E-06,4.71E-05,Potri.015G137900
Potri.007G128300,38.12910701,8,7.13E-06,4.74E-05,Potri.007G128300
Potri.009G089600,38.12272406,8,7.15E-06,4.75E-05,Potri.009G089600
Potri.002G209795,38.11920882,8,7.16E-06,4.76E-05,Potri.002G209795
Potri.009G063300,38.11808886,8,7.16E-06,4.76E-05,Potri.009G063300
Potri.018G004400,38.11668987,8,7.16E-06,4.76E-05,Potri.018G004400
Potri.010G204000,38.11568183,8,7.17E-06,4.76E-05,Potri.010G204000
Potri.007G099900,38.11459162,8,7.17E-06,4.76E-05,Potri.007G099900
Potri.017G003689,38.066269,8,7.32E-06,4.86E-05,Potri.017G003689
Potri.016G128500,38.05218948,8,7.36E-06,4.89E-05,Potri.016G128500
Potri.007G013000,38.04567497,8,7.38E-06,4.90E-05,Potri.007G013000
Potri.014G031000,38.04538254,8,7.38E-06,4.90E-05,Potri.014G031000
Potri.019G073900,38.03099307,8,7.43E-06,4.93E-05,Potri.019G073900
Potri.017G016000,38.01941126,8,7.47E-06,4.95E-05,Potri.017G016000
Potri.009G030400,38.01142065,8,7.49E-06,4.97E-05,Potri.009G030400
Potri.014G154200,37.9940294,8,7.55E-06,5.01E-05,Potri.014G154200
Potri.008G115900,37.97781123,8,7.60E-06,5.04E-05,Potri.008G115900
Potri.013G096600,37.96137254,8,7.65E-06,5.07E-05,Potri.013G096600
Potri.009G069300,37.95848885,8,7.66E-06,5.08E-05,Potri.009G069300
Potri.018G057200,37.9219596,8,7.78E-06,5.16E-05,Potri.018G057200
Potri.015G077600,37.90413237,8,7.84E-06,5.20E-05,Potri.015G077600
Potri.008G095700,37.90188676,8,7.85E-06,5.20E-05,Potri.008G095700
Potri.005G004500,37.88856481,8,7.89E-06,5.23E-05,Potri.005G004500
Potri.014G103100,37.87028456,8,7.96E-06,5.27E-05,Potri.014G103100
Potri.014G104600,37.87001193,8,7.96E-06,5.27E-05,Potri.014G104600
Potri.001G216500,37.86867517,8,7.96E-06,5.27E-05,Potri.001G216500
Potri.019G100901,37.86565745,8,7.97E-06,5.27E-05,Potri.019G100901
Potri.014G120300,37.86347431,8,7.98E-06,5.28E-05,Potri.014G120300
Potri.016G053400,37.859934,8,7.99E-06,5.28E-05,Potri.016G053400
Potri.014G083900,37.85164101,8,8.02E-06,5.30E-05,Potri.014G083900
Potri.002G082500,37.8410139,8,8.05E-06,5.32E-05,Potri.002G082500
Potri.010G241700,37.82070516,8,8.12E-06,5.37E-05,Potri.010G241700
Potri.015G070500,37.78991148,8,8.23E-06,5.44E-05,Potri.015G070500
Potri.004G208700,37.78987779,8,8.23E-06,5.44E-05,Potri.004G208700
Potri.012G002700,37.78582926,8,8.25E-06,5.45E-05,Potri.012G002700
Potri.008G130300,37.77231171,8,8.29E-06,5.48E-05,Potri.008G130300
Potri.002G238800,37.72780284,8,8.45E-06,5.58E-05,Potri.002G238800
Potri.001G162000,37.72609117,8,8.46E-06,5.58E-05,Potri.001G162000
Potri.001G326200,37.71585159,8,8.49E-06,5.60E-05,Potri.001G326200
Potri.001G132900,37.71481332,8,8.50E-06,5.61E-05,Potri.001G132900
Potri.003G005800,37.69057137,8,8.59E-06,5.66E-05,Potri.003G005800
Potri.010G078300,37.68897498,8,8.59E-06,5.66E-05,Potri.010G078300
Potri.009G032100,37.688423,8,8.59E-06,5.66E-05,Potri.009G032100
Potri.001G163700,37.66725721,8,8.67E-06,5.71E-05,Potri.001G163700
Potri.009G130600,37.64154584,8,8.77E-06,5.78E-05,Potri.009G130600
Potri.016G143000,37.63769389,8,8.78E-06,5.78E-05,Potri.016G143000
Potri.012G005500,37.63667104,8,8.79E-06,5.79E-05,Potri.012G005500
Potri.009G124100,37.62216594,8,8.84E-06,5.82E-05,Potri.009G124100
Potri.004G065800,37.62129794,8,8.84E-06,5.82E-05,Potri.004G065800
Potri.002G206300,37.60325388,8,8.91E-06,5.86E-05,Potri.002G206300
Potri.001G293600,37.59894218,8,8.93E-06,5.87E-05,Potri.001G293600
Potri.001G082500,37.53959822,8,9.16E-06,6.02E-05,Potri.001G082500
Potri.010G251800,37.52713707,8,9.20E-06,6.05E-05,Potri.010G251800
Potri.008G101500,37.52314198,8,9.22E-06,6.06E-05,Potri.008G101500
Potri.001G207900,37.51500769,8,9.25E-06,6.08E-05,Potri.001G207900
Potri.007G014200,37.4945806,8,9.33E-06,6.13E-05,Potri.007G014200
Potri.008G049600,37.4891156,8,9.35E-06,6.14E-05,Potri.008G049600
Potri.017G103101,37.48697244,8,9.36E-06,6.15E-05,Potri.017G103101
Potri.003G143000,37.48612693,8,9.37E-06,6.15E-05,Potri.003G143000
Potri.008G028600,37.48366315,8,9.38E-06,6.15E-05,Potri.008G028600
Potri.005G116800,37.48047378,8,9.39E-06,6.16E-05,Potri.005G116800
Potri.016G095750,37.47089071,8,9.43E-06,6.19E-05,Potri.016G095750
Potri.006G077900,37.44595095,8,9.53E-06,6.25E-05,Potri.006G077900
Potri.008G149500,37.44342787,8,9.54E-06,6.25E-05,Potri.008G149500
Potri.001G164700,37.43954186,8,9.55E-06,6.26E-05,Potri.001G164700
Potri.003G034900,37.42751353,8,9.60E-06,6.29E-05,Potri.003G034900
Potri.004G203000,37.42145578,8,9.63E-06,6.31E-05,Potri.004G203000
Potri.012G016600,37.41894443,8,9.64E-06,6.31E-05,Potri.012G016600
Potri.014G044000,37.40645753,8,9.69E-06,6.35E-05,Potri.014G044000
Potri.017G139800,37.40145179,8,9.71E-06,6.36E-05,Potri.017G139800
Potri.001G175600,37.39880917,8,9.72E-06,6.36E-05,Potri.001G175600
Potri.005G160700,37.35669817,8,9.89E-06,6.48E-05,Potri.005G160700
Potri.001G184000,37.32387523,8,1.00E-05,6.57E-05,Potri.001G184000
Potri.008G154200,37.2943038,8,1.02E-05,6.65E-05,Potri.008G154200
Potri.009G135400,37.2691035,8,1.03E-05,6.72E-05,Potri.009G135400
Potri.005G003900,37.26622206,8,1.03E-05,6.72E-05,Potri.005G003900
Potri.008G181700,37.22483997,8,1.05E-05,6.84E-05,Potri.008G181700
Potri.003G094000,37.20579204,8,1.05E-05,6.90E-05,Potri.003G094000
Potri.005G218200,37.20352941,8,1.06E-05,6.90E-05,Potri.005G218200
Potri.009G052600,37.1888595,8,1.06E-05,6.94E-05,Potri.009G052600
Potri.006G243300,37.17030979,8,1.07E-05,6.99E-05,Potri.006G243300
Potri.005G139200,37.17025916,8,1.07E-05,6.99E-05,Potri.005G139200
Potri.010G201100,37.15856186,8,1.08E-05,7.03E-05,Potri.010G201100
Potri.001G320700,37.15337031,8,1.08E-05,7.04E-05,Potri.001G320700
Potri.011G088400,37.14684564,8,1.08E-05,7.06E-05,Potri.011G088400
Potri.010G210100,37.10238483,8,1.10E-05,7.19E-05,Potri.010G210100
Potri.001G123600,37.07830107,8,1.11E-05,7.26E-05,Potri.001G123600
Potri.007G050800,37.07665468,8,1.11E-05,7.27E-05,Potri.007G050800
Potri.008G032600,37.07000766,8,1.12E-05,7.29E-05,Potri.008G032600
Potri.014G110500,37.06556839,8,1.12E-05,7.30E-05,Potri.014G110500
Potri.014G137550,37.06066948,8,1.12E-05,7.31E-05,Potri.014G137550
Potri.006G229400,37.05877792,8,1.12E-05,7.32E-05,Potri.006G229400
Potri.011G071200,37.04887517,8,1.13E-05,7.34E-05,Potri.011G071200
Potri.003G152300,37.02616184,8,1.14E-05,7.41E-05,Potri.003G152300
Potri.016G132000,37.01310587,8,1.14E-05,7.45E-05,Potri.016G132000
Potri.010G116600,36.98990756,8,1.16E-05,7.53E-05,Potri.010G116600
Potri.012G125000,36.97856123,8,1.16E-05,7.56E-05,Potri.012G125000
Potri.001G179600,36.95937102,8,1.17E-05,7.62E-05,Potri.001G179600
Potri.001G094100,36.95027645,8,1.18E-05,7.65E-05,Potri.001G094100
Potri.017G096800,36.9484463,8,1.18E-05,7.65E-05,Potri.017G096800
Potri.009G007200,36.94594324,8,1.18E-05,7.66E-05,Potri.009G007200
Potri.008G116600,36.88557942,8,1.21E-05,7.85E-05,Potri.008G116600
Potri.003G180500,36.8773864,8,1.21E-05,7.88E-05,Potri.003G180500
Potri.002G172000,36.86276161,8,1.22E-05,7.93E-05,Potri.002G172000
Potri.006G013200,36.85779687,8,1.22E-05,7.94E-05,Potri.006G013200
Potri.001G062100,36.82088959,8,1.24E-05,8.06E-05,Potri.001G062100
Potri.009G028800,36.81589137,8,1.24E-05,8.08E-05,Potri.009G028800
Potri.008G090600,36.8041367,8,1.25E-05,8.12E-05,Potri.008G090600
Potri.T124407,36.79490338,8,1.26E-05,8.15E-05,Potri.T124407
Potri.007G086800,36.79302727,8,1.26E-05,8.15E-05,Potri.007G086800
Potri.014G121300,36.78849758,8,1.26E-05,8.17E-05,Potri.014G121300
Potri.006G272900,36.78099342,8,1.26E-05,8.19E-05,Potri.006G272900
Potri.005G172800,36.76267599,8,1.27E-05,8.25E-05,Potri.005G172800
Potri.002G098700,36.76055261,8,1.27E-05,8.26E-05,Potri.002G098700
Potri.010G198100,36.75795008,8,1.28E-05,8.27E-05,Potri.010G198100
Potri.005G247100,36.75131405,8,1.28E-05,8.29E-05,Potri.005G247100
Potri.005G236800,36.74946719,8,1.28E-05,8.29E-05,Potri.005G236800
Potri.016G053900,36.73426193,8,1.29E-05,8.34E-05,Potri.016G053900
Potri.001G459500,36.73194247,8,1.29E-05,8.35E-05,Potri.001G459500
Potri.004G005500,36.72929681,8,1.29E-05,8.36E-05,Potri.004G005500
Potri.004G176400,36.68872508,8,1.31E-05,8.50E-05,Potri.004G176400
Potri.018G016600,36.68780336,8,1.31E-05,8.50E-05,Potri.018G016600
Potri.013G118000,36.68327185,8,1.32E-05,8.51E-05,Potri.013G118000
Potri.018G119600,36.66080019,8,1.33E-05,8.59E-05,Potri.018G119600
Potri.001G410100,36.65863282,8,1.33E-05,8.60E-05,Potri.001G410100
Potri.006G230300,36.65429683,8,1.33E-05,8.61E-05,Potri.006G230300
Potri.001G403400,36.65274376,8,1.33E-05,8.62E-05,Potri.001G403400
Potri.006G123000,36.6501572,8,1.33E-05,8.62E-05,Potri.006G123000
Potri.006G126300,36.64535878,8,1.34E-05,8.64E-05,Potri.006G126300
Potri.003G135000,36.63536919,8,1.34E-05,8.68E-05,Potri.003G135000
Potri.010G101200,36.62808858,8,1.35E-05,8.70E-05,Potri.010G101200
Potri.004G114800,36.61050537,8,1.36E-05,8.76E-05,Potri.004G114800
Potri.012G133400,36.6056103,8,1.36E-05,8.78E-05,Potri.012G133400
Potri.003G173400,36.60521902,8,1.36E-05,8.78E-05,Potri.003G173400
Potri.012G042300,36.60053531,8,1.36E-05,8.79E-05,Potri.012G042300
Potri.010G160700,36.59634072,8,1.37E-05,8.81E-05,Potri.010G160700
Potri.005G109700,36.58307179,8,1.37E-05,8.85E-05,Potri.005G109700
Potri.002G033400,36.57692848,8,1.38E-05,8.88E-05,Potri.002G033400
Potri.001G332800,36.57242898,8,1.38E-05,8.89E-05,Potri.001G332800
Potri.002G154700,36.54992764,8,1.39E-05,8.97E-05,Potri.002G154700
Potri.013G047400,36.54779697,8,1.39E-05,8.98E-05,Potri.013G047400
Potri.005G124300,36.50080487,8,1.42E-05,9.16E-05,Potri.005G124300
Potri.007G115800,36.46333332,8,1.44E-05,9.30E-05,Potri.007G115800
Potri.003G186600,36.45103027,8,1.45E-05,9.35E-05,Potri.003G186600
Potri.016G132300,36.44993423,8,1.45E-05,9.35E-05,Potri.016G132300
Potri.010G110700,36.44931751,8,1.45E-05,9.35E-05,Potri.010G110700
Potri.002G070101,36.43414092,8,1.46E-05,9.41E-05,Potri.002G070101
Potri.001G426200,36.43225639,8,1.46E-05,9.41E-05,Potri.001G426200
Potri.008G150200,36.42242531,8,1.47E-05,9.45E-05,Potri.008G150200
Potri.013G077000,36.42231786,8,1.47E-05,9.45E-05,Potri.013G077000
Potri.004G068150,36.41021701,8,1.48E-05,9.50E-05,Potri.004G068150
Potri.015G134900,36.39075388,8,1.49E-05,9.57E-05,Potri.015G134900
Potri.015G003300,36.38600971,8,1.49E-05,9.59E-05,Potri.015G003300
Potri.003G048800,36.37400723,8,1.50E-05,9.64E-05,Potri.003G048800
Potri.018G145532,36.34849386,8,1.52E-05,9.74E-05,Potri.018G145532
Potri.019G089700,36.34341313,8,1.52E-05,9.76E-05,Potri.019G089700
Potri.001G332100,36.34277149,8,1.52E-05,9.76E-05,Potri.001G332100
Potri.010G220100,36.31444059,8,1.54E-05,9.87E-05,Potri.010G220100
Potri.011G049400,36.31203202,8,1.54E-05,9.88E-05,Potri.011G049400
Potri.002G152900,36.29405432,8,1.55E-05,9.95E-05,Potri.002G152900
Potri.008G129500,36.28469824,8,1.56E-05,9.99E-05,Potri.008G129500
Potri.011G087900,36.26166688,8,1.57E-05,0.000100849,Potri.011G087900
Potri.001G118400,36.24331331,8,1.58E-05,0.00010161,Potri.001G118400
Potri.001G470200,36.19338948,8,1.62E-05,0.000103749,Potri.001G470200
Potri.013G012900,36.19060857,8,1.62E-05,0.000103848,Potri.013G012900
Potri.006G214000,36.18145863,8,1.63E-05,0.000104226,Potri.006G214000
Potri.012G022700,36.18055001,8,1.63E-05,0.000104242,Potri.012G022700
Potri.007G136700,36.1752769,8,1.63E-05,0.00010445,Potri.007G136700
Potri.010G107300,36.1736742,8,1.63E-05,0.000104497,Potri.010G107300
Potri.007G107100,36.17267932,8,1.63E-05,0.000104518,Potri.007G107100
Potri.018G066300,36.16677368,8,1.64E-05,0.000104755,Potri.018G066300
Potri.006G215000,36.15491741,8,1.64E-05,0.000105256,Potri.006G215000
Potri.006G086900,36.11512703,8,1.67E-05,0.000107013,Potri.006G086900
Potri.004G053600,36.08309271,8,1.70E-05,0.000108444,Potri.004G053600
Potri.005G107700,36.01380439,8,1.75E-05,0.000111634,Potri.005G107700
Potri.011G062950,35.99242733,8,1.76E-05,0.000112619,Potri.011G062950
Potri.006G168400,35.96593286,8,1.78E-05,0.000113857,Potri.006G168400
Potri.002G096500,35.94485234,8,1.80E-05,0.000114847,Potri.002G096500
Potri.010G189000,35.93577164,8,1.80E-05,0.000115262,Potri.010G189000
Potri.005G028800,35.9330334,8,1.81E-05,0.000115369,Potri.005G028800
Potri.002G256400,35.91907733,8,1.82E-05,0.000116023,Potri.002G256400
Potri.001G089500,35.89695898,8,1.83E-05,0.000117083,Potri.001G089500
Potri.007G074800,35.89082159,8,1.84E-05,0.000117359,Potri.007G074800
Potri.005G086300,35.85937286,8,1.86E-05,0.000118898,Potri.005G086300
Potri.014G080300,35.85748417,8,1.86E-05,0.000118965,Potri.014G080300
Potri.008G080900,35.85477725,8,1.87E-05,0.000119074,Potri.008G080900
Potri.002G191700,35.85328877,8,1.87E-05,0.000119122,Potri.002G191700
Potri.004G141400,35.82911146,8,1.89E-05,0.000120314,Potri.004G141400
Potri.001G139500,35.81635516,8,1.90E-05,0.000120935,Potri.001G139500
Potri.005G053700,35.75641548,8,1.95E-05,0.000123998,Potri.005G053700
Potri.014G160000,35.74841687,8,1.95E-05,0.000124388,Potri.014G160000
Potri.001G318700,35.74013532,8,1.96E-05,0.000124795,Potri.001G318700
Potri.011G112700,35.72955994,8,1.97E-05,0.000125323,Potri.011G112700
Potri.006G187700,35.68326518,8,2.01E-05,0.000127761,Potri.006G187700
Potri.004G203200,35.67990949,8,2.01E-05,0.000127912,Potri.004G203200
Potri.015G066500,35.67002628,8,2.02E-05,0.000128417,Potri.015G066500
Potri.013G003400,35.66688834,8,2.02E-05,0.000128557,Potri.013G003400
Potri.014G156800,35.66087214,8,2.03E-05,0.000128854,Potri.014G156800
Potri.006G060500,35.65607066,8,2.03E-05,0.000129086,Potri.006G060500
Potri.013G116800,35.636784,8,2.05E-05,0.000130108,Potri.013G116800
Potri.006G208100,35.6206565,8,2.06E-05,0.000130965,Potri.006G208100
Potri.006G046800,35.61113378,8,2.07E-05,0.000131461,Potri.006G046800
Potri.014G123700,35.60505321,8,2.07E-05,0.000131768,Potri.014G123700
Potri.011G051500,35.59642279,8,2.08E-05,0.000132218,Potri.011G051500
Potri.017G086800,35.58213665,8,2.09E-05,0.000132985,Potri.017G086800
Potri.001G331900,35.55124634,8,2.12E-05,0.000134694,Potri.001G331900
Potri.009G119700,35.54685083,8,2.13E-05,0.000134913,Potri.009G119700
Potri.009G068300,35.52571683,8,2.14E-05,0.000136086,Potri.009G068300
Potri.010G150900,35.52369798,8,2.15E-05,0.000136171,Potri.010G150900
Potri.001G420700,35.50693313,8,2.16E-05,0.000137104,Potri.001G420700
Potri.014G023200,35.45932775,8,2.20E-05,0.000139845,Potri.014G023200
Potri.019G014368,35.45436235,8,2.21E-05,0.000140105,Potri.019G014368
Potri.002G011400,35.45381651,8,2.21E-05,0.000140106,Potri.002G011400
Potri.007G028600,35.44569327,8,2.22E-05,0.000140554,Potri.007G028600
Potri.008G216600,35.44395173,8,2.22E-05,0.000140625,Potri.008G216600
Potri.001G030750,35.43020951,8,2.23E-05,0.000141408,Potri.001G030750
Potri.010G076600,35.42132693,8,2.24E-05,0.000141905,Potri.010G076600
Potri.003G202100,35.41150853,8,2.25E-05,0.000142437,Potri.003G202100
Potri.006G095800,35.41137106,8,2.25E-05,0.000142437,Potri.006G095800
Potri.002G100700,35.39054952,8,2.27E-05,0.000143656,Potri.002G100700
Potri.006G147600,35.37944347,8,2.28E-05,0.000144296,Potri.006G147600
Potri.004G157200,35.37385934,8,2.29E-05,0.000144603,Potri.004G157200
Potri.008G040300,35.37108523,8,2.29E-05,0.000144739,Potri.008G040300
Potri.006G047600,35.3620329,8,2.30E-05,0.000145258,Potri.006G047600
Potri.001G239200,35.36043391,8,2.30E-05,0.000145323,Potri.001G239200
Potri.008G179100,35.35018016,8,2.31E-05,0.000145918,Potri.008G179100
Potri.006G102700,35.34044997,8,2.32E-05,0.000146483,Potri.006G102700
Potri.004G077800,35.30202152,8,2.36E-05,0.000148834,Potri.004G077800
Potri.006G149400,35.29606087,8,2.36E-05,0.000149174,Potri.006G149400
Potri.016G069200,35.29154726,8,2.37E-05,0.000149423,Potri.016G069200
Potri.006G213300,35.27535045,8,2.38E-05,0.00015041,Potri.006G213300
Potri.001G418800,35.25483323,8,2.40E-05,0.000151677,Potri.001G418800
Potri.010G230300,35.24352176,8,2.41E-05,0.000152366,Potri.010G230300
Potri.013G113700,35.23756476,8,2.42E-05,0.000152713,Potri.013G113700
Potri.005G111000,35.23421576,8,2.42E-05,0.000152894,Potri.005G111000
Potri.005G146700,35.22895191,8,2.43E-05,0.000153198,Potri.005G146700
Potri.017G067400,35.21707104,8,2.44E-05,0.00015393,Potri.017G067400
Potri.003G201900,35.21253853,8,2.45E-05,0.000154189,Potri.003G201900
Potri.018G104000,35.19968984,8,2.46E-05,0.000154988,Potri.018G104000
Potri.005G161500,35.1885723,8,2.47E-05,0.000155679,Potri.005G161500
Potri.008G013500,35.17828341,8,2.48E-05,0.000156318,Potri.008G013500
Potri.017G085500,35.16922367,8,2.49E-05,0.000156878,Potri.017G085500
Potri.001G421200,35.16751654,8,2.49E-05,0.000156956,Potri.001G421200
Potri.015G097700,35.16304444,8,2.50E-05,0.000157216,Potri.015G097700
Potri.012G081500,35.15625017,8,2.50E-05,0.00015763,Potri.012G081500
Potri.002G179600,35.15546281,8,2.51E-05,0.000157645,Potri.002G179600
Potri.012G044600,35.1549567,8,2.51E-05,0.000157645,Potri.012G044600
Potri.010G109900,35.14471821,8,2.52E-05,0.000158289,Potri.010G109900
Potri.010G033000,35.1410293,8,2.52E-05,0.000158499,Potri.010G033000
Potri.017G113200,35.13550025,8,2.53E-05,0.000158832,Potri.017G113200
Potri.005G152800,35.13173476,8,2.53E-05,0.000159048,Potri.005G152800
Potri.014G032900,35.1309916,8,2.53E-05,0.000159062,Potri.014G032900
Potri.006G254700,35.12520379,8,2.54E-05,0.000159413,Potri.006G254700
Potri.002G101101,35.1110959,8,2.55E-05,0.000160324,Potri.002G101101
Potri.002G174700,35.10869266,8,2.55E-05,0.000160451,Potri.002G174700
Potri.002G115501,35.09817921,8,2.57E-05,0.000161124,Potri.002G115501
Potri.007G001800,35.08427525,8,2.58E-05,0.000162031,Potri.007G001800
Potri.012G000800,35.06657142,8,2.60E-05,0.000163203,Potri.012G000800
Potri.013G035600,35.04887902,8,2.62E-05,0.000164382,Potri.013G035600
Potri.001G359500,35.04429386,8,2.62E-05,0.000164662,Potri.001G359500
Potri.001G112400,35.01824698,8,2.65E-05,0.00016642,Potri.001G112400
Potri.002G159300,35.01792621,8,2.65E-05,0.00016642,Potri.002G159300
Potri.015G049500,35.00200351,8,2.67E-05,0.000167498,Potri.015G049500
Potri.005G170600,34.99277295,8,2.68E-05,0.00016811,Potri.005G170600
Potri.002G052300,34.97692716,8,2.70E-05,0.000169194,Potri.002G052300
Potri.001G334300,34.97455581,8,2.70E-05,0.000169324,Potri.001G334300
Potri.014G188400,34.95836424,8,2.72E-05,0.00017044,Potri.014G188400
Potri.008G063000,34.9270561,8,2.76E-05,0.000172654,Potri.008G063000
Potri.001G082150,34.88784488,8,2.80E-05,0.000175477,Potri.001G082150
Potri.015G094200,34.88510973,8,2.81E-05,0.000175639,Potri.015G094200
Potri.013G040700,34.87686465,8,2.82E-05,0.000176208,Potri.013G040700
Potri.004G111000,34.81089396,8,2.89E-05,0.000181108,Potri.004G111000
Potri.005G196500,34.80633295,8,2.90E-05,0.000181414,Potri.005G196500
Potri.003G157500,34.78795634,8,2.92E-05,0.000182776,Potri.003G157500
Potri.014G074600,34.78046475,8,2.93E-05,0.00018331,Potri.014G074600
Potri.009G099200,34.77272519,8,2.94E-05,0.000183865,Potri.009G099200
Potri.016G129700,34.75770955,8,2.96E-05,0.000184984,Potri.016G129700
Potri.009G137000,34.74421995,8,2.98E-05,0.000185991,Potri.009G137000
Potri.014G014900,34.73456768,8,2.99E-05,0.000186703,Potri.014G014900
Potri.014G170700,34.72250192,8,3.00E-05,0.000187608,Potri.014G170700
Potri.005G230500,34.70350877,8,3.03E-05,0.000189064,Potri.005G230500
Potri.014G004100,34.67387888,8,3.07E-05,0.000191382,Potri.014G004100
Potri.002G094900,34.66388145,8,3.08E-05,0.000192142,Potri.002G094900
Potri.002G192200,34.66220925,8,3.08E-05,0.000192235,Potri.002G192200
Potri.005G213500,34.65720931,8,3.09E-05,0.000192595,Potri.005G213500
Potri.012G077200,34.6560468,8,3.09E-05,0.000192646,Potri.012G077200
Potri.010G037800,34.60537809,8,3.15E-05,0.000196716,Potri.010G037800
Potri.012G039200,34.60504984,8,3.16E-05,0.000196716,Potri.012G039200
Potri.003G104200,34.59851178,8,3.16E-05,0.000197212,Potri.003G104200
Potri.015G009300,34.59115068,8,3.17E-05,0.000197777,Potri.015G009300
Potri.009G170550,34.58229894,8,3.19E-05,0.000198467,Potri.009G170550
Potri.007G099800,34.56836837,8,3.20E-05,0.000199583,Potri.007G099800
Potri.014G060200,34.56455282,8,3.21E-05,0.000199858,Potri.014G060200
Potri.006G242500,34.5611006,8,3.21E-05,0.0002001,Potri.006G242500
Potri.005G102500,34.56061556,8,3.21E-05,0.0002001,Potri.005G102500
Potri.006G230900,34.55754425,8,3.22E-05,0.000200313,Potri.006G230900
Potri.013G112900,34.55524724,8,3.22E-05,0.000200462,Potri.013G112900
Potri.007G082800,34.53008509,8,3.26E-05,0.000202539,Potri.007G082800
Potri.017G133200,34.51026101,8,3.28E-05,0.000204181,Potri.017G133200
Potri.002G145200,34.50909433,8,3.28E-05,0.000204235,Potri.002G145200
Potri.003G015100,34.50188176,8,3.29E-05,0.000204807,Potri.003G015100
Potri.005G247051,34.4747388,8,3.33E-05,0.000207101,Potri.005G247051
Potri.018G075000,34.47304756,8,3.33E-05,0.000207202,Potri.018G075000
Potri.011G125400,34.45203736,8,3.36E-05,0.000208984,Potri.011G125400
Potri.007G139200,34.44032938,8,3.38E-05,0.000209964,Potri.007G139200
Potri.003G163600,34.43333726,8,3.39E-05,0.000210533,Potri.003G163600
Potri.012G098000,34.41502558,8,3.42E-05,0.000212104,Potri.012G098000
Potri.004G184500,34.41176492,8,3.42E-05,0.000212339,Potri.004G184500
Potri.011G116700,34.41132987,8,3.42E-05,0.000212339,Potri.011G116700
Potri.013G072000,34.40590093,8,3.43E-05,0.000212775,Potri.013G072000
Potri.018G003700,34.3964906,8,3.44E-05,0.000213567,Potri.018G003700
Potri.004G175300,34.37706028,8,3.47E-05,0.000215262,Potri.004G175300
Potri.016G097000,34.37375508,8,3.48E-05,0.000215512,Potri.016G097000
Potri.002G161500,34.36972576,8,3.48E-05,0.000215828,Potri.002G161500
Potri.004G014401,34.36414261,8,3.49E-05,0.000216285,Potri.004G014401
Potri.004G232400,34.33612542,8,3.53E-05,0.000218785,Potri.004G232400
Potri.010G046000,34.30667868,8,3.57E-05,0.000221445,Potri.010G046000
Potri.004G014000,34.30165604,8,3.58E-05,0.000221862,Potri.004G014000
Potri.016G036300,34.29843989,8,3.59E-05,0.000222112,Potri.016G036300
Potri.008G090500,34.27195516,8,3.63E-05,0.000224534,Potri.008G090500
Potri.003G087800,34.25861838,8,3.65E-05,0.000225739,Potri.003G087800
Potri.002G247700,34.22836653,8,3.69E-05,0.00022856,Potri.002G247700
Potri.004G172100,34.22636718,8,3.70E-05,0.000228701,Potri.004G172100
Potri.013G124400,34.20778581,8,3.73E-05,0.000230433,Potri.013G124400
Potri.014G039900,34.19376088,8,3.75E-05,0.000231736,Potri.014G039900
Potri.002G143000,34.17890786,8,3.77E-05,0.000233127,Potri.002G143000
Potri.018G043800,34.16939014,8,3.79E-05,0.000234004,Potri.018G043800
Potri.005G121850,34.16756068,8,3.79E-05,0.000234132,Potri.005G121850
Potri.014G077400,34.16490164,8,3.79E-05,0.000234341,Potri.014G077400
Potri.012G089500,34.16144402,8,3.80E-05,0.000234628,Potri.012G089500
Potri.018G026000,34.13414877,8,3.84E-05,0.000237266,Potri.018G026000
Potri.009G076600,34.11128024,8,3.88E-05,0.000239489,Potri.009G076600
Potri.009G065300,34.10491537,8,3.89E-05,0.000240074,Potri.009G065300
Potri.015G080100,34.07959467,8,3.93E-05,0.000242572,Potri.015G080100
Potri.007G065500,34.07085803,8,3.94E-05,0.000243405,Potri.007G065500
Potri.008G205300,34.06303905,8,3.96E-05,0.000244147,Potri.008G205300
Potri.017G111700,34.05562269,8,3.97E-05,0.000244851,Potri.017G111700
Potri.001G129100,34.02590372,8,4.02E-05,0.000247852,Potri.001G129100
Potri.002G237600,34.02041756,8,4.03E-05,0.000248366,Potri.002G237600
Potri.001G032800,34.00415027,8,4.06E-05,0.000250003,Potri.001G032800
Potri.007G102800,33.99402828,8,4.07E-05,0.000251006,Potri.007G102800
Potri.002G148200,33.98083791,8,4.10E-05,0.000252336,Potri.002G148200
Potri.001G037200,33.95926193,8,4.13E-05,0.000254562,Potri.001G037200
Potri.003G167600,33.95478483,8,4.14E-05,0.000254982,Potri.003G167600
Potri.015G131200,33.95415994,8,4.14E-05,0.000254993,Potri.015G131200
Potri.008G117200,33.95149044,8,4.15E-05,0.000255222,Potri.008G117200
Potri.018G140500,33.94890308,8,4.15E-05,0.000255363,Potri.018G140500
Potri.001G275400,33.9486336,8,4.15E-05,0.000255363,Potri.001G275400
Potri.001G345500,33.94859846,8,4.15E-05,0.000255363,Potri.001G345500
Potri.010G002100,33.94710306,8,4.15E-05,0.000255467,Potri.010G002100
Potri.012G095100,33.94506436,8,4.16E-05,0.000255629,Potri.012G095100
Potri.012G060600,33.93215412,8,4.18E-05,0.000256953,Potri.012G060600
Potri.002G099700,33.92639743,8,4.19E-05,0.000257514,Potri.002G099700
Potri.017G017400,33.91442836,8,4.21E-05,0.000258747,Potri.017G017400
Potri.005G047500,33.88997281,8,4.25E-05,0.000261342,Potri.005G047500
Potri.018G076500,33.88937057,8,4.25E-05,0.000261351,Potri.018G076500
Potri.001G259000,33.88196166,8,4.27E-05,0.000262103,Potri.001G259000
Potri.016G110900,33.87863638,8,4.27E-05,0.000262409,Potri.016G110900
Potri.001G050600,33.86216951,8,4.30E-05,0.00026416,Potri.001G050600
Potri.005G000500,33.8599043,8,4.31E-05,0.000264352,Potri.005G000500
Potri.010G210400,33.84946007,8,4.33E-05,0.000265448,Potri.010G210400
Potri.005G220700,33.84839874,8,4.33E-05,0.000265507,Potri.005G220700
Potri.008G165200,33.82806929,8,4.36E-05,0.000267709,Potri.008G165200
Potri.012G034300,33.82662053,8,4.37E-05,0.000267813,Potri.012G034300
Potri.013G129900,33.81755723,8,4.38E-05,0.000268768,Potri.013G129900
Potri.005G214850,33.80451173,8,4.41E-05,0.000270175,Potri.005G214850
Potri.007G142000,33.79477003,8,4.43E-05,0.000271215,Potri.007G142000
Potri.008G029300,33.77308145,8,4.47E-05,0.000273618,Potri.008G029300
Potri.004G087300,33.74284056,8,4.52E-05,0.000277027,Potri.004G087300
Potri.006G093700,33.70108883,8,4.60E-05,0.000281827,Potri.006G093700
Potri.005G050700,33.69317531,8,4.62E-05,0.000282696,Potri.005G050700
Potri.019G023700,33.68440552,8,4.63E-05,0.000283669,Potri.019G023700
Potri.002G016600,33.63006556,8,4.74E-05,0.000290098,Potri.002G016600
Potri.001G149400,33.61582484,8,4.77E-05,0.00029176,Potri.001G149400
Potri.002G190300,33.61023051,8,4.78E-05,0.000292377,Potri.002G190300
Potri.002G263600,33.58061211,8,4.84E-05,0.00029594,Potri.002G263600
Potri.008G115600,33.56164348,8,4.88E-05,0.000298221,Potri.008G115600
Potri.003G030400,33.55165329,8,4.90E-05,0.000299399,Potri.003G030400
Potri.014G195000,33.5482628,8,4.90E-05,0.000299757,Potri.014G195000
Potri.003G128200,33.52934084,8,4.94E-05,0.000302062,Potri.003G128200
Potri.001G117900,33.52458538,8,4.95E-05,0.000302595,Potri.001G117900
Potri.002G026800,33.52216244,8,4.96E-05,0.000302834,Potri.002G026800
Potri.003G189200,33.51958175,8,4.96E-05,0.000303094,Potri.003G189200
Potri.015G090600,33.48752962,8,5.03E-05,0.000307097,Potri.015G090600
Potri.010G189500,33.48498097,8,5.03E-05,0.000307356,Potri.010G189500
Potri.008G154700,33.46131976,8,5.08E-05,0.00031033,Potri.008G154700
Potri.015G032500,33.45559182,8,5.10E-05,0.000311003,Potri.015G032500
Potri.003G158200,33.45109312,8,5.11E-05,0.000311518,Potri.003G158200
Potri.016G067100,33.44302452,8,5.12E-05,0.000312498,Potri.016G067100
Potri.012G045800,33.42518017,8,5.16E-05,0.000314736,Potri.012G045800
Potri.007G063600,33.42483147,8,5.16E-05,0.000314736,Potri.007G063600
Potri.006G073100,33.39624204,8,5.22E-05,0.000318431,Potri.006G073100
Potri.017G014800,33.3944141,8,5.23E-05,0.000318605,Potri.017G014800
Potri.016G103500,33.39190126,8,5.23E-05,0.000318869,Potri.016G103500
Potri.002G056200,33.38458891,8,5.25E-05,0.000319771,Potri.002G056200
Potri.004G018600,33.38308947,8,5.25E-05,0.000319902,Potri.004G018600
Potri.002G121100,33.3799001,8,5.26E-05,0.000320257,Potri.002G121100
Potri.010G185300,33.3721522,8,5.28E-05,0.000321181,Potri.010G185300
Potri.017G100000,33.37193309,8,5.28E-05,0.000321181,Potri.017G100000
Potri.001G438900,33.33848116,8,5.35E-05,0.000325609,Potri.001G438900
Potri.017G081900,33.33340557,8,5.36E-05,0.000326227,Potri.017G081900
Potri.012G021602,33.33025346,8,5.37E-05,0.000326584,Potri.012G021602
Potri.004G217400,33.31215618,8,5.41E-05,0.000328979,Potri.004G217400
Potri.005G239600,33.30833106,8,5.42E-05,0.000329432,Potri.005G239600
Potri.002G077100,33.30455907,8,5.43E-05,0.000329878,Potri.002G077100
Potri.015G063100,33.30114003,8,5.43E-05,0.000330276,Potri.015G063100
Potri.004G042700,33.28369014,8,5.47E-05,0.000332608,Potri.004G042700
Potri.007G008100,33.28086475,8,5.48E-05,0.000332927,Potri.007G008100
Potri.001G002500,33.25818947,8,5.53E-05,0.000336007,Potri.001G002500
Potri.014G153800,33.25604634,8,5.54E-05,0.000336234,Potri.014G153800
Potri.017G086900,33.2470198,8,5.56E-05,0.000337425,Potri.017G086900
Potri.015G025800,33.24183194,8,5.57E-05,0.00033808,Potri.015G025800
Potri.003G068500,33.22910569,8,5.60E-05,0.000339799,Potri.003G068500
Potri.006G219300,33.22778907,8,5.60E-05,0.000339912,Potri.006G219300
Potri.019G018396,33.21619466,8,5.63E-05,0.00034148,Potri.019G018396
Potri.010G226250,33.21415033,8,5.63E-05,0.000341697,Potri.010G226250
Potri.001G101500,33.21345302,8,5.64E-05,0.000341723,Potri.001G101500
Potri.004G045300,33.20030351,8,5.67E-05,0.00034352,Potri.004G045300
Potri.019G001600,33.1952409,8,5.68E-05,0.00034417,Potri.019G001600
Potri.002G226300,33.16881853,8,5.74E-05,0.000347825,Potri.002G226300
Potri.003G145900,33.16876839,8,5.74E-05,0.000347825,Potri.003G145900
Potri.008G133400,33.16690246,8,5.75E-05,0.000348021,Potri.008G133400
Potri.003G182100,33.14885979,8,5.79E-05,0.000350563,Potri.003G182100
Potri.008G002100,33.12605491,8,5.84E-05,0.000353822,Potri.008G002100
Potri.004G013700,33.11869833,8,5.86E-05,0.000354828,Potri.004G013700
Potri.019G091500,33.07710961,8,5.96E-05,0.000360921,Potri.019G091500
Potri.006G065500,33.07665597,8,5.97E-05,0.000360921,Potri.006G065500
Potri.006G114600,33.06463712,8,6.00E-05,0.000362648,Potri.006G114600
Potri.019G070393,33.04464613,8,6.05E-05,0.000365591,Potri.019G070393
Potri.008G081000,32.99782399,8,6.16E-05,0.000372683,Potri.008G081000
Potri.017G114500,32.99521222,8,6.17E-05,0.000373008,Potri.017G114500
Potri.006G175200,32.99194964,8,6.18E-05,0.000373433,Potri.006G175200
Potri.001G246900,32.99107519,8,6.18E-05,0.000373489,Potri.001G246900
Potri.001G457550,32.90755568,8,6.40E-05,0.00038657,Potri.001G457550
Potri.013G108600,32.89058628,8,6.44E-05,0.000389217,Potri.013G108600
Potri.009G146800,32.88993628,8,6.45E-05,0.000389239,Potri.009G146800
Potri.014G138700,32.85457214,8,6.54E-05,0.000394903,Potri.014G138700
Potri.004G093250,32.8252459,8,6.62E-05,0.000399647,Potri.004G093250
Potri.009G089200,32.81346524,8,6.65E-05,0.000401517,Potri.009G089200
Potri.006G247300,32.80753051,8,6.67E-05,0.00040242,Potri.006G247300
Potri.001G193700,32.80047648,8,6.69E-05,0.000403512,Potri.001G193700
Potri.006G129500,32.79928657,8,6.69E-05,0.000403625,Potri.006G129500
Potri.005G178000,32.78175388,8,6.74E-05,0.000406481,Potri.005G178000
Potri.018G103600,32.77546223,8,6.76E-05,0.000407455,Potri.018G103600
Potri.011G072566,32.75862524,8,6.81E-05,0.00041022,Potri.011G072566
Potri.003G030800,32.75282999,8,6.82E-05,0.000411119,Potri.003G030800
Potri.017G120301,32.70149378,8,6.97E-05,0.000419865,Potri.017G120301
Potri.004G163400,32.65556772,8,7.10E-05,0.000427769,Potri.004G163400
Potri.010G245400,32.65542544,8,7.10E-05,0.000427769,Potri.010G245400
Potri.006G128600,32.64607431,8,7.13E-05,0.000429337,Potri.006G128600
Potri.004G188700,32.64330526,8,7.14E-05,0.000429738,Potri.004G188700
Potri.012G071400,32.63879844,8,7.15E-05,0.000430449,Potri.012G071400
Potri.016G004900,32.63417031,8,7.17E-05,0.000431183,Potri.016G004900
Potri.010G198600,32.63352274,8,7.17E-05,0.000431207,Potri.010G198600
Potri.001G390500,32.62315974,8,7.20E-05,0.000432969,Potri.001G390500
Potri.005G146600,32.6185105,8,7.21E-05,0.000433662,Potri.005G146600
Potri.010G093900,32.61826844,8,7.21E-05,0.000433662,Potri.010G093900
Potri.003G216200,32.60765525,8,7.25E-05,0.000435479,Potri.003G216200
Potri.003G046600,32.60481601,8,7.25E-05,0.000435898,Potri.003G046600
Potri.009G166100,32.57710885,8,7.34E-05,0.000440832,Potri.009G166100
Potri.016G046350,32.56339046,8,7.38E-05,0.000443247,Potri.016G046350
Potri.004G173500,32.55731595,8,7.40E-05,0.000444269,Potri.004G173500
Potri.015G064300,32.50168966,8,7.57E-05,0.000454515,Potri.015G064300
Potri.017G059800,32.49304165,8,7.60E-05,0.000456047,Potri.017G059800
Potri.015G131800,32.48594831,8,7.62E-05,0.00045729,Potri.015G131800
Potri.005G230200,32.47125189,8,7.67E-05,0.000459981,Potri.005G230200
Potri.010G247100,32.46784099,8,7.68E-05,0.000460532,Potri.010G247100
Potri.002G176200,32.43128729,8,7.79E-05,0.000467447,Potri.002G176200
Potri.007G047400,32.41692423,8,7.84E-05,0.000470132,Potri.007G047400
Potri.012G104500,32.41475953,8,7.85E-05,0.000470453,Potri.012G104500
Potri.005G171000,32.39996963,8,7.90E-05,0.000473238,Potri.005G171000
Potri.002G147300,32.37975215,8,7.96E-05,0.000477109,Potri.002G147300
Potri.005G003600,32.33741705,8,8.10E-05,0.000485428,Potri.005G003600
Potri.005G211400,32.31963436,8,8.16E-05,0.000488904,Potri.005G211400
Potri.016G128900,32.31115403,8,8.19E-05,0.000490517,Potri.016G128900
Potri.002G100900,32.2659344,8,8.35E-05,0.000499661,Potri.002G100900
Potri.019G035500,32.25523242,8,8.38E-05,0.000501768,Potri.019G035500
Potri.012G096300,32.2419547,8,8.43E-05,0.000504421,Potri.012G096300
Potri.006G234000,32.1962795,8,8.59E-05,0.000513916,Potri.006G234000
Potri.019G014320,32.18264137,8,8.64E-05,0.000516709,Potri.019G014320
Potri.001G306100,32.16866824,8,8.69E-05,0.000519589,Potri.001G306100
Potri.016G023100,32.14800384,8,8.76E-05,0.000523929,Potri.016G023100
Potri.003G187300,32.12316624,8,8.85E-05,0.000529216,Potri.003G187300
Potri.006G218400,32.11278068,8,8.89E-05,0.000531352,Potri.006G218400
Potri.012G097700,32.11238354,8,8.89E-05,0.000531352,Potri.012G097700
Potri.002G257200,32.10375315,8,8.92E-05,0.000533135,Potri.002G257200
Potri.001G386700,32.09586466,8,8.95E-05,0.00053476,Potri.001G386700
Potri.014G153500,32.07892278,8,9.02E-05,0.000538398,Potri.014G153500
Potri.014G153200,32.06598304,8,9.06E-05,0.000541166,Potri.014G153200
Potri.010G167100,32.05209902,8,9.12E-05,0.000544159,Potri.010G167100
Potri.014G058800,32.04283002,8,9.15E-05,0.000546129,Potri.014G058800
Potri.008G106800,32.0398332,8,9.16E-05,0.000546689,Potri.008G106800
Potri.002G071000,32.03350093,8,9.19E-05,0.000548003,Potri.002G071000
Potri.017G142300,32.03068898,8,9.20E-05,0.000548524,Potri.017G142300
Potri.009G065000,32.02749439,8,9.21E-05,0.000549131,Potri.009G065000
Potri.001G197200,32.02460418,8,9.22E-05,0.00054967,Potri.001G197200
Potri.004G155100,32.02152048,8,9.23E-05,0.000550254,Potri.004G155100
Potri.003G091400,32.0123108,8,9.27E-05,0.000552231,Potri.003G091400
Potri.001G403900,32.00879735,8,9.28E-05,0.000552916,Potri.001G403900
Potri.011G052400,31.99365213,8,9.34E-05,0.000556263,Potri.011G052400
Potri.008G162000,31.97613075,8,9.41E-05,0.000560179,Potri.008G162000
Potri.015G110400,31.97123192,8,9.43E-05,0.000561193,Potri.015G110400
Potri.001G264900,31.96660101,8,9.44E-05,0.000562147,Potri.001G264900
Potri.005G101400,31.96372945,8,9.45E-05,0.000562695,Potri.005G101400
Potri.002G024900,31.95083004,8,9.50E-05,0.000565576,Potri.002G024900
Potri.013G151300,31.93334712,8,9.57E-05,0.000569548,Potri.013G151300
Potri.016G105500,31.92738401,8,9.60E-05,0.000570829,Potri.016G105500
Potri.002G061400,31.91199388,8,9.66E-05,0.000574341,Potri.002G061400
Potri.014G164400,31.90637974,8,9.68E-05,0.000575551,Potri.014G164400
Potri.014G055900,31.88981711,8,9.75E-05,0.000579371,Potri.014G055900
Potri.013G109201,31.8620709,8,9.86E-05,0.000585911,Potri.013G109201
Potri.009G148200,31.85744965,8,9.88E-05,0.000586904,Potri.009G148200
Potri.018G032100,31.84512724,8,9.93E-05,0.000589768,Potri.018G032100
Potri.003G158100,31.8391226,8,9.95E-05,0.000591104,Potri.003G158100
Potri.008G113600,31.83061865,8,9.99E-05,0.000593054,Potri.008G113600
Potri.007G017100,31.83002001,8,9.99E-05,0.000593076,Potri.007G017100
Potri.001G128200,31.82260207,8,0.000100207,0.000594766,Potri.001G128200
Potri.006G214200,31.81848219,8,0.000100377,0.000595652,Potri.006G214200
Potri.001G384600,31.81107961,8,0.000100684,0.000597345,Potri.001G384600
Potri.018G099301,31.78581298,8,0.000101737,0.000603468,Potri.018G099301
Potri.013G104200,31.78014006,8,0.000101975,0.000604753,Potri.013G104200
Potri.019G107000,31.77955805,8,0.000102,0.000604771,Potri.019G107000
Potri.015G103300,31.763531,8,0.000102675,0.000608648,Potri.015G103300
Potri.016G096700,31.75337106,8,0.000103106,0.000611072,Potri.016G096700
Potri.008G133300,31.74973224,8,0.00010326,0.00061186,Potri.008G133300
Potri.001G368500,31.72969484,8,0.000104116,0.000616799,Potri.001G368500
Potri.008G080500,31.70685259,8,0.000105099,0.000622497,Potri.008G080500
Potri.006G117800,31.70493973,8,0.000105182,0.000622857,Potri.006G117800
Potri.005G086700,31.67154187,8,0.000106638,0.000631346,Potri.005G086700
Potri.001G053400,31.65839805,8,0.000107216,0.000634569,Potri.001G053400
Potri.013G037700,31.65815144,8,0.000107227,0.000634569,Potri.013G037700
Potri.015G089000,31.65208875,8,0.000107495,0.000636021,Potri.015G089000
Potri.002G129166,31.63087011,8,0.000108438,0.000641464,Potri.002G129166
Potri.014G135560,31.6207065,8,0.000108892,0.000644018,Potri.014G135560
Potri.018G150400,31.61608528,8,0.0001091,0.000645108,Potri.018G150400
Potri.002G194000,31.61340745,8,0.00010922,0.000645684,Potri.002G194000
Potri.015G000701,31.61031334,8,0.000109359,0.000646372,Potri.015G000701
Potri.003G222400,31.60681674,8,0.000109516,0.000647167,Potri.003G222400
Potri.014G097600,31.5925536,8,0.000110161,0.000650839,Potri.014G097600
Potri.002G130300,31.58385779,8,0.000110556,0.000653035,Potri.002G130300
Potri.006G181700,31.57524336,8,0.000110948,0.000655216,Potri.006G181700
Potri.003G088350,31.52840182,8,0.000113106,0.000667821,Potri.003G088350
Potri.015G117600,31.51538731,8,0.000113713,0.000671264,Potri.015G117600
Potri.007G009800,31.51058939,8,0.000113937,0.000672449,Potri.007G009800
Potri.013G011800,31.50389192,8,0.000114252,0.000674163,Potri.013G011800
Potri.003G079400,31.43858618,8,0.00011736,0.00069236,Potri.003G079400
Potri.006G257700,31.43384497,8,0.000117589,0.000693566,Potri.006G257700
Potri.001G420400,31.43293831,8,0.000117633,0.00069368,Potri.001G420400
Potri.015G113000,31.41616884,8,0.000118446,0.000698331,Potri.015G113000
Potri.007G002700,31.41490289,8,0.000118508,0.000698549,Potri.007G002700
Potri.017G044600,31.41224551,8,0.000118637,0.000699166,Potri.017G044600
Potri.010G164700,31.39229633,8,0.000119614,0.000704773,Potri.010G164700
Potri.019G014392,31.39084877,8,0.000119685,0.000705046,Potri.019G014392
Potri.004G142300,31.38168065,8,0.000120136,0.000707559,Potri.004G142300
Potri.011G059700,31.37938475,8,0.00012025,0.000708079,Potri.011G059700
Potri.004G034000,31.34141403,8,0.00012214,0.000719059,Potri.004G034000
Potri.006G059300,31.33619368,8,0.000122402,0.000720453,Potri.006G059300
Potri.002G013500,31.31876261,8,0.000123281,0.000725477,Potri.002G013500
Potri.019G014338,31.31708042,8,0.000123367,0.000725828,Potri.019G014338
Potri.014G082900,31.3067526,8,0.000123891,0.000728629,Potri.014G082900
Potri.007G002800,31.30668787,8,0.000123894,0.000728629,Potri.007G002800
Potri.019G071050,31.3060521,8,0.000123927,0.000728667,Potri.019G071050
Potri.006G135100,31.28343404,8,0.000125083,0.000735313,Potri.006G135100
Potri.003G194300,31.27872634,8,0.000125325,0.000736582,Potri.003G194300
Potri.001G061100,31.25738455,8,0.000126427,0.000742909,Potri.001G061100
Potri.005G085600,31.24897874,8,0.000126864,0.000745322,Potri.005G085600
Potri.005G112750,31.24437669,8,0.000127104,0.000746576,Potri.005G112750
Potri.001G003500,31.21363834,8,0.000128718,0.000755897,Potri.001G003500
Potri.018G071200,31.21259646,8,0.000128773,0.000756063,Potri.018G071200
Potri.004G120300,31.20663201,8,0.000129089,0.000757759,Potri.004G120300
Potri.005G040400,31.2038903,8,0.000129234,0.000758454,Potri.005G040400
Potri.010G107400,31.20236621,8,0.000129315,0.000758771,Potri.010G107400
Potri.018G098400,31.1960355,8,0.000129651,0.000760587,Potri.018G098400
Potri.014G029800,31.1934522,8,0.000129789,0.000761236,Potri.014G029800
Potri.006G123300,31.1856203,8,0.000130206,0.000763377,Potri.006G123300
Potri.012G071700,31.18545116,8,0.000130215,0.000763377,Potri.012G071700
Potri.001G036100,31.18509126,8,0.000130235,0.000763377,Potri.001G036100
Potri.008G114300,31.17744994,8,0.000130643,0.000765615,Potri.008G114300
Potri.010G156900,31.17614571,8,0.000130713,0.000765866,Potri.010G156900
Potri.003G052500,31.16999472,8,0.000131044,0.000767642,Potri.003G052500
Potri.004G144100,31.16553777,8,0.000131283,0.000768888,Potri.004G144100
Potri.001G319000,31.14120362,8,0.0001326,0.00077644,Potri.001G319000
Potri.019G018800,31.1367299,8,0.000132844,0.000777705,Potri.019G018800
Potri.008G206000,31.12836535,8,0.000133301,0.000780217,Potri.008G206000
Potri.001G163600,31.11234784,8,0.000134179,0.000785196,Potri.001G163600
Potri.001G044700,31.08862581,8,0.000135491,0.000792707,Potri.001G044700
Potri.001G100900,31.07317113,8,0.000136352,0.000797581,Potri.001G100900
Potri.003G134300,31.06995769,8,0.000136532,0.000798468,Potri.003G134300
Potri.008G047200,31.03823905,8,0.000138319,0.00080875,Potri.008G047200
Potri.006G276300,31.02597638,8,0.000139016,0.000812658,Potri.006G276300
Potri.014G096100,30.99924926,8,0.000140547,0.000821438,Potri.014G096100
Potri.005G196100,30.97566285,8,0.000141912,0.000829244,Potri.005G196100
Potri.008G081200,30.96981629,8,0.000142252,0.000831061,Potri.008G081200
Potri.017G068100,30.9652819,8,0.000142516,0.000832435,Potri.017G068100
Potri.012G113400,30.95985389,8,0.000142834,0.000834116,Potri.012G113400
Potri.016G015100,30.95833565,8,0.000142923,0.000834462,Potri.016G015100
Potri.010G255200,30.95729201,8,0.000142984,0.000834647,Potri.010G255200
Potri.002G187200,30.9517067,8,0.000143311,0.000836386,Potri.002G187200
Potri.001G027232,30.94550969,8,0.000143675,0.000838339,Potri.001G027232
Potri.008G214900,30.92119465,8,0.000145114,0.000846418,Potri.008G214900
Potri.018G131800,30.92108822,8,0.00014512,0.000846418,Potri.018G131800
Potri.014G037000,30.91788204,8,0.000145311,0.000847356,Potri.014G037000
Potri.014G027200,30.87902498,8,0.000147641,0.00086077,Potri.014G027200
Potri.004G090732,30.87406141,8,0.000147942,0.000862343,Potri.004G090732
Potri.002G091900,30.85594877,8,0.000149043,0.000868583,Potri.002G091900
Potri.002G152801,30.84599235,8,0.000149652,0.000871951,Potri.002G152801
Potri.008G059900,30.84129941,8,0.000149939,0.000873448,Potri.008G059900
Potri.018G114300,30.83854122,8,0.000150109,0.000874254,Potri.018G114300
Potri.008G069600,30.82696509,8,0.000150822,0.000878226,Potri.008G069600
Potri.006G084800,30.82034267,8,0.000151231,0.000880428,Potri.006G084800
Potri.006G202300,30.81761354,8,0.0001514,0.000881231,Potri.006G202300
Potri.015G060000,30.8165072,8,0.000151469,0.000881449,Potri.015G060000
Potri.002G105800,30.81464593,8,0.000151584,0.000881939,Potri.002G105800
Potri.014G089600,30.74308346,8,0.000156089,0.00090796,Potri.014G089600
Potri.003G135200,30.73725394,8,0.000156461,0.000909941,Potri.003G135200
Potri.T012700,30.73642302,8,0.000156515,0.000910063,Potri.T012700
Potri.014G079700,30.71617811,8,0.000157816,0.000917442,Potri.014G079700
Potri.012G131800,30.714237,8,0.000157941,0.000917982,Potri.012G131800
Potri.005G127900,30.71240949,8,0.00015806,0.000918479,Potri.005G127900
Potri.010G194300,30.70186794,8,0.000158742,0.000922258,Potri.010G194300
Potri.013G115500,30.69460761,8,0.000159215,0.000924811,Potri.013G115500
Potri.013G010400,30.67913653,8,0.000160225,0.000930425,Potri.013G010400
Potri.001G002000,30.67831431,8,0.000160279,0.000930425,Potri.001G002000
Potri.005G113900,30.67830157,8,0.00016028,0.000930425,Potri.005G113900
Potri.011G108800,30.67705257,8,0.000160362,0.000930709,Potri.011G108800
Potri.004G043500,30.67229378,8,0.000160674,0.000932331,Potri.004G043500
Potri.005G249200,30.63833803,8,0.00016292,0.000945171,Potri.005G249200
Potri.018G091500,30.63612616,8,0.000163068,0.000945832,Potri.018G091500
Potri.001G333100,30.63420689,8,0.000163196,0.00094638,Potri.001G333100
Potri.010G163100,30.62813014,8,0.000163601,0.000948539,Potri.010G163100
Potri.003G058400,30.60905587,8,0.000164882,0.000955768,Potri.003G058400
Potri.010G087700,30.60296759,8,0.000165293,0.000957953,Potri.010G087700
Potri.013G093700,30.56135763,8,0.000168127,0.000974182,Potri.013G093700
Potri.011G124100,30.54127936,8,0.000169512,0.000982005,Potri.011G124100
Potri.018G138900,30.53925362,8,0.000169653,0.000982616,Potri.018G138900
Potri.008G014400,30.52439576,8,0.000170686,0.000988396,Potri.008G014400